ISO-10303-21;
HEADER;
FILE_DESCRIPTION(('FreeCAD Model'),'2;1');
FILE_NAME('Open CASCADE Shape Model','2026-07-14T14:35:34',(''),(''),
  'Open CASCADE STEP processor 7.8','FreeCAD','Unknown');
FILE_SCHEMA(('AUTOMOTIVE_DESIGN { 1 0 10303 214 1 1 1 1 }'));
ENDSEC;
DATA;
#1 = APPLICATION_PROTOCOL_DEFINITION('international standard',
  'automotive_design',2000,#2);
#2 = APPLICATION_CONTEXT(
  'core data for automotive mechanical design processes');
#3 = SHAPE_DEFINITION_REPRESENTATION(#4,#10);
#4 = PRODUCT_DEFINITION_SHAPE('','',#5);
#5 = PRODUCT_DEFINITION('design','',#6,#9);
#6 = PRODUCT_DEFINITION_FORMATION('','',#7);
#7 = PRODUCT('InvoluteGear','InvoluteGear','',(#8));
#8 = PRODUCT_CONTEXT('',#2,'mechanical');
#9 = PRODUCT_DEFINITION_CONTEXT('part definition',#2,'design');
#10 = ADVANCED_BREP_SHAPE_REPRESENTATION('',(#11,#15),#12517);
#11 = AXIS2_PLACEMENT_3D('',#12,#13,#14);
#12 = CARTESIAN_POINT('',(0.,0.,0.));
#13 = DIRECTION('',(0.,0.,1.));
#14 = DIRECTION('',(1.,0.,-0.));
#15 = MANIFOLD_SOLID_BREP('',#16);
#16 = CLOSED_SHELL('',(#17,#57,#147,#178,#209,#240,#330,#360,#450,#480,
    #510,#540,#630,#660,#750,#780,#810,#840,#930,#960,#1050,#1080,#1110,
    #1140,#1230,#1260,#1350,#1380,#1410,#1440,#1530,#1560,#1650,#1680,
    #1710,#1740,#1830,#1860,#1950,#1980,#2010,#2040,#2130,#2160,#2250,
    #2280,#2310,#2340,#2430,#2460,#2550,#2580,#2610,#2640,#2730,#2760,
    #2850,#2880,#2910,#2940,#3030,#3060,#3150,#3180,#3210,#3240,#3330,
    #3360,#3450,#3480,#3510,#3540,#3630,#3660,#3750,#3780,#3810,#3840,
    #3930,#3960,#4050,#4080,#4110,#4140,#4230,#4260,#4350,#4380,#4410,
    #4440,#4530,#4560,#4650,#4680,#4710,#4740,#4830,#4860,#4950,#4980,
    #5010,#5040,#5130,#5160,#5250,#5280,#5310,#5340,#5430,#5460,#5550,
    #5580,#5610,#5640,#5730,#5760,#5850,#5880,#5910,#5940,#6030,#6060,
    #6150,#6180,#6210,#6240,#6330,#6360,#6450,#6480,#6510,#6540,#6630,
    #6660,#6750,#6780,#6810,#6840,#6930,#6960,#7050,#7080,#7110,#7140,
    #7230,#7260,#7350,#7380,#7410,#7440,#7530,#7560,#7650,#7680,#7710,
    #7740,#7830,#7860,#7950,#7980,#8010,#8040,#8130,#8160,#8250,#8280,
    #8310,#8340,#8430,#8460,#8550,#8580,#8610,#8640,#8730,#8760,#8850,
    #8880,#8910,#8940,#9030,#9060,#9150,#9180,#9210,#9240,#9330,#9360,
    #9450,#9480,#9510,#9540,#9630,#9660,#9750,#9780,#9810,#9840,#9930,
    #9960,#10050,#10080,#10110,#10140,#10230,#10260,#10350,#10380,#10410
    ,#10440,#10530,#10560,#10650,#10680,#10710,#10740,#10830,#10860,
    #10950,#10980,#11010,#11040,#11130,#11160,#11250,#11280,#11310,
    #11340,#11430,#11460,#11550,#11580,#11610,#11640,#11730,#11760,
    #11850,#11880,#11910,#11940,#12021,#12269));
#17 = ADVANCED_FACE('',(#18),#52,.F.);
#18 = FACE_BOUND('',#19,.F.);
#19 = EDGE_LOOP('',(#20,#30,#38,#46));
#20 = ORIENTED_EDGE('',*,*,#21,.T.);
#21 = EDGE_CURVE('',#22,#24,#26,.T.);
#22 = VERTEX_POINT('',#23);
#23 = CARTESIAN_POINT('',(20.997441147728,-0.327818925184,0.));
#24 = VERTEX_POINT('',#25);
#25 = CARTESIAN_POINT('',(20.997441147728,-0.327818925184,10.));
#26 = LINE('',#27,#28);
#27 = CARTESIAN_POINT('',(20.997441147728,-0.327818925184,0.));
#28 = VECTOR('',#29,1.);
#29 = DIRECTION('',(0.,0.,1.));
#30 = ORIENTED_EDGE('',*,*,#31,.T.);
#31 = EDGE_CURVE('',#24,#32,#34,.T.);
#32 = VERTEX_POINT('',#33);
#33 = CARTESIAN_POINT('',(20.997441147728,0.327818925184,10.));
#34 = LINE('',#35,#36);
#35 = CARTESIAN_POINT('',(20.997441147728,-0.327818925184,10.));
#36 = VECTOR('',#37,1.);
#37 = DIRECTION('',(0.,1.,0.));
#38 = ORIENTED_EDGE('',*,*,#39,.F.);
#39 = EDGE_CURVE('',#40,#32,#42,.T.);
#40 = VERTEX_POINT('',#41);
#41 = CARTESIAN_POINT('',(20.997441147728,0.327818925184,0.));
#42 = LINE('',#43,#44);
#43 = CARTESIAN_POINT('',(20.997441147728,0.327818925184,0.));
#44 = VECTOR('',#45,1.);
#45 = DIRECTION('',(0.,0.,1.));
#46 = ORIENTED_EDGE('',*,*,#47,.F.);
#47 = EDGE_CURVE('',#22,#40,#48,.T.);
#48 = LINE('',#49,#50);
#49 = CARTESIAN_POINT('',(20.997441147728,-0.327818925184,0.));
#50 = VECTOR('',#51,1.);
#51 = DIRECTION('',(0.,1.,0.));
#52 = PLANE('',#53);
#53 = AXIS2_PLACEMENT_3D('',#54,#55,#56);
#54 = CARTESIAN_POINT('',(20.997441147728,-0.327818925184,0.));
#55 = DIRECTION('',(-1.,0.,0.));
#56 = DIRECTION('',(0.,1.,0.));
#57 = ADVANCED_FACE('',(#58),#121,.F.);
#58 = FACE_BOUND('',#59,.F.);
#59 = EDGE_LOOP('',(#60,#61,#88,#96));
#60 = ORIENTED_EDGE('',*,*,#39,.T.);
#61 = ORIENTED_EDGE('',*,*,#62,.T.);
#62 = EDGE_CURVE('',#32,#63,#65,.T.);
#63 = VERTEX_POINT('',#64);
#64 = CARTESIAN_POINT('',(18.768766021311,0.970726872546,10.));
#65 = B_SPLINE_CURVE_WITH_KNOTS('',3,(#66,#67,#68,#69,#70,#71,#72,#73,
    #74,#75,#76,#77,#78,#79,#80,#81,#82,#83,#84,#85,#86,#87),
  .UNSPECIFIED.,.F.,.F.,(4,1,1,1,1,1,1,1,1,1,1,1,1,1,1,1,1,1,1,4),(0.,
    0.239379417168,0.465819406568,0.67931996821,0.879881102108,
    1.067502808279,1.242185086743,1.403927937526,1.55273136066,
    1.688595356185,1.811519924156,1.921505064645,2.018550777754,
    2.102657063634,2.173823922514,2.232051354779,2.277339361144,
    2.309687943179,2.329097105599,2.335566881401),.UNSPECIFIED.);
#66 = CARTESIAN_POINT('',(20.997441147728,0.327818925184,10.));
#67 = CARTESIAN_POINT('',(20.925481800136,0.36229727391,10.));
#68 = CARTESIAN_POINT('',(20.784594589415,0.427620946614,10.));
#69 = CARTESIAN_POINT('',(20.576708247841,0.517451387598,10.));
#70 = CARTESIAN_POINT('',(20.378547991695,0.596984907775,10.));
#71 = CARTESIAN_POINT('',(20.190503159396,0.666792513309,10.));
#72 = CARTESIAN_POINT('',(20.012939213276,0.727463945774,10.));
#73 = CARTESIAN_POINT('',(19.846197684415,0.779599834172,10.));
#74 = CARTESIAN_POINT('',(19.69059569895,0.82381254802,10.));
#75 = CARTESIAN_POINT('',(19.546425641572,0.860724917049,10.));
#76 = CARTESIAN_POINT('',(19.413954822189,0.890969440877,10.));
#77 = CARTESIAN_POINT('',(19.293425175584,0.915187410721,10.));
#78 = CARTESIAN_POINT('',(19.185052997041,0.934027901138,10.));
#79 = CARTESIAN_POINT('',(19.089028682634,0.948147218074,10.));
#80 = CARTESIAN_POINT('',(19.005516578522,0.9582068687,10.));
#81 = CARTESIAN_POINT('',(18.934654622101,0.964875952638,10.));
#82 = CARTESIAN_POINT('',(18.876554712221,0.968820557046,10.));
#83 = CARTESIAN_POINT('',(18.831301169953,0.970729199254,10.));
#84 = CARTESIAN_POINT('',(18.7989543008,0.971243985509,10.));
#85 = CARTESIAN_POINT('',(18.779542259141,0.971109558432,10.));
#86 = CARTESIAN_POINT('',(18.770920938474,0.970815658493,10.));
#87 = CARTESIAN_POINT('',(18.768766021311,0.970726872546,10.));
#88 = ORIENTED_EDGE('',*,*,#89,.F.);
#89 = EDGE_CURVE('',#90,#63,#92,.T.);
#90 = VERTEX_POINT('',#91);
#91 = CARTESIAN_POINT('',(18.768766021311,0.970726872546,0.));
#92 = LINE('',#93,#94);
#93 = CARTESIAN_POINT('',(18.768766021311,0.970726872546,0.));
#94 = VECTOR('',#95,1.);
#95 = DIRECTION('',(0.,0.,1.));
#96 = ORIENTED_EDGE('',*,*,#97,.F.);
#97 = EDGE_CURVE('',#40,#90,#98,.T.);
#98 = B_SPLINE_CURVE_WITH_KNOTS('',3,(#99,#100,#101,#102,#103,#104,#105,
    #106,#107,#108,#109,#110,#111,#112,#113,#114,#115,#116,#117,#118,
    #119,#120),.UNSPECIFIED.,.F.,.F.,(4,1,1,1,1,1,1,1,1,1,1,1,1,1,1,1,1,
    1,1,4),(0.,0.239379417168,0.465819406568,0.67931996821,
    0.879881102108,1.067502808279,1.242185086743,1.403927937526,
    1.55273136066,1.688595356185,1.811519924156,1.921505064645,
    2.018550777754,2.102657063634,2.173823922514,2.232051354779,
    2.277339361144,2.309687943179,2.329097105599,2.335566881401),
  .UNSPECIFIED.);
#99 = CARTESIAN_POINT('',(20.997441147728,0.327818925184,0.));
#100 = CARTESIAN_POINT('',(20.925481800136,0.36229727391,0.));
#101 = CARTESIAN_POINT('',(20.784594589415,0.427620946614,0.));
#102 = CARTESIAN_POINT('',(20.576708247841,0.517451387598,0.));
#103 = CARTESIAN_POINT('',(20.378547991695,0.596984907775,0.));
#104 = CARTESIAN_POINT('',(20.190503159396,0.666792513309,0.));
#105 = CARTESIAN_POINT('',(20.012939213276,0.727463945774,0.));
#106 = CARTESIAN_POINT('',(19.846197684415,0.779599834172,0.));
#107 = CARTESIAN_POINT('',(19.69059569895,0.82381254802,0.));
#108 = CARTESIAN_POINT('',(19.546425641572,0.860724917049,0.));
#109 = CARTESIAN_POINT('',(19.413954822189,0.890969440877,0.));
#110 = CARTESIAN_POINT('',(19.293425175584,0.915187410721,0.));
#111 = CARTESIAN_POINT('',(19.185052997041,0.934027901138,0.));
#112 = CARTESIAN_POINT('',(19.089028682634,0.948147218074,0.));
#113 = CARTESIAN_POINT('',(19.005516578522,0.9582068687,0.));
#114 = CARTESIAN_POINT('',(18.934654622101,0.964875952638,0.));
#115 = CARTESIAN_POINT('',(18.876554712221,0.968820557046,0.));
#116 = CARTESIAN_POINT('',(18.831301169953,0.970729199254,0.));
#117 = CARTESIAN_POINT('',(18.7989543008,0.971243985509,0.));
#118 = CARTESIAN_POINT('',(18.779542259141,0.971109558432,0.));
#119 = CARTESIAN_POINT('',(18.770920938474,0.970815658493,-0.));
#120 = CARTESIAN_POINT('',(18.768766021311,0.970726872546,0.));
#121 = SURFACE_OF_LINEAR_EXTRUSION('',#122,#145);
#122 = B_SPLINE_CURVE_WITH_KNOTS('',3,(#123,#124,#125,#126,#127,#128,
    #129,#130,#131,#132,#133,#134,#135,#136,#137,#138,#139,#140,#141,
    #142,#143,#144),.UNSPECIFIED.,.F.,.F.,(4,1,1,1,1,1,1,1,1,1,1,1,1,1,1
    ,1,1,1,1,4),(0.,0.239379417168,0.465819406568,0.67931996821,
    0.879881102108,1.067502808279,1.242185086743,1.403927937526,
    1.55273136066,1.688595356185,1.811519924156,1.921505064645,
    2.018550777754,2.102657063634,2.173823922514,2.232051354779,
    2.277339361144,2.309687943179,2.329097105599,2.335566881401),
  .UNSPECIFIED.);
#123 = CARTESIAN_POINT('',(20.997441147728,0.327818925184,0.));
#124 = CARTESIAN_POINT('',(20.925481800136,0.36229727391,0.));
#125 = CARTESIAN_POINT('',(20.784594589415,0.427620946614,0.));
#126 = CARTESIAN_POINT('',(20.576708247841,0.517451387598,0.));
#127 = CARTESIAN_POINT('',(20.378547991695,0.596984907775,0.));
#128 = CARTESIAN_POINT('',(20.190503159396,0.666792513309,0.));
#129 = CARTESIAN_POINT('',(20.012939213276,0.727463945774,0.));
#130 = CARTESIAN_POINT('',(19.846197684415,0.779599834172,0.));
#131 = CARTESIAN_POINT('',(19.69059569895,0.82381254802,0.));
#132 = CARTESIAN_POINT('',(19.546425641572,0.860724917049,0.));
#133 = CARTESIAN_POINT('',(19.413954822189,0.890969440877,0.));
#134 = CARTESIAN_POINT('',(19.293425175584,0.915187410721,0.));
#135 = CARTESIAN_POINT('',(19.185052997041,0.934027901138,0.));
#136 = CARTESIAN_POINT('',(19.089028682634,0.948147218074,0.));
#137 = CARTESIAN_POINT('',(19.005516578522,0.9582068687,0.));
#138 = CARTESIAN_POINT('',(18.934654622101,0.964875952638,0.));
#139 = CARTESIAN_POINT('',(18.876554712221,0.968820557046,0.));
#140 = CARTESIAN_POINT('',(18.831301169953,0.970729199254,0.));
#141 = CARTESIAN_POINT('',(18.7989543008,0.971243985509,0.));
#142 = CARTESIAN_POINT('',(18.779542259141,0.971109558432,0.));
#143 = CARTESIAN_POINT('',(18.770920938474,0.970815658493,-0.));
#144 = CARTESIAN_POINT('',(18.768766021311,0.970726872546,0.));
#145 = VECTOR('',#146,1.);
#146 = DIRECTION('',(-0.,-0.,-1.));
#147 = ADVANCED_FACE('',(#148),#173,.F.);
#148 = FACE_BOUND('',#149,.F.);
#149 = EDGE_LOOP('',(#150,#151,#159,#167));
#150 = ORIENTED_EDGE('',*,*,#89,.T.);
#151 = ORIENTED_EDGE('',*,*,#152,.T.);
#152 = EDGE_CURVE('',#63,#153,#155,.T.);
#153 = VERTEX_POINT('',#154);
#154 = CARTESIAN_POINT('',(18.724972140638,0.968461838352,10.));
#155 = LINE('',#156,#157);
#156 = CARTESIAN_POINT('',(18.768766021311,0.970726872546,10.));
#157 = VECTOR('',#158,1.);
#158 = DIRECTION('',(-0.998665180834,-5.165129804542E-02,0.));
#159 = ORIENTED_EDGE('',*,*,#160,.F.);
#160 = EDGE_CURVE('',#161,#153,#163,.T.);
#161 = VERTEX_POINT('',#162);
#162 = CARTESIAN_POINT('',(18.724972140638,0.968461838352,0.));
#163 = LINE('',#164,#165);
#164 = CARTESIAN_POINT('',(18.724972140638,0.968461838352,0.));
#165 = VECTOR('',#166,1.);
#166 = DIRECTION('',(0.,0.,1.));
#167 = ORIENTED_EDGE('',*,*,#168,.F.);
#168 = EDGE_CURVE('',#90,#161,#169,.T.);
#169 = LINE('',#170,#171);
#170 = CARTESIAN_POINT('',(18.768766021311,0.970726872546,0.));
#171 = VECTOR('',#172,1.);
#172 = DIRECTION('',(-0.998665180834,-5.165129804542E-02,0.));
#173 = PLANE('',#174);
#174 = AXIS2_PLACEMENT_3D('',#175,#176,#177);
#175 = CARTESIAN_POINT('',(18.768766021311,0.970726872546,0.));
#176 = DIRECTION('',(5.165129804542E-02,-0.998665180834,0.));
#177 = DIRECTION('',(-0.998665180834,-5.165129804542E-02,0.));
#178 = ADVANCED_FACE('',(#179),#204,.F.);
#179 = FACE_BOUND('',#180,.F.);
#180 = EDGE_LOOP('',(#181,#182,#190,#198));
#181 = ORIENTED_EDGE('',*,*,#160,.T.);
#182 = ORIENTED_EDGE('',*,*,#183,.T.);
#183 = EDGE_CURVE('',#153,#184,#186,.T.);
#184 = VERTEX_POINT('',#185);
#185 = CARTESIAN_POINT('',(18.645937470871,1.972692533663,10.));
#186 = LINE('',#187,#188);
#187 = CARTESIAN_POINT('',(18.724972140638,0.968461838352,10.));
#188 = VECTOR('',#189,1.);
#189 = DIRECTION('',(-7.845909572784E-02,0.996917333733,0.));
#190 = ORIENTED_EDGE('',*,*,#191,.F.);
#191 = EDGE_CURVE('',#192,#184,#194,.T.);
#192 = VERTEX_POINT('',#193);
#193 = CARTESIAN_POINT('',(18.645937470871,1.972692533663,0.));
#194 = LINE('',#195,#196);
#195 = CARTESIAN_POINT('',(18.645937470871,1.972692533663,0.));
#196 = VECTOR('',#197,1.);
#197 = DIRECTION('',(0.,0.,1.));
#198 = ORIENTED_EDGE('',*,*,#199,.F.);
#199 = EDGE_CURVE('',#161,#192,#200,.T.);
#200 = LINE('',#201,#202);
#201 = CARTESIAN_POINT('',(18.724972140638,0.968461838352,0.));
#202 = VECTOR('',#203,1.);
#203 = DIRECTION('',(-7.845909572784E-02,0.996917333733,0.));
#204 = PLANE('',#205);
#205 = AXIS2_PLACEMENT_3D('',#206,#207,#208);
#206 = CARTESIAN_POINT('',(18.724972140638,0.968461838352,0.));
#207 = DIRECTION('',(-0.996917333733,-7.845909572784E-02,0.));
#208 = DIRECTION('',(-7.845909572784E-02,0.996917333733,0.));
#209 = ADVANCED_FACE('',(#210),#235,.F.);
#210 = FACE_BOUND('',#211,.F.);
#211 = EDGE_LOOP('',(#212,#213,#221,#229));
#212 = ORIENTED_EDGE('',*,*,#191,.T.);
#213 = ORIENTED_EDGE('',*,*,#214,.T.);
#214 = EDGE_CURVE('',#184,#215,#217,.T.);
#215 = VERTEX_POINT('',#216);
#216 = CARTESIAN_POINT('',(18.689546505614,1.977306258093,10.));
#217 = LINE('',#218,#219);
#218 = CARTESIAN_POINT('',(18.645937470871,1.972692533663,10.));
#219 = VECTOR('',#220,1.);
#220 = DIRECTION('',(0.994449998446,0.105210268462,0.));
#221 = ORIENTED_EDGE('',*,*,#222,.F.);
#222 = EDGE_CURVE('',#223,#215,#225,.T.);
#223 = VERTEX_POINT('',#224);
#224 = CARTESIAN_POINT('',(18.689546505614,1.977306258093,0.));
#225 = LINE('',#226,#227);
#226 = CARTESIAN_POINT('',(18.689546505614,1.977306258093,0.));
#227 = VECTOR('',#228,1.);
#228 = DIRECTION('',(0.,0.,1.));
#229 = ORIENTED_EDGE('',*,*,#230,.F.);
#230 = EDGE_CURVE('',#192,#223,#231,.T.);
#231 = LINE('',#232,#233);
#232 = CARTESIAN_POINT('',(18.645937470871,1.972692533663,0.));
#233 = VECTOR('',#234,1.);
#234 = DIRECTION('',(0.994449998446,0.105210268462,0.));
#235 = PLANE('',#236);
#236 = AXIS2_PLACEMENT_3D('',#237,#238,#239);
#237 = CARTESIAN_POINT('',(18.645937470871,1.972692533663,0.));
#238 = DIRECTION('',(-0.105210268462,0.994449998446,0.));
#239 = DIRECTION('',(0.994449998446,0.105210268462,0.));
#240 = ADVANCED_FACE('',(#241),#304,.F.);
#241 = FACE_BOUND('',#242,.F.);
#242 = EDGE_LOOP('',(#243,#244,#271,#279));
#243 = ORIENTED_EDGE('',*,*,#222,.T.);
#244 = ORIENTED_EDGE('',*,*,#245,.T.);
#245 = EDGE_CURVE('',#215,#246,#248,.T.);
#246 = VERTEX_POINT('',#247);
#247 = CARTESIAN_POINT('',(20.790209982135,2.960940542928,10.));
#248 = B_SPLINE_CURVE_WITH_KNOTS('',3,(#249,#250,#251,#252,#253,#254,
    #255,#256,#257,#258,#259,#260,#261,#262,#263,#264,#265,#266,#267,
    #268,#269,#270),.UNSPECIFIED.,.F.,.F.,(4,1,1,1,1,1,1,1,1,1,1,1,1,1,1
    ,1,1,1,1,4),(0.,6.469775801205E-03,2.587893822125E-02,
    5.822752025674E-02,0.103515526622,0.161742958887,0.232909817767,
    0.317016103646,0.414061816756,0.524046957245,0.646971525216,
    0.782835520741,0.931638943874,1.093381794658,1.268064073122,
    1.455685779293,1.656246913191,1.869747474833,2.096187464232,
    2.335566881401),.UNSPECIFIED.);
#249 = CARTESIAN_POINT('',(18.689546505614,1.977306258093,10.));
#250 = CARTESIAN_POINT('',(18.691688781352,1.977555668562,10.));
#251 = CARTESIAN_POINT('',(18.700249935336,1.978614058706,10.));
#252 = CARTESIAN_POINT('',(18.719444011577,1.981517999,10.));
#253 = CARTESIAN_POINT('',(18.751312106783,1.987086612555,10.));
#254 = CARTESIAN_POINT('',(18.795709925428,1.996050969886,10.));
#255 = CARTESIAN_POINT('',(18.852477456926,2.009035837989,10.));
#256 = CARTESIAN_POINT('',(18.921423710497,2.026708066681,10.));
#257 = CARTESIAN_POINT('',(19.002333965963,2.049708037646,10.));
#258 = CARTESIAN_POINT('',(19.094967313925,2.078675034616,10.));
#259 = CARTESIAN_POINT('',(19.199057949077,2.114236711108,10.));
#260 = CARTESIAN_POINT('',(19.314315150568,2.157011508344,10.));
#261 = CARTESIAN_POINT('',(19.440423748436,2.207606673659,10.));
#262 = CARTESIAN_POINT('',(19.577044466469,2.266617755974,10.));
#263 = CARTESIAN_POINT('',(19.723814341047,2.334627651303,10.));
#264 = CARTESIAN_POINT('',(19.880347155185,2.412205782267,10.));
#265 = CARTESIAN_POINT('',(20.046233891397,2.499907369641,10.));
#266 = CARTESIAN_POINT('',(20.22104326434,2.598272220457,10.));
#267 = CARTESIAN_POINT('',(20.404322055224,2.707825644685,10.));
#268 = CARTESIAN_POINT('',(20.595596393985,2.829070712508,10.));
#269 = CARTESIAN_POINT('',(20.724530175559,2.915629757843,10.));
#270 = CARTESIAN_POINT('',(20.790209982135,2.960940542928,10.));
#271 = ORIENTED_EDGE('',*,*,#272,.F.);
#272 = EDGE_CURVE('',#273,#246,#275,.T.);
#273 = VERTEX_POINT('',#274);
#274 = CARTESIAN_POINT('',(20.790209982135,2.960940542928,0.));
#275 = LINE('',#276,#277);
#276 = CARTESIAN_POINT('',(20.790209982135,2.960940542928,0.));
#277 = VECTOR('',#278,1.);
#278 = DIRECTION('',(0.,0.,1.));
#279 = ORIENTED_EDGE('',*,*,#280,.F.);
#280 = EDGE_CURVE('',#223,#273,#281,.T.);
#281 = B_SPLINE_CURVE_WITH_KNOTS('',3,(#282,#283,#284,#285,#286,#287,
    #288,#289,#290,#291,#292,#293,#294,#295,#296,#297,#298,#299,#300,
    #301,#302,#303),.UNSPECIFIED.,.F.,.F.,(4,1,1,1,1,1,1,1,1,1,1,1,1,1,1
    ,1,1,1,1,4),(0.,6.469775801205E-03,2.587893822125E-02,
    5.822752025674E-02,0.103515526622,0.161742958887,0.232909817767,
    0.317016103646,0.414061816756,0.524046957245,0.646971525216,
    0.782835520741,0.931638943874,1.093381794658,1.268064073122,
    1.455685779293,1.656246913191,1.869747474833,2.096187464232,
    2.335566881401),.UNSPECIFIED.);
#282 = CARTESIAN_POINT('',(18.689546505614,1.977306258093,0.));
#283 = CARTESIAN_POINT('',(18.691688781352,1.977555668562,0.));
#284 = CARTESIAN_POINT('',(18.700249935336,1.978614058706,0.));
#285 = CARTESIAN_POINT('',(18.719444011577,1.981517999,0.));
#286 = CARTESIAN_POINT('',(18.751312106783,1.987086612555,0.));
#287 = CARTESIAN_POINT('',(18.795709925428,1.996050969886,0.));
#288 = CARTESIAN_POINT('',(18.852477456926,2.009035837989,0.));
#289 = CARTESIAN_POINT('',(18.921423710497,2.026708066681,0.));
#290 = CARTESIAN_POINT('',(19.002333965963,2.049708037646,0.));
#291 = CARTESIAN_POINT('',(19.094967313925,2.078675034616,0.));
#292 = CARTESIAN_POINT('',(19.199057949077,2.114236711108,0.));
#293 = CARTESIAN_POINT('',(19.314315150568,2.157011508344,0.));
#294 = CARTESIAN_POINT('',(19.440423748436,2.207606673659,0.));
#295 = CARTESIAN_POINT('',(19.577044466469,2.266617755974,0.));
#296 = CARTESIAN_POINT('',(19.723814341047,2.334627651303,0.));
#297 = CARTESIAN_POINT('',(19.880347155185,2.412205782267,0.));
#298 = CARTESIAN_POINT('',(20.046233891397,2.499907369641,0.));
#299 = CARTESIAN_POINT('',(20.22104326434,2.598272220457,0.));
#300 = CARTESIAN_POINT('',(20.404322055224,2.707825644685,0.));
#301 = CARTESIAN_POINT('',(20.595596393985,2.829070712508,0.));
#302 = CARTESIAN_POINT('',(20.724530175559,2.915629757843,-0.));
#303 = CARTESIAN_POINT('',(20.790209982135,2.960940542928,0.));
#304 = SURFACE_OF_LINEAR_EXTRUSION('',#305,#328);
#305 = B_SPLINE_CURVE_WITH_KNOTS('',3,(#306,#307,#308,#309,#310,#311,
    #312,#313,#314,#315,#316,#317,#318,#319,#320,#321,#322,#323,#324,
    #325,#326,#327),.UNSPECIFIED.,.F.,.F.,(4,1,1,1,1,1,1,1,1,1,1,1,1,1,1
    ,1,1,1,1,4),(0.,6.469775801205E-03,2.587893822125E-02,
    5.822752025674E-02,0.103515526622,0.161742958887,0.232909817767,
    0.317016103646,0.414061816756,0.524046957245,0.646971525216,
    0.782835520741,0.931638943874,1.093381794658,1.268064073122,
    1.455685779293,1.656246913191,1.869747474833,2.096187464232,
    2.335566881401),.UNSPECIFIED.);
#306 = CARTESIAN_POINT('',(18.689546505614,1.977306258093,0.));
#307 = CARTESIAN_POINT('',(18.691688781352,1.977555668562,0.));
#308 = CARTESIAN_POINT('',(18.700249935336,1.978614058706,0.));
#309 = CARTESIAN_POINT('',(18.719444011577,1.981517999,0.));
#310 = CARTESIAN_POINT('',(18.751312106783,1.987086612555,0.));
#311 = CARTESIAN_POINT('',(18.795709925428,1.996050969886,0.));
#312 = CARTESIAN_POINT('',(18.852477456926,2.009035837989,0.));
#313 = CARTESIAN_POINT('',(18.921423710497,2.026708066681,0.));
#314 = CARTESIAN_POINT('',(19.002333965963,2.049708037646,0.));
#315 = CARTESIAN_POINT('',(19.094967313925,2.078675034616,0.));
#316 = CARTESIAN_POINT('',(19.199057949077,2.114236711108,0.));
#317 = CARTESIAN_POINT('',(19.314315150568,2.157011508344,0.));
#318 = CARTESIAN_POINT('',(19.440423748436,2.207606673659,0.));
#319 = CARTESIAN_POINT('',(19.577044466469,2.266617755974,0.));
#320 = CARTESIAN_POINT('',(19.723814341047,2.334627651303,0.));
#321 = CARTESIAN_POINT('',(19.880347155185,2.412205782267,0.));
#322 = CARTESIAN_POINT('',(20.046233891397,2.499907369641,0.));
#323 = CARTESIAN_POINT('',(20.22104326434,2.598272220457,0.));
#324 = CARTESIAN_POINT('',(20.404322055224,2.707825644685,0.));
#325 = CARTESIAN_POINT('',(20.595596393985,2.829070712508,0.));
#326 = CARTESIAN_POINT('',(20.724530175559,2.915629757843,-0.));
#327 = CARTESIAN_POINT('',(20.790209982135,2.960940542928,0.));
#328 = VECTOR('',#329,1.);
#329 = DIRECTION('',(-0.,-0.,-1.));
#330 = ADVANCED_FACE('',(#331),#354,.F.);
#331 = FACE_BOUND('',#332,.F.);
#332 = EDGE_LOOP('',(#333,#334,#341,#349));
#333 = ORIENTED_EDGE('',*,*,#272,.T.);
#334 = ORIENTED_EDGE('',*,*,#335,.T.);
#335 = EDGE_CURVE('',#246,#336,#338,.T.);
#336 = VERTEX_POINT('',#337);
#337 = CARTESIAN_POINT('',(20.687645625752,3.608506403389,10.));
#338 = B_SPLINE_CURVE_WITH_KNOTS('',1,(#339,#340),.UNSPECIFIED.,.F.,.F.,
  (2,2),(0.,0.655637850368),.PIECEWISE_BEZIER_KNOTS.);
#339 = CARTESIAN_POINT('',(20.790209982135,2.960940542928,10.));
#340 = CARTESIAN_POINT('',(20.687645625752,3.608506403389,10.));
#341 = ORIENTED_EDGE('',*,*,#342,.F.);
#342 = EDGE_CURVE('',#343,#336,#345,.T.);
#343 = VERTEX_POINT('',#344);
#344 = CARTESIAN_POINT('',(20.687645625752,3.608506403389,0.));
#345 = LINE('',#346,#347);
#346 = CARTESIAN_POINT('',(20.687645625752,3.608506403389,0.));
#347 = VECTOR('',#348,1.);
#348 = DIRECTION('',(0.,0.,1.));
#349 = ORIENTED_EDGE('',*,*,#350,.F.);
#350 = EDGE_CURVE('',#273,#343,#351,.T.);
#351 = B_SPLINE_CURVE_WITH_KNOTS('',1,(#352,#353),.UNSPECIFIED.,.F.,.F.,
  (2,2),(0.,0.655637850368),.PIECEWISE_BEZIER_KNOTS.);
#352 = CARTESIAN_POINT('',(20.790209982135,2.960940542928,0.));
#353 = CARTESIAN_POINT('',(20.687645625752,3.608506403389,0.));
#354 = SURFACE_OF_LINEAR_EXTRUSION('',#355,#358);
#355 = B_SPLINE_CURVE_WITH_KNOTS('',1,(#356,#357),.UNSPECIFIED.,.F.,.F.,
  (2,2),(0.,0.655637850368),.PIECEWISE_BEZIER_KNOTS.);
#356 = CARTESIAN_POINT('',(20.790209982135,2.960940542928,0.));
#357 = CARTESIAN_POINT('',(20.687645625752,3.608506403389,0.));
#358 = VECTOR('',#359,1.);
#359 = DIRECTION('',(-0.,-0.,-1.));
#360 = ADVANCED_FACE('',(#361),#424,.F.);
#361 = FACE_BOUND('',#362,.F.);
#362 = EDGE_LOOP('',(#363,#364,#391,#399));
#363 = ORIENTED_EDGE('',*,*,#342,.T.);
#364 = ORIENTED_EDGE('',*,*,#365,.T.);
#365 = EDGE_CURVE('',#336,#366,#368,.T.);
#366 = VERTEX_POINT('',#367);
#367 = CARTESIAN_POINT('',(18.3858362276,3.894857485925,10.));
#368 = B_SPLINE_CURVE_WITH_KNOTS('',3,(#369,#370,#371,#372,#373,#374,
    #375,#376,#377,#378,#379,#380,#381,#382,#383,#384,#385,#386,#387,
    #388,#389,#390),.UNSPECIFIED.,.F.,.F.,(4,1,1,1,1,1,1,1,1,1,1,1,1,1,1
    ,1,1,1,1,4),(0.,0.239379417168,0.465819406568,0.67931996821,
    0.879881102108,1.067502808279,1.242185086743,1.403927937526,
    1.55273136066,1.688595356185,1.811519924156,1.921505064645,
    2.018550777754,2.102657063634,2.173823922514,2.232051354779,
    2.277339361144,2.309687943179,2.329097105599,2.335566881401),
  .UNSPECIFIED.);
#369 = CARTESIAN_POINT('',(20.687645625752,3.608506403389,10.));
#370 = CARTESIAN_POINT('',(20.6111786151,3.631303344384,10.));
#371 = CARTESIAN_POINT('',(20.461807085938,3.673783158838,10.));
#372 = CARTESIAN_POINT('',(20.242427593217,3.729987049395,10.));
#373 = CARTESIAN_POINT('',(20.03426523497,3.777542286298,10.));
#374 = CARTESIAN_POINT('',(19.837615231172,3.817073751625,10.));
#375 = CARTESIAN_POINT('',(19.652746288799,3.849221097156,10.));
#376 = CARTESIAN_POINT('',(19.479901775039,3.874630984386,10.));
#377 = CARTESIAN_POINT('',(19.319299115983,3.893957853004,10.));
#378 = CARTESIAN_POINT('',(19.171129664545,3.907862603717,10.));
#379 = CARTESIAN_POINT('',(19.035558494866,3.917011765505,10.));
#380 = CARTESIAN_POINT('',(18.912724243061,3.922076581165,10.));
#381 = CARTESIAN_POINT('',(18.80273900383,3.923731970105,10.));
#382 = CARTESIAN_POINT('',(18.705688160285,3.922655942565,10.));
#383 = CARTESIAN_POINT('',(18.621630552691,3.919527570868,10.));
#384 = CARTESIAN_POINT('',(18.550597749964,3.915029295071,10.));
#385 = CARTESIAN_POINT('',(18.492596074305,3.909836506532,10.));
#386 = CARTESIAN_POINT('',(18.447601100814,3.904642436512,10.));
#387 = CARTESIAN_POINT('',(18.415571944984,3.900090719722,10.));
#388 = CARTESIAN_POINT('',(18.396419926799,3.896921235313,10.));
#389 = CARTESIAN_POINT('',(18.387950724974,3.895282282084,10.));
#390 = CARTESIAN_POINT('',(18.3858362276,3.894857485925,10.));
#391 = ORIENTED_EDGE('',*,*,#392,.F.);
#392 = EDGE_CURVE('',#393,#366,#395,.T.);
#393 = VERTEX_POINT('',#394);
#394 = CARTESIAN_POINT('',(18.3858362276,3.894857485925,0.));
#395 = LINE('',#396,#397);
#396 = CARTESIAN_POINT('',(18.3858362276,3.894857485925,0.));
#397 = VECTOR('',#398,1.);
#398 = DIRECTION('',(0.,0.,1.));
#399 = ORIENTED_EDGE('',*,*,#400,.F.);
#400 = EDGE_CURVE('',#343,#393,#401,.T.);
#401 = B_SPLINE_CURVE_WITH_KNOTS('',3,(#402,#403,#404,#405,#406,#407,
    #408,#409,#410,#411,#412,#413,#414,#415,#416,#417,#418,#419,#420,
    #421,#422,#423),.UNSPECIFIED.,.F.,.F.,(4,1,1,1,1,1,1,1,1,1,1,1,1,1,1
    ,1,1,1,1,4),(0.,0.239379417168,0.465819406568,0.67931996821,
    0.879881102108,1.067502808279,1.242185086743,1.403927937526,
    1.55273136066,1.688595356185,1.811519924156,1.921505064645,
    2.018550777754,2.102657063634,2.173823922514,2.232051354779,
    2.277339361144,2.309687943179,2.329097105599,2.335566881401),
  .UNSPECIFIED.);
#402 = CARTESIAN_POINT('',(20.687645625752,3.608506403389,0.));
#403 = CARTESIAN_POINT('',(20.6111786151,3.631303344384,0.));
#404 = CARTESIAN_POINT('',(20.461807085938,3.673783158838,0.));
#405 = CARTESIAN_POINT('',(20.242427593217,3.729987049395,0.));
#406 = CARTESIAN_POINT('',(20.03426523497,3.777542286298,0.));
#407 = CARTESIAN_POINT('',(19.837615231172,3.817073751625,0.));
#408 = CARTESIAN_POINT('',(19.652746288799,3.849221097156,0.));
#409 = CARTESIAN_POINT('',(19.479901775039,3.874630984386,0.));
#410 = CARTESIAN_POINT('',(19.319299115983,3.893957853004,0.));
#411 = CARTESIAN_POINT('',(19.171129664545,3.907862603717,0.));
#412 = CARTESIAN_POINT('',(19.035558494866,3.917011765505,0.));
#413 = CARTESIAN_POINT('',(18.912724243061,3.922076581165,0.));
#414 = CARTESIAN_POINT('',(18.80273900383,3.923731970105,0.));
#415 = CARTESIAN_POINT('',(18.705688160285,3.922655942565,0.));
#416 = CARTESIAN_POINT('',(18.621630552691,3.919527570868,0.));
#417 = CARTESIAN_POINT('',(18.550597749964,3.915029295071,0.));
#418 = CARTESIAN_POINT('',(18.492596074305,3.909836506532,0.));
#419 = CARTESIAN_POINT('',(18.447601100814,3.904642436512,0.));
#420 = CARTESIAN_POINT('',(18.415571944984,3.900090719722,0.));
#421 = CARTESIAN_POINT('',(18.396419926799,3.896921235313,0.));
#422 = CARTESIAN_POINT('',(18.387950724974,3.895282282084,0.));
#423 = CARTESIAN_POINT('',(18.3858362276,3.894857485925,0.));
#424 = SURFACE_OF_LINEAR_EXTRUSION('',#425,#448);
#425 = B_SPLINE_CURVE_WITH_KNOTS('',3,(#426,#427,#428,#429,#430,#431,
    #432,#433,#434,#435,#436,#437,#438,#439,#440,#441,#442,#443,#444,
    #445,#446,#447),.UNSPECIFIED.,.F.,.F.,(4,1,1,1,1,1,1,1,1,1,1,1,1,1,1
    ,1,1,1,1,4),(0.,0.239379417168,0.465819406568,0.67931996821,
    0.879881102108,1.067502808279,1.242185086743,1.403927937526,
    1.55273136066,1.688595356185,1.811519924156,1.921505064645,
    2.018550777754,2.102657063634,2.173823922514,2.232051354779,
    2.277339361144,2.309687943179,2.329097105599,2.335566881401),
  .UNSPECIFIED.);
#426 = CARTESIAN_POINT('',(20.687645625752,3.608506403389,0.));
#427 = CARTESIAN_POINT('',(20.6111786151,3.631303344384,0.));
#428 = CARTESIAN_POINT('',(20.461807085938,3.673783158838,0.));
#429 = CARTESIAN_POINT('',(20.242427593217,3.729987049395,0.));
#430 = CARTESIAN_POINT('',(20.03426523497,3.777542286298,0.));
#431 = CARTESIAN_POINT('',(19.837615231172,3.817073751625,0.));
#432 = CARTESIAN_POINT('',(19.652746288799,3.849221097156,0.));
#433 = CARTESIAN_POINT('',(19.479901775039,3.874630984386,0.));
#434 = CARTESIAN_POINT('',(19.319299115983,3.893957853004,0.));
#435 = CARTESIAN_POINT('',(19.171129664545,3.907862603717,0.));
#436 = CARTESIAN_POINT('',(19.035558494866,3.917011765505,0.));
#437 = CARTESIAN_POINT('',(18.912724243061,3.922076581165,0.));
#438 = CARTESIAN_POINT('',(18.80273900383,3.923731970105,0.));
#439 = CARTESIAN_POINT('',(18.705688160285,3.922655942565,0.));
#440 = CARTESIAN_POINT('',(18.621630552691,3.919527570868,0.));
#441 = CARTESIAN_POINT('',(18.550597749964,3.915029295071,0.));
#442 = CARTESIAN_POINT('',(18.492596074305,3.909836506532,0.));
#443 = CARTESIAN_POINT('',(18.447601100814,3.904642436512,0.));
#444 = CARTESIAN_POINT('',(18.415571944984,3.900090719722,0.));
#445 = CARTESIAN_POINT('',(18.396419926799,3.896921235313,0.));
#446 = CARTESIAN_POINT('',(18.387950724974,3.895282282084,0.));
#447 = CARTESIAN_POINT('',(18.3858362276,3.894857485925,0.));
#448 = VECTOR('',#449,1.);
#449 = DIRECTION('',(-0.,-0.,-1.));
#450 = ADVANCED_FACE('',(#451),#474,.F.);
#451 = FACE_BOUND('',#452,.F.);
#452 = EDGE_LOOP('',(#453,#454,#461,#469));
#453 = ORIENTED_EDGE('',*,*,#392,.T.);
#454 = ORIENTED_EDGE('',*,*,#455,.T.);
#455 = EDGE_CURVE('',#366,#456,#458,.T.);
#456 = VERTEX_POINT('',#457);
#457 = CARTESIAN_POINT('',(18.342935851682,3.885769465765,10.));
#458 = B_SPLINE_CURVE_WITH_KNOTS('',1,(#459,#460),.UNSPECIFIED.,.F.,.F.,
  (2,2),(0.,4.385241571817E-02),.PIECEWISE_BEZIER_KNOTS.);
#459 = CARTESIAN_POINT('',(18.3858362276,3.894857485925,10.));
#460 = CARTESIAN_POINT('',(18.342935851682,3.885769465765,10.));
#461 = ORIENTED_EDGE('',*,*,#462,.F.);
#462 = EDGE_CURVE('',#463,#456,#465,.T.);
#463 = VERTEX_POINT('',#464);
#464 = CARTESIAN_POINT('',(18.342935851682,3.885769465765,0.));
#465 = LINE('',#466,#467);
#466 = CARTESIAN_POINT('',(18.342935851682,3.885769465765,0.));
#467 = VECTOR('',#468,1.);
#468 = DIRECTION('',(0.,0.,1.));
#469 = ORIENTED_EDGE('',*,*,#470,.F.);
#470 = EDGE_CURVE('',#393,#463,#471,.T.);
#471 = B_SPLINE_CURVE_WITH_KNOTS('',1,(#472,#473),.UNSPECIFIED.,.F.,.F.,
  (2,2),(0.,4.385241571817E-02),.PIECEWISE_BEZIER_KNOTS.);
#472 = CARTESIAN_POINT('',(18.3858362276,3.894857485925,0.));
#473 = CARTESIAN_POINT('',(18.342935851682,3.885769465765,0.));
#474 = SURFACE_OF_LINEAR_EXTRUSION('',#475,#478);
#475 = B_SPLINE_CURVE_WITH_KNOTS('',1,(#476,#477),.UNSPECIFIED.,.F.,.F.,
  (2,2),(0.,4.385241571817E-02),.PIECEWISE_BEZIER_KNOTS.);
#476 = CARTESIAN_POINT('',(18.3858362276,3.894857485925,0.));
#477 = CARTESIAN_POINT('',(18.342935851682,3.885769465765,0.));
#478 = VECTOR('',#479,1.);
#479 = DIRECTION('',(-0.,-0.,-1.));
#480 = ADVANCED_FACE('',(#481),#504,.F.);
#481 = FACE_BOUND('',#482,.F.);
#482 = EDGE_LOOP('',(#483,#484,#491,#499));
#483 = ORIENTED_EDGE('',*,*,#462,.T.);
#484 = ORIENTED_EDGE('',*,*,#485,.T.);
#485 = EDGE_CURVE('',#456,#486,#488,.T.);
#486 = VERTEX_POINT('',#487);
#487 = CARTESIAN_POINT('',(18.107777938253,4.865272668507,10.));
#488 = B_SPLINE_CURVE_WITH_KNOTS('',1,(#489,#490),.UNSPECIFIED.,.F.,.F.,
  (2,2),(0.,1.007335975944),.PIECEWISE_BEZIER_KNOTS.);
#489 = CARTESIAN_POINT('',(18.342935851682,3.885769465765,10.));
#490 = CARTESIAN_POINT('',(18.107777938253,4.865272668507,10.));
#491 = ORIENTED_EDGE('',*,*,#492,.F.);
#492 = EDGE_CURVE('',#493,#486,#495,.T.);
#493 = VERTEX_POINT('',#494);
#494 = CARTESIAN_POINT('',(18.107777938253,4.865272668507,0.));
#495 = LINE('',#496,#497);
#496 = CARTESIAN_POINT('',(18.107777938253,4.865272668507,0.));
#497 = VECTOR('',#498,1.);
#498 = DIRECTION('',(0.,0.,1.));
#499 = ORIENTED_EDGE('',*,*,#500,.F.);
#500 = EDGE_CURVE('',#463,#493,#501,.T.);
#501 = B_SPLINE_CURVE_WITH_KNOTS('',1,(#502,#503),.UNSPECIFIED.,.F.,.F.,
  (2,2),(0.,1.007335975944),.PIECEWISE_BEZIER_KNOTS.);
#502 = CARTESIAN_POINT('',(18.342935851682,3.885769465765,0.));
#503 = CARTESIAN_POINT('',(18.107777938253,4.865272668507,0.));
#504 = SURFACE_OF_LINEAR_EXTRUSION('',#505,#508);
#505 = B_SPLINE_CURVE_WITH_KNOTS('',1,(#506,#507),.UNSPECIFIED.,.F.,.F.,
  (2,2),(0.,1.007335975944),.PIECEWISE_BEZIER_KNOTS.);
#506 = CARTESIAN_POINT('',(18.342935851682,3.885769465765,0.));
#507 = CARTESIAN_POINT('',(18.107777938253,4.865272668507,0.));
#508 = VECTOR('',#509,1.);
#509 = DIRECTION('',(-0.,-0.,-1.));
#510 = ADVANCED_FACE('',(#511),#534,.F.);
#511 = FACE_BOUND('',#512,.F.);
#512 = EDGE_LOOP('',(#513,#514,#521,#529));
#513 = ORIENTED_EDGE('',*,*,#492,.T.);
#514 = ORIENTED_EDGE('',*,*,#515,.T.);
#515 = EDGE_CURVE('',#486,#516,#518,.T.);
#516 = VERTEX_POINT('',#517);
#517 = CARTESIAN_POINT('',(18.1501283279,4.876651546355,10.));
#518 = B_SPLINE_CURVE_WITH_KNOTS('',1,(#519,#520),.UNSPECIFIED.,.F.,.F.,
  (2,2),(0.,4.385241571817E-02),.PIECEWISE_BEZIER_KNOTS.);
#519 = CARTESIAN_POINT('',(18.107777938253,4.865272668507,10.));
#520 = CARTESIAN_POINT('',(18.1501283279,4.876651546355,10.));
#521 = ORIENTED_EDGE('',*,*,#522,.F.);
#522 = EDGE_CURVE('',#523,#516,#525,.T.);
#523 = VERTEX_POINT('',#524);
#524 = CARTESIAN_POINT('',(18.1501283279,4.876651546355,0.));
#525 = LINE('',#526,#527);
#526 = CARTESIAN_POINT('',(18.1501283279,4.876651546355,0.));
#527 = VECTOR('',#528,1.);
#528 = DIRECTION('',(0.,0.,1.));
#529 = ORIENTED_EDGE('',*,*,#530,.F.);
#530 = EDGE_CURVE('',#493,#523,#531,.T.);
#531 = B_SPLINE_CURVE_WITH_KNOTS('',1,(#532,#533),.UNSPECIFIED.,.F.,.F.,
  (2,2),(0.,4.385241571817E-02),.PIECEWISE_BEZIER_KNOTS.);
#532 = CARTESIAN_POINT('',(18.107777938253,4.865272668507,0.));
#533 = CARTESIAN_POINT('',(18.1501283279,4.876651546355,0.));
#534 = SURFACE_OF_LINEAR_EXTRUSION('',#535,#538);
#535 = B_SPLINE_CURVE_WITH_KNOTS('',1,(#536,#537),.UNSPECIFIED.,.F.,.F.,
  (2,2),(0.,4.385241571817E-02),.PIECEWISE_BEZIER_KNOTS.);
#536 = CARTESIAN_POINT('',(18.107777938253,4.865272668507,0.));
#537 = CARTESIAN_POINT('',(18.1501283279,4.876651546355,0.));
#538 = VECTOR('',#539,1.);
#539 = DIRECTION('',(-0.,-0.,-1.));
#540 = ADVANCED_FACE('',(#541),#604,.F.);
#541 = FACE_BOUND('',#542,.F.);
#542 = EDGE_LOOP('',(#543,#544,#571,#579));
#543 = ORIENTED_EDGE('',*,*,#522,.T.);
#544 = ORIENTED_EDGE('',*,*,#545,.T.);
#545 = EDGE_CURVE('',#516,#546,#548,.T.);
#546 = VERTEX_POINT('',#547);
#547 = CARTESIAN_POINT('',(20.07105484803,6.176791828074,10.));
#548 = B_SPLINE_CURVE_WITH_KNOTS('',3,(#549,#550,#551,#552,#553,#554,
    #555,#556,#557,#558,#559,#560,#561,#562,#563,#564,#565,#566,#567,
    #568,#569,#570),.UNSPECIFIED.,.F.,.F.,(4,1,1,1,1,1,1,1,1,1,1,1,1,1,1
    ,1,1,1,1,4),(0.,6.469775801205E-03,2.587893822125E-02,
    5.822752025674E-02,0.103515526622,0.161742958887,0.232909817767,
    0.317016103646,0.414061816756,0.524046957245,0.646971525216,
    0.782835520741,0.931638943874,1.093381794658,1.268064073122,
    1.455685779293,1.656246913191,1.869747474833,2.096187464232,
    2.335566881401),.UNSPECIFIED.);
#549 = CARTESIAN_POINT('',(18.1501283279,4.876651546355,10.));
#550 = CARTESIAN_POINT('',(18.152205212276,4.877233011925,10.));
#551 = CARTESIAN_POINT('',(18.160495395552,4.879617631074,10.));
#552 = CARTESIAN_POINT('',(18.178998884517,4.885488434094,10.));
#553 = CARTESIAN_POINT('',(18.209603507506,4.8959737572,10.));
#554 = CARTESIAN_POINT('',(18.252052380887,4.911773097426,10.));
#555 = CARTESIAN_POINT('',(18.306089728976,4.933478498676,10.));
#556 = CARTESIAN_POINT('',(18.371422594114,4.961718723202,10.));
#557 = CARTESIAN_POINT('',(18.447738721919,4.997092678888,10.));
#558 = CARTESIAN_POINT('',(18.534700162976,5.040194092291,10.));
#559 = CARTESIAN_POINT('',(18.631946197843,5.09160130836,10.));
#560 = CARTESIAN_POINT('',(18.739092939403,5.151879675518,10.));
#561 = CARTESIAN_POINT('',(18.855734103545,5.221579661435,10.));
#562 = CARTESIAN_POINT('',(18.981441426737,5.301236408342,10.));
#563 = CARTESIAN_POINT('',(19.115765229016,5.391368855817,10.));
#564 = CARTESIAN_POINT('',(19.258234971044,5.492478998297,10.));
#565 = CARTESIAN_POINT('',(19.408359815356,5.605051236435,10.));
#566 = CARTESIAN_POINT('',(19.565629342022,5.72955126345,10.));
#567 = CARTESIAN_POINT('',(19.729513735544,5.866427022837,10.));
#568 = CARTESIAN_POINT('',(19.89946626247,6.016101261541,10.));
#569 = CARTESIAN_POINT('',(20.013271837289,6.121764308537,10.));
#570 = CARTESIAN_POINT('',(20.07105484803,6.176791828074,10.));
#571 = ORIENTED_EDGE('',*,*,#572,.F.);
#572 = EDGE_CURVE('',#573,#546,#575,.T.);
#573 = VERTEX_POINT('',#574);
#574 = CARTESIAN_POINT('',(20.07105484803,6.176791828074,0.));
#575 = LINE('',#576,#577);
#576 = CARTESIAN_POINT('',(20.07105484803,6.176791828074,0.));
#577 = VECTOR('',#578,1.);
#578 = DIRECTION('',(0.,0.,1.));
#579 = ORIENTED_EDGE('',*,*,#580,.F.);
#580 = EDGE_CURVE('',#523,#573,#581,.T.);
#581 = B_SPLINE_CURVE_WITH_KNOTS('',3,(#582,#583,#584,#585,#586,#587,
    #588,#589,#590,#591,#592,#593,#594,#595,#596,#597,#598,#599,#600,
    #601,#602,#603),.UNSPECIFIED.,.F.,.F.,(4,1,1,1,1,1,1,1,1,1,1,1,1,1,1
    ,1,1,1,1,4),(0.,6.469775801205E-03,2.587893822125E-02,
    5.822752025674E-02,0.103515526622,0.161742958887,0.232909817767,
    0.317016103646,0.414061816756,0.524046957245,0.646971525216,
    0.782835520741,0.931638943874,1.093381794658,1.268064073122,
    1.455685779293,1.656246913191,1.869747474833,2.096187464232,
    2.335566881401),.UNSPECIFIED.);
#582 = CARTESIAN_POINT('',(18.1501283279,4.876651546355,0.));
#583 = CARTESIAN_POINT('',(18.152205212276,4.877233011925,0.));
#584 = CARTESIAN_POINT('',(18.160495395552,4.879617631074,0.));
#585 = CARTESIAN_POINT('',(18.178998884517,4.885488434094,0.));
#586 = CARTESIAN_POINT('',(18.209603507506,4.8959737572,0.));
#587 = CARTESIAN_POINT('',(18.252052380887,4.911773097426,0.));
#588 = CARTESIAN_POINT('',(18.306089728976,4.933478498676,0.));
#589 = CARTESIAN_POINT('',(18.371422594114,4.961718723202,0.));
#590 = CARTESIAN_POINT('',(18.447738721919,4.997092678888,0.));
#591 = CARTESIAN_POINT('',(18.534700162976,5.040194092291,0.));
#592 = CARTESIAN_POINT('',(18.631946197843,5.09160130836,0.));
#593 = CARTESIAN_POINT('',(18.739092939403,5.151879675518,0.));
#594 = CARTESIAN_POINT('',(18.855734103545,5.221579661435,0.));
#595 = CARTESIAN_POINT('',(18.981441426737,5.301236408342,0.));
#596 = CARTESIAN_POINT('',(19.115765229016,5.391368855817,0.));
#597 = CARTESIAN_POINT('',(19.258234971044,5.492478998297,0.));
#598 = CARTESIAN_POINT('',(19.408359815356,5.605051236435,0.));
#599 = CARTESIAN_POINT('',(19.565629342022,5.72955126345,0.));
#600 = CARTESIAN_POINT('',(19.729513735544,5.866427022837,0.));
#601 = CARTESIAN_POINT('',(19.89946626247,6.016101261541,0.));
#602 = CARTESIAN_POINT('',(20.013271837289,6.121764308537,0.));
#603 = CARTESIAN_POINT('',(20.07105484803,6.176791828074,0.));
#604 = SURFACE_OF_LINEAR_EXTRUSION('',#605,#628);
#605 = B_SPLINE_CURVE_WITH_KNOTS('',3,(#606,#607,#608,#609,#610,#611,
    #612,#613,#614,#615,#616,#617,#618,#619,#620,#621,#622,#623,#624,
    #625,#626,#627),.UNSPECIFIED.,.F.,.F.,(4,1,1,1,1,1,1,1,1,1,1,1,1,1,1
    ,1,1,1,1,4),(0.,6.469775801205E-03,2.587893822125E-02,
    5.822752025674E-02,0.103515526622,0.161742958887,0.232909817767,
    0.317016103646,0.414061816756,0.524046957245,0.646971525216,
    0.782835520741,0.931638943874,1.093381794658,1.268064073122,
    1.455685779293,1.656246913191,1.869747474833,2.096187464232,
    2.335566881401),.UNSPECIFIED.);
#606 = CARTESIAN_POINT('',(18.1501283279,4.876651546355,0.));
#607 = CARTESIAN_POINT('',(18.152205212276,4.877233011925,0.));
#608 = CARTESIAN_POINT('',(18.160495395552,4.879617631074,0.));
#609 = CARTESIAN_POINT('',(18.178998884517,4.885488434094,0.));
#610 = CARTESIAN_POINT('',(18.209603507506,4.8959737572,0.));
#611 = CARTESIAN_POINT('',(18.252052380887,4.911773097426,0.));
#612 = CARTESIAN_POINT('',(18.306089728976,4.933478498676,0.));
#613 = CARTESIAN_POINT('',(18.371422594114,4.961718723202,0.));
#614 = CARTESIAN_POINT('',(18.447738721919,4.997092678888,0.));
#615 = CARTESIAN_POINT('',(18.534700162976,5.040194092291,0.));
#616 = CARTESIAN_POINT('',(18.631946197843,5.09160130836,0.));
#617 = CARTESIAN_POINT('',(18.739092939403,5.151879675518,0.));
#618 = CARTESIAN_POINT('',(18.855734103545,5.221579661435,0.));
#619 = CARTESIAN_POINT('',(18.981441426737,5.301236408342,0.));
#620 = CARTESIAN_POINT('',(19.115765229016,5.391368855817,0.));
#621 = CARTESIAN_POINT('',(19.258234971044,5.492478998297,0.));
#622 = CARTESIAN_POINT('',(19.408359815356,5.605051236435,0.));
#623 = CARTESIAN_POINT('',(19.565629342022,5.72955126345,0.));
#624 = CARTESIAN_POINT('',(19.729513735544,5.866427022837,0.));
#625 = CARTESIAN_POINT('',(19.89946626247,6.016101261541,0.));
#626 = CARTESIAN_POINT('',(20.013271837289,6.121764308537,0.));
#627 = CARTESIAN_POINT('',(20.07105484803,6.176791828074,0.));
#628 = VECTOR('',#629,1.);
#629 = DIRECTION('',(-0.,-0.,-1.));
#630 = ADVANCED_FACE('',(#631),#654,.F.);
#631 = FACE_BOUND('',#632,.F.);
#632 = EDGE_LOOP('',(#633,#634,#641,#649));
#633 = ORIENTED_EDGE('',*,*,#572,.T.);
#634 = ORIENTED_EDGE('',*,*,#635,.T.);
#635 = EDGE_CURVE('',#546,#636,#638,.T.);
#636 = VERTEX_POINT('',#637);
#637 = CARTESIAN_POINT('',(19.868451610111,6.800340477997,10.));
#638 = B_SPLINE_CURVE_WITH_KNOTS('',1,(#639,#640),.UNSPECIFIED.,.F.,.F.,
  (2,2),(0.,0.655637850368),.PIECEWISE_BEZIER_KNOTS.);
#639 = CARTESIAN_POINT('',(20.07105484803,6.176791828074,10.));
#640 = CARTESIAN_POINT('',(19.868451610111,6.800340477997,10.));
#641 = ORIENTED_EDGE('',*,*,#642,.F.);
#642 = EDGE_CURVE('',#643,#636,#645,.T.);
#643 = VERTEX_POINT('',#644);
#644 = CARTESIAN_POINT('',(19.868451610111,6.800340477997,0.));
#645 = LINE('',#646,#647);
#646 = CARTESIAN_POINT('',(19.868451610111,6.800340477997,0.));
#647 = VECTOR('',#648,1.);
#648 = DIRECTION('',(0.,0.,1.));
#649 = ORIENTED_EDGE('',*,*,#650,.F.);
#650 = EDGE_CURVE('',#573,#643,#651,.T.);
#651 = B_SPLINE_CURVE_WITH_KNOTS('',1,(#652,#653),.UNSPECIFIED.,.F.,.F.,
  (2,2),(0.,0.655637850368),.PIECEWISE_BEZIER_KNOTS.);
#652 = CARTESIAN_POINT('',(20.07105484803,6.176791828074,0.));
#653 = CARTESIAN_POINT('',(19.868451610111,6.800340477997,0.));
#654 = SURFACE_OF_LINEAR_EXTRUSION('',#655,#658);
#655 = B_SPLINE_CURVE_WITH_KNOTS('',1,(#656,#657),.UNSPECIFIED.,.F.,.F.,
  (2,2),(0.,0.655637850368),.PIECEWISE_BEZIER_KNOTS.);
#656 = CARTESIAN_POINT('',(20.07105484803,6.176791828074,0.));
#657 = CARTESIAN_POINT('',(19.868451610111,6.800340477997,0.));
#658 = VECTOR('',#659,1.);
#659 = DIRECTION('',(-0.,-0.,-1.));
#660 = ADVANCED_FACE('',(#661),#724,.F.);
#661 = FACE_BOUND('',#662,.F.);
#662 = EDGE_LOOP('',(#663,#664,#691,#699));
#663 = ORIENTED_EDGE('',*,*,#642,.T.);
#664 = ORIENTED_EDGE('',*,*,#665,.T.);
#665 = EDGE_CURVE('',#636,#666,#668,.T.);
#666 = VERTEX_POINT('',#667);
#667 = CARTESIAN_POINT('',(17.550186126874,6.72308378171,10.));
#668 = B_SPLINE_CURVE_WITH_KNOTS('',3,(#669,#670,#671,#672,#673,#674,
    #675,#676,#677,#678,#679,#680,#681,#682,#683,#684,#685,#686,#687,
    #688,#689,#690),.UNSPECIFIED.,.F.,.F.,(4,1,1,1,1,1,1,1,1,1,1,1,1,1,1
    ,1,1,1,1,4),(0.,0.239379417168,0.465819406568,0.67931996821,
    0.879881102108,1.067502808279,1.242185086743,1.403927937526,
    1.55273136066,1.688595356185,1.811519924156,1.921505064645,
    2.018550777754,2.102657063634,2.173823922514,2.232051354779,
    2.277339361144,2.309687943179,2.329097105599,2.335566881401),
  .UNSPECIFIED.);
#669 = CARTESIAN_POINT('',(19.868451610111,6.800340477997,10.));
#670 = CARTESIAN_POINT('',(19.789359807981,6.810894674914,10.));
#671 = CARTESIAN_POINT('',(19.635181983161,6.829484637105,10.));
#672 = CARTESIAN_POINT('',(19.409711190483,6.850678050919,10.));
#673 = CARTESIAN_POINT('',(19.196672378247,6.865084036788,10.));
#674 = CARTESIAN_POINT('',(18.996259378687,6.873365966034,10.));
#675 = CARTESIAN_POINT('',(18.808637526966,6.876197650293,10.));
#676 = CARTESIAN_POINT('',(18.633946033874,6.874255860601,10.));
#677 = CARTESIAN_POINT('',(18.472297271702,6.868220992341,10.));
#678 = CARTESIAN_POINT('',(18.323776849845,6.858775743629,10.));
#679 = CARTESIAN_POINT('',(18.188443542003,6.84660426065,10.));
#680 = CARTESIAN_POINT('',(18.066329271941,6.832391209554,10.));
#681 = CARTESIAN_POINT('',(17.957439173632,6.816820735849,10.));
#682 = CARTESIAN_POINT('',(17.86175151481,6.800575859201,10.));
#683 = CARTESIAN_POINT('',(17.779218181004,6.784336496074,10.));
#684 = CARTESIAN_POINT('',(17.709763595318,6.768781623022,10.));
#685 = CARTESIAN_POINT('',(17.653288347633,6.754579305224,10.));
#686 = CARTESIAN_POINT('',(17.609659868495,6.742410418217,10.));
#687 = CARTESIAN_POINT('',(17.578737090103,6.732904276756,10.));
#688 = CARTESIAN_POINT('',(17.560316681641,6.72677777824,10.));
#689 = CARTESIAN_POINT('',(17.552208138517,6.723834128188,10.));
#690 = CARTESIAN_POINT('',(17.550186126874,6.72308378171,10.));
#691 = ORIENTED_EDGE('',*,*,#692,.F.);
#692 = EDGE_CURVE('',#693,#666,#695,.T.);
#693 = VERTEX_POINT('',#694);
#694 = CARTESIAN_POINT('',(17.550186126874,6.72308378171,0.));
#695 = LINE('',#696,#697);
#696 = CARTESIAN_POINT('',(17.550186126874,6.72308378171,0.));
#697 = VECTOR('',#698,1.);
#698 = DIRECTION('',(0.,0.,1.));
#699 = ORIENTED_EDGE('',*,*,#700,.F.);
#700 = EDGE_CURVE('',#643,#693,#701,.T.);
#701 = B_SPLINE_CURVE_WITH_KNOTS('',3,(#702,#703,#704,#705,#706,#707,
    #708,#709,#710,#711,#712,#713,#714,#715,#716,#717,#718,#719,#720,
    #721,#722,#723),.UNSPECIFIED.,.F.,.F.,(4,1,1,1,1,1,1,1,1,1,1,1,1,1,1
    ,1,1,1,1,4),(0.,0.239379417168,0.465819406568,0.67931996821,
    0.879881102108,1.067502808279,1.242185086743,1.403927937526,
    1.55273136066,1.688595356185,1.811519924156,1.921505064645,
    2.018550777754,2.102657063634,2.173823922514,2.232051354779,
    2.277339361144,2.309687943179,2.329097105599,2.335566881401),
  .UNSPECIFIED.);
#702 = CARTESIAN_POINT('',(19.868451610111,6.800340477997,0.));
#703 = CARTESIAN_POINT('',(19.789359807981,6.810894674914,0.));
#704 = CARTESIAN_POINT('',(19.635181983161,6.829484637105,0.));
#705 = CARTESIAN_POINT('',(19.409711190483,6.850678050919,0.));
#706 = CARTESIAN_POINT('',(19.196672378247,6.865084036788,0.));
#707 = CARTESIAN_POINT('',(18.996259378687,6.873365966034,0.));
#708 = CARTESIAN_POINT('',(18.808637526966,6.876197650293,0.));
#709 = CARTESIAN_POINT('',(18.633946033874,6.874255860601,0.));
#710 = CARTESIAN_POINT('',(18.472297271702,6.868220992341,0.));
#711 = CARTESIAN_POINT('',(18.323776849845,6.858775743629,0.));
#712 = CARTESIAN_POINT('',(18.188443542003,6.84660426065,0.));
#713 = CARTESIAN_POINT('',(18.066329271941,6.832391209554,0.));
#714 = CARTESIAN_POINT('',(17.957439173632,6.816820735849,0.));
#715 = CARTESIAN_POINT('',(17.86175151481,6.800575859201,0.));
#716 = CARTESIAN_POINT('',(17.779218181004,6.784336496074,0.));
#717 = CARTESIAN_POINT('',(17.709763595318,6.768781623022,0.));
#718 = CARTESIAN_POINT('',(17.653288347633,6.754579305224,0.));
#719 = CARTESIAN_POINT('',(17.609659868495,6.742410418217,0.));
#720 = CARTESIAN_POINT('',(17.578737090103,6.732904276756,0.));
#721 = CARTESIAN_POINT('',(17.560316681641,6.72677777824,0.));
#722 = CARTESIAN_POINT('',(17.552208138517,6.723834128188,0.));
#723 = CARTESIAN_POINT('',(17.550186126874,6.72308378171,0.));
#724 = SURFACE_OF_LINEAR_EXTRUSION('',#725,#748);
#725 = B_SPLINE_CURVE_WITH_KNOTS('',3,(#726,#727,#728,#729,#730,#731,
    #732,#733,#734,#735,#736,#737,#738,#739,#740,#741,#742,#743,#744,
    #745,#746,#747),.UNSPECIFIED.,.F.,.F.,(4,1,1,1,1,1,1,1,1,1,1,1,1,1,1
    ,1,1,1,1,4),(0.,0.239379417168,0.465819406568,0.67931996821,
    0.879881102108,1.067502808279,1.242185086743,1.403927937526,
    1.55273136066,1.688595356185,1.811519924156,1.921505064645,
    2.018550777754,2.102657063634,2.173823922514,2.232051354779,
    2.277339361144,2.309687943179,2.329097105599,2.335566881401),
  .UNSPECIFIED.);
#726 = CARTESIAN_POINT('',(19.868451610111,6.800340477997,0.));
#727 = CARTESIAN_POINT('',(19.789359807981,6.810894674914,0.));
#728 = CARTESIAN_POINT('',(19.635181983161,6.829484637105,0.));
#729 = CARTESIAN_POINT('',(19.409711190483,6.850678050919,0.));
#730 = CARTESIAN_POINT('',(19.196672378247,6.865084036788,0.));
#731 = CARTESIAN_POINT('',(18.996259378687,6.873365966034,0.));
#732 = CARTESIAN_POINT('',(18.808637526966,6.876197650293,0.));
#733 = CARTESIAN_POINT('',(18.633946033874,6.874255860601,0.));
#734 = CARTESIAN_POINT('',(18.472297271702,6.868220992341,0.));
#735 = CARTESIAN_POINT('',(18.323776849845,6.858775743629,0.));
#736 = CARTESIAN_POINT('',(18.188443542003,6.84660426065,0.));
#737 = CARTESIAN_POINT('',(18.066329271941,6.832391209554,0.));
#738 = CARTESIAN_POINT('',(17.957439173632,6.816820735849,0.));
#739 = CARTESIAN_POINT('',(17.86175151481,6.800575859201,0.));
#740 = CARTESIAN_POINT('',(17.779218181004,6.784336496074,0.));
#741 = CARTESIAN_POINT('',(17.709763595318,6.768781623022,0.));
#742 = CARTESIAN_POINT('',(17.653288347633,6.754579305224,0.));
#743 = CARTESIAN_POINT('',(17.609659868495,6.742410418217,0.));
#744 = CARTESIAN_POINT('',(17.578737090103,6.732904276756,0.));
#745 = CARTESIAN_POINT('',(17.560316681641,6.72677777824,0.));
#746 = CARTESIAN_POINT('',(17.552208138517,6.723834128188,0.));
#747 = CARTESIAN_POINT('',(17.550186126874,6.72308378171,0.));
#748 = VECTOR('',#749,1.);
#749 = DIRECTION('',(-0.,-0.,-1.));
#750 = ADVANCED_FACE('',(#751),#774,.F.);
#751 = FACE_BOUND('',#752,.F.);
#752 = EDGE_LOOP('',(#753,#754,#761,#769));
#753 = ORIENTED_EDGE('',*,*,#692,.T.);
#754 = ORIENTED_EDGE('',*,*,#755,.T.);
#755 = EDGE_CURVE('',#666,#756,#758,.T.);
#756 = VERTEX_POINT('',#757);
#757 = CARTESIAN_POINT('',(17.509235605344,6.707396552802,10.));
#758 = B_SPLINE_CURVE_WITH_KNOTS('',1,(#759,#760),.UNSPECIFIED.,.F.,.F.,
  (2,2),(0.,4.385241571817E-02),.PIECEWISE_BEZIER_KNOTS.);
#759 = CARTESIAN_POINT('',(17.550186126874,6.72308378171,10.));
#760 = CARTESIAN_POINT('',(17.509235605344,6.707396552802,10.));
#761 = ORIENTED_EDGE('',*,*,#762,.F.);
#762 = EDGE_CURVE('',#763,#756,#765,.T.);
#763 = VERTEX_POINT('',#764);
#764 = CARTESIAN_POINT('',(17.509235605344,6.707396552802,0.));
#765 = LINE('',#766,#767);
#766 = CARTESIAN_POINT('',(17.509235605344,6.707396552802,0.));
#767 = VECTOR('',#768,1.);
#768 = DIRECTION('',(0.,0.,1.));
#769 = ORIENTED_EDGE('',*,*,#770,.F.);
#770 = EDGE_CURVE('',#693,#763,#771,.T.);
#771 = B_SPLINE_CURVE_WITH_KNOTS('',1,(#772,#773),.UNSPECIFIED.,.F.,.F.,
  (2,2),(0.,4.385241571817E-02),.PIECEWISE_BEZIER_KNOTS.);
#772 = CARTESIAN_POINT('',(17.550186126874,6.72308378171,0.));
#773 = CARTESIAN_POINT('',(17.509235605344,6.707396552802,0.));
#774 = SURFACE_OF_LINEAR_EXTRUSION('',#775,#778);
#775 = B_SPLINE_CURVE_WITH_KNOTS('',1,(#776,#777),.UNSPECIFIED.,.F.,.F.,
  (2,2),(0.,4.385241571817E-02),.PIECEWISE_BEZIER_KNOTS.);
#776 = CARTESIAN_POINT('',(17.550186126874,6.72308378171,0.));
#777 = CARTESIAN_POINT('',(17.509235605344,6.707396552802,0.));
#778 = VECTOR('',#779,1.);
#779 = DIRECTION('',(-0.,-0.,-1.));
#780 = ADVANCED_FACE('',(#781),#804,.F.);
#781 = FACE_BOUND('',#782,.F.);
#782 = EDGE_LOOP('',(#783,#784,#791,#799));
#783 = ORIENTED_EDGE('',*,*,#762,.T.);
#784 = ORIENTED_EDGE('',*,*,#785,.T.);
#785 = EDGE_CURVE('',#756,#786,#788,.T.);
#786 = VERTEX_POINT('',#787);
#787 = CARTESIAN_POINT('',(17.123744816526,7.638053643338,10.));
#788 = B_SPLINE_CURVE_WITH_KNOTS('',1,(#789,#790),.UNSPECIFIED.,.F.,.F.,
  (2,2),(0.,1.007335975944),.PIECEWISE_BEZIER_KNOTS.);
#789 = CARTESIAN_POINT('',(17.509235605344,6.707396552802,10.));
#790 = CARTESIAN_POINT('',(17.123744816526,7.638053643338,10.));
#791 = ORIENTED_EDGE('',*,*,#792,.F.);
#792 = EDGE_CURVE('',#793,#786,#795,.T.);
#793 = VERTEX_POINT('',#794);
#794 = CARTESIAN_POINT('',(17.123744816526,7.638053643338,0.));
#795 = LINE('',#796,#797);
#796 = CARTESIAN_POINT('',(17.123744816526,7.638053643338,0.));
#797 = VECTOR('',#798,1.);
#798 = DIRECTION('',(0.,0.,1.));
#799 = ORIENTED_EDGE('',*,*,#800,.F.);
#800 = EDGE_CURVE('',#763,#793,#801,.T.);
#801 = B_SPLINE_CURVE_WITH_KNOTS('',1,(#802,#803),.UNSPECIFIED.,.F.,.F.,
  (2,2),(0.,1.007335975944),.PIECEWISE_BEZIER_KNOTS.);
#802 = CARTESIAN_POINT('',(17.509235605344,6.707396552802,0.));
#803 = CARTESIAN_POINT('',(17.123744816526,7.638053643338,0.));
#804 = SURFACE_OF_LINEAR_EXTRUSION('',#805,#808);
#805 = B_SPLINE_CURVE_WITH_KNOTS('',1,(#806,#807),.UNSPECIFIED.,.F.,.F.,
  (2,2),(0.,1.007335975944),.PIECEWISE_BEZIER_KNOTS.);
#806 = CARTESIAN_POINT('',(17.509235605344,6.707396552802,0.));
#807 = CARTESIAN_POINT('',(17.123744816526,7.638053643338,0.));
#808 = VECTOR('',#809,1.);
#809 = DIRECTION('',(-0.,-0.,-1.));
#810 = ADVANCED_FACE('',(#811),#834,.F.);
#811 = FACE_BOUND('',#812,.F.);
#812 = EDGE_LOOP('',(#813,#814,#821,#829));
#813 = ORIENTED_EDGE('',*,*,#792,.T.);
#814 = ORIENTED_EDGE('',*,*,#815,.T.);
#815 = EDGE_CURVE('',#786,#816,#818,.T.);
#816 = VERTEX_POINT('',#817);
#817 = CARTESIAN_POINT('',(17.163793753931,7.655917488866,10.));
#818 = B_SPLINE_CURVE_WITH_KNOTS('',1,(#819,#820),.UNSPECIFIED.,.F.,.F.,
  (2,2),(0.,4.385241571817E-02),.PIECEWISE_BEZIER_KNOTS.);
#819 = CARTESIAN_POINT('',(17.123744816526,7.638053643338,10.));
#820 = CARTESIAN_POINT('',(17.163793753931,7.655917488866,10.));
#821 = ORIENTED_EDGE('',*,*,#822,.F.);
#822 = EDGE_CURVE('',#823,#816,#825,.T.);
#823 = VERTEX_POINT('',#824);
#824 = CARTESIAN_POINT('',(17.163793753931,7.655917488866,0.));
#825 = LINE('',#826,#827);
#826 = CARTESIAN_POINT('',(17.163793753931,7.655917488866,0.));
#827 = VECTOR('',#828,1.);
#828 = DIRECTION('',(0.,0.,1.));
#829 = ORIENTED_EDGE('',*,*,#830,.F.);
#830 = EDGE_CURVE('',#793,#823,#831,.T.);
#831 = B_SPLINE_CURVE_WITH_KNOTS('',1,(#832,#833),.UNSPECIFIED.,.F.,.F.,
  (2,2),(0.,4.385241571817E-02),.PIECEWISE_BEZIER_KNOTS.);
#832 = CARTESIAN_POINT('',(17.123744816526,7.638053643338,0.));
#833 = CARTESIAN_POINT('',(17.163793753931,7.655917488866,0.));
#834 = SURFACE_OF_LINEAR_EXTRUSION('',#835,#838);
#835 = B_SPLINE_CURVE_WITH_KNOTS('',1,(#836,#837),.UNSPECIFIED.,.F.,.F.,
  (2,2),(0.,4.385241571817E-02),.PIECEWISE_BEZIER_KNOTS.);
#836 = CARTESIAN_POINT('',(17.123744816526,7.638053643338,0.));
#837 = CARTESIAN_POINT('',(17.163793753931,7.655917488866,0.));
#838 = VECTOR('',#839,1.);
#839 = DIRECTION('',(-0.,-0.,-1.));
#840 = ADVANCED_FACE('',(#841),#904,.F.);
#841 = FACE_BOUND('',#842,.F.);
#842 = EDGE_LOOP('',(#843,#844,#871,#879));
#843 = ORIENTED_EDGE('',*,*,#822,.T.);
#844 = ORIENTED_EDGE('',*,*,#845,.T.);
#845 = EDGE_CURVE('',#816,#846,#848,.T.);
#846 = VERTEX_POINT('',#847);
#847 = CARTESIAN_POINT('',(18.857683731555,9.240549998817,10.));
#848 = B_SPLINE_CURVE_WITH_KNOTS('',3,(#849,#850,#851,#852,#853,#854,
    #855,#856,#857,#858,#859,#860,#861,#862,#863,#864,#865,#866,#867,
    #868,#869,#870),.UNSPECIFIED.,.F.,.F.,(4,1,1,1,1,1,1,1,1,1,1,1,1,1,1
    ,1,1,1,1,4),(0.,6.469775801205E-03,2.587893822125E-02,
    5.822752025674E-02,0.103515526622,0.161742958887,0.232909817767,
    0.317016103646,0.414061816756,0.524046957245,0.646971525216,
    0.782835520741,0.931638943874,1.093381794658,1.268064073122,
    1.455685779293,1.656246913191,1.869747474833,2.096187464232,
    2.335566881401),.UNSPECIFIED.);
#849 = CARTESIAN_POINT('',(17.163793753931,7.655917488866,10.));
#850 = CARTESIAN_POINT('',(17.165754107158,7.656816691927,10.));
#851 = CARTESIAN_POINT('',(17.1735691879,7.660468822843,10.));
#852 = CARTESIAN_POINT('',(17.190926472282,7.669161929933,10.));
#853 = CARTESIAN_POINT('',(17.219514035666,7.684305779138,10.));
#854 = CARTESIAN_POINT('',(17.258968731639,7.706551070066,10.));
#855 = CARTESIAN_POINT('',(17.30894531747,7.73644254545,10.));
#856 = CARTESIAN_POINT('',(17.369056082208,7.774555397758,10.));
#857 = CARTESIAN_POINT('',(17.438898926006,7.821432313977,10.));
#858 = CARTESIAN_POINT('',(17.518047180872,7.877606843968,10.));
#859 = CARTESIAN_POINT('',(17.606054095334,7.943593783344,10.));
#860 = CARTESIAN_POINT('',(17.702452068585,8.019891466973,10.));
#861 = CARTESIAN_POINT('',(17.806753706432,8.106980028517,10.));
#862 = CARTESIAN_POINT('',(17.918452303287,8.205321026542,10.));
#863 = CARTESIAN_POINT('',(18.037022535459,8.315356666174,10.));
#864 = CARTESIAN_POINT('',(18.161921127499,8.437509152896,10.));
#865 = CARTESIAN_POINT('',(18.292587508007,8.572180139688,10.));
#866 = CARTESIAN_POINT('',(18.428444690703,8.719749739046,10.));
#867 = CARTESIAN_POINT('',(18.568899309194,8.880577498132,10.));
#868 = CARTESIAN_POINT('',(18.713345229031,9.054995431219,10.));
#869 = CARTESIAN_POINT('',(18.809220326143,9.177160704985,10.));
#870 = CARTESIAN_POINT('',(18.857683731555,9.240549998817,10.));
#871 = ORIENTED_EDGE('',*,*,#872,.F.);
#872 = EDGE_CURVE('',#873,#846,#875,.T.);
#873 = VERTEX_POINT('',#874);
#874 = CARTESIAN_POINT('',(18.857683731555,9.240549998817,0.));
#875 = LINE('',#876,#877);
#876 = CARTESIAN_POINT('',(18.857683731555,9.240549998817,0.));
#877 = VECTOR('',#878,1.);
#878 = DIRECTION('',(0.,0.,1.));
#879 = ORIENTED_EDGE('',*,*,#880,.F.);
#880 = EDGE_CURVE('',#823,#873,#881,.T.);
#881 = B_SPLINE_CURVE_WITH_KNOTS('',3,(#882,#883,#884,#885,#886,#887,
    #888,#889,#890,#891,#892,#893,#894,#895,#896,#897,#898,#899,#900,
    #901,#902,#903),.UNSPECIFIED.,.F.,.F.,(4,1,1,1,1,1,1,1,1,1,1,1,1,1,1
    ,1,1,1,1,4),(0.,6.469775801205E-03,2.587893822125E-02,
    5.822752025674E-02,0.103515526622,0.161742958887,0.232909817767,
    0.317016103646,0.414061816756,0.524046957245,0.646971525216,
    0.782835520741,0.931638943874,1.093381794658,1.268064073122,
    1.455685779293,1.656246913191,1.869747474833,2.096187464232,
    2.335566881401),.UNSPECIFIED.);
#882 = CARTESIAN_POINT('',(17.163793753931,7.655917488866,0.));
#883 = CARTESIAN_POINT('',(17.165754107158,7.656816691927,0.));
#884 = CARTESIAN_POINT('',(17.1735691879,7.660468822843,0.));
#885 = CARTESIAN_POINT('',(17.190926472282,7.669161929933,0.));
#886 = CARTESIAN_POINT('',(17.219514035666,7.684305779138,0.));
#887 = CARTESIAN_POINT('',(17.258968731639,7.706551070066,0.));
#888 = CARTESIAN_POINT('',(17.30894531747,7.73644254545,0.));
#889 = CARTESIAN_POINT('',(17.369056082208,7.774555397758,0.));
#890 = CARTESIAN_POINT('',(17.438898926006,7.821432313977,0.));
#891 = CARTESIAN_POINT('',(17.518047180872,7.877606843968,0.));
#892 = CARTESIAN_POINT('',(17.606054095334,7.943593783344,0.));
#893 = CARTESIAN_POINT('',(17.702452068585,8.019891466973,0.));
#894 = CARTESIAN_POINT('',(17.806753706432,8.106980028517,0.));
#895 = CARTESIAN_POINT('',(17.918452303287,8.205321026542,0.));
#896 = CARTESIAN_POINT('',(18.037022535459,8.315356666174,0.));
#897 = CARTESIAN_POINT('',(18.161921127499,8.437509152896,0.));
#898 = CARTESIAN_POINT('',(18.292587508007,8.572180139688,0.));
#899 = CARTESIAN_POINT('',(18.428444690703,8.719749739046,0.));
#900 = CARTESIAN_POINT('',(18.568899309194,8.880577498132,0.));
#901 = CARTESIAN_POINT('',(18.713345229031,9.054995431219,0.));
#902 = CARTESIAN_POINT('',(18.809220326143,9.177160704985,0.));
#903 = CARTESIAN_POINT('',(18.857683731555,9.240549998817,0.));
#904 = SURFACE_OF_LINEAR_EXTRUSION('',#905,#928);
#905 = B_SPLINE_CURVE_WITH_KNOTS('',3,(#906,#907,#908,#909,#910,#911,
    #912,#913,#914,#915,#916,#917,#918,#919,#920,#921,#922,#923,#924,
    #925,#926,#927),.UNSPECIFIED.,.F.,.F.,(4,1,1,1,1,1,1,1,1,1,1,1,1,1,1
    ,1,1,1,1,4),(0.,6.469775801205E-03,2.587893822125E-02,
    5.822752025674E-02,0.103515526622,0.161742958887,0.232909817767,
    0.317016103646,0.414061816756,0.524046957245,0.646971525216,
    0.782835520741,0.931638943874,1.093381794658,1.268064073122,
    1.455685779293,1.656246913191,1.869747474833,2.096187464232,
    2.335566881401),.UNSPECIFIED.);
#906 = CARTESIAN_POINT('',(17.163793753931,7.655917488866,0.));
#907 = CARTESIAN_POINT('',(17.165754107158,7.656816691927,0.));
#908 = CARTESIAN_POINT('',(17.1735691879,7.660468822843,0.));
#909 = CARTESIAN_POINT('',(17.190926472282,7.669161929933,0.));
#910 = CARTESIAN_POINT('',(17.219514035666,7.684305779138,0.));
#911 = CARTESIAN_POINT('',(17.258968731639,7.706551070066,0.));
#912 = CARTESIAN_POINT('',(17.30894531747,7.73644254545,0.));
#913 = CARTESIAN_POINT('',(17.369056082208,7.774555397758,0.));
#914 = CARTESIAN_POINT('',(17.438898926006,7.821432313977,0.));
#915 = CARTESIAN_POINT('',(17.518047180872,7.877606843968,0.));
#916 = CARTESIAN_POINT('',(17.606054095334,7.943593783344,0.));
#917 = CARTESIAN_POINT('',(17.702452068585,8.019891466973,0.));
#918 = CARTESIAN_POINT('',(17.806753706432,8.106980028517,0.));
#919 = CARTESIAN_POINT('',(17.918452303287,8.205321026542,0.));
#920 = CARTESIAN_POINT('',(18.037022535459,8.315356666174,0.));
#921 = CARTESIAN_POINT('',(18.161921127499,8.437509152896,0.));
#922 = CARTESIAN_POINT('',(18.292587508007,8.572180139688,0.));
#923 = CARTESIAN_POINT('',(18.428444690703,8.719749739046,0.));
#924 = CARTESIAN_POINT('',(18.568899309194,8.880577498132,0.));
#925 = CARTESIAN_POINT('',(18.713345229031,9.054995431219,0.));
#926 = CARTESIAN_POINT('',(18.809220326143,9.177160704985,0.));
#927 = CARTESIAN_POINT('',(18.857683731555,9.240549998817,0.));
#928 = VECTOR('',#929,1.);
#929 = DIRECTION('',(-0.,-0.,-1.));
#930 = ADVANCED_FACE('',(#931),#954,.F.);
#931 = FACE_BOUND('',#932,.F.);
#932 = EDGE_LOOP('',(#933,#934,#941,#949));
#933 = ORIENTED_EDGE('',*,*,#872,.T.);
#934 = ORIENTED_EDGE('',*,*,#935,.T.);
#935 = EDGE_CURVE('',#846,#936,#938,.T.);
#936 = VERTEX_POINT('',#937);
#937 = CARTESIAN_POINT('',(18.560030376218,9.824727601,10.));
#938 = B_SPLINE_CURVE_WITH_KNOTS('',1,(#939,#940),.UNSPECIFIED.,.F.,.F.,
  (2,2),(0.,0.655637850368),.PIECEWISE_BEZIER_KNOTS.);
#939 = CARTESIAN_POINT('',(18.857683731555,9.240549998817,10.));
#940 = CARTESIAN_POINT('',(18.560030376218,9.824727601,10.));
#941 = ORIENTED_EDGE('',*,*,#942,.F.);
#942 = EDGE_CURVE('',#943,#936,#945,.T.);
#943 = VERTEX_POINT('',#944);
#944 = CARTESIAN_POINT('',(18.560030376218,9.824727601,0.));
#945 = LINE('',#946,#947);
#946 = CARTESIAN_POINT('',(18.560030376218,9.824727601,0.));
#947 = VECTOR('',#948,1.);
#948 = DIRECTION('',(0.,0.,1.));
#949 = ORIENTED_EDGE('',*,*,#950,.F.);
#950 = EDGE_CURVE('',#873,#943,#951,.T.);
#951 = B_SPLINE_CURVE_WITH_KNOTS('',1,(#952,#953),.UNSPECIFIED.,.F.,.F.,
  (2,2),(0.,0.655637850368),.PIECEWISE_BEZIER_KNOTS.);
#952 = CARTESIAN_POINT('',(18.857683731555,9.240549998817,0.));
#953 = CARTESIAN_POINT('',(18.560030376218,9.824727601,0.));
#954 = SURFACE_OF_LINEAR_EXTRUSION('',#955,#958);
#955 = B_SPLINE_CURVE_WITH_KNOTS('',1,(#956,#957),.UNSPECIFIED.,.F.,.F.,
  (2,2),(0.,0.655637850368),.PIECEWISE_BEZIER_KNOTS.);
#956 = CARTESIAN_POINT('',(18.857683731555,9.240549998817,0.));
#957 = CARTESIAN_POINT('',(18.560030376218,9.824727601,0.));
#958 = VECTOR('',#959,1.);
#959 = DIRECTION('',(-0.,-0.,-1.));
#960 = ADVANCED_FACE('',(#961),#1024,.F.);
#961 = FACE_BOUND('',#962,.F.);
#962 = EDGE_LOOP('',(#963,#964,#991,#999));
#963 = ORIENTED_EDGE('',*,*,#942,.T.);
#964 = ORIENTED_EDGE('',*,*,#965,.T.);
#965 = EDGE_CURVE('',#936,#966,#968,.T.);
#966 = VERTEX_POINT('',#967);
#967 = CARTESIAN_POINT('',(16.282392197975,9.385765442153,10.));
#968 = B_SPLINE_CURVE_WITH_KNOTS('',3,(#969,#970,#971,#972,#973,#974,
    #975,#976,#977,#978,#979,#980,#981,#982,#983,#984,#985,#986,#987,
    #988,#989,#990),.UNSPECIFIED.,.F.,.F.,(4,1,1,1,1,1,1,1,1,1,1,1,1,1,1
    ,1,1,1,1,4),(0.,0.239379417168,0.465819406568,0.67931996821,
    0.879881102108,1.067502808279,1.242185086743,1.403927937526,
    1.55273136066,1.688595356185,1.811519924156,1.921505064645,
    2.018550777754,2.102657063634,2.173823922514,2.232051354779,
    2.277339361144,2.309687943179,2.329097105599,2.335566881401),
  .UNSPECIFIED.);
#969 = CARTESIAN_POINT('',(18.560030376218,9.824727601,10.));
#970 = CARTESIAN_POINT('',(18.480261285269,9.822779174484,10.));
#971 = CARTESIAN_POINT('',(18.325073534526,9.817021537845,10.));
#972 = CARTESIAN_POINT('',(18.099063281101,9.802682622732,10.));
#973 = CARTESIAN_POINT('',(17.886393737468,9.783584634385,10.));
#974 = CARTESIAN_POINT('',(17.687152575328,9.760413098966,10.));
#975 = CARTESIAN_POINT('',(17.50139768693,9.733859396489,10.));
#976 = CARTESIAN_POINT('',(17.329160698834,9.704613743181,10.));
#977 = CARTESIAN_POINT('',(17.170446162553,9.673365736529,10.));
#978 = CARTESIAN_POINT('',(17.025231835974,9.640803061761,10.));
#979 = CARTESIAN_POINT('',(16.893468745153,9.607610636321,10.));
#980 = CARTESIAN_POINT('',(16.775081315437,9.574469690958,10.));
#981 = CARTESIAN_POINT('',(16.669967593655,9.542056751345,10.));
#982 = CARTESIAN_POINT('',(16.577999267286,9.511043028367,10.));
#983 = CARTESIAN_POINT('',(16.499022451858,9.482092540825,10.));
#984 = CARTESIAN_POINT('',(16.43285628562,9.455864083116,10.));
#985 = CARTESIAN_POINT('',(16.379298073936,9.433001944258,10.));
#986 = CARTESIAN_POINT('',(16.338110367103,9.414157878648,10.));
#987 = CARTESIAN_POINT('',(16.309055387581,9.399931385269,10.));
#988 = CARTESIAN_POINT('',(16.291820160432,9.390998727372,10.));
#989 = CARTESIAN_POINT('',(16.28427193525,9.386822862931,10.));
#990 = CARTESIAN_POINT('',(16.282392197975,9.385765442153,10.));
#991 = ORIENTED_EDGE('',*,*,#992,.F.);
#992 = EDGE_CURVE('',#993,#966,#995,.T.);
#993 = VERTEX_POINT('',#994);
#994 = CARTESIAN_POINT('',(16.282392197975,9.385765442153,0.));
#995 = LINE('',#996,#997);
#996 = CARTESIAN_POINT('',(16.282392197975,9.385765442153,0.));
#997 = VECTOR('',#998,1.);
#998 = DIRECTION('',(0.,0.,1.));
#999 = ORIENTED_EDGE('',*,*,#1000,.F.);
#1000 = EDGE_CURVE('',#943,#993,#1001,.T.);
#1001 = B_SPLINE_CURVE_WITH_KNOTS('',3,(#1002,#1003,#1004,#1005,#1006,
    #1007,#1008,#1009,#1010,#1011,#1012,#1013,#1014,#1015,#1016,#1017,
    #1018,#1019,#1020,#1021,#1022,#1023),.UNSPECIFIED.,.F.,.F.,(4,1,1,1,
    1,1,1,1,1,1,1,1,1,1,1,1,1,1,1,4),(0.,0.239379417168,0.465819406568,
    0.67931996821,0.879881102108,1.067502808279,1.242185086743,
    1.403927937526,1.55273136066,1.688595356185,1.811519924156,
    1.921505064645,2.018550777754,2.102657063634,2.173823922514,
    2.232051354779,2.277339361144,2.309687943179,2.329097105599,
    2.335566881401),.UNSPECIFIED.);
#1002 = CARTESIAN_POINT('',(18.560030376218,9.824727601,0.));
#1003 = CARTESIAN_POINT('',(18.480261285269,9.822779174484,0.));
#1004 = CARTESIAN_POINT('',(18.325073534526,9.817021537845,0.));
#1005 = CARTESIAN_POINT('',(18.099063281101,9.802682622732,0.));
#1006 = CARTESIAN_POINT('',(17.886393737468,9.783584634385,0.));
#1007 = CARTESIAN_POINT('',(17.687152575328,9.760413098966,0.));
#1008 = CARTESIAN_POINT('',(17.50139768693,9.733859396489,0.));
#1009 = CARTESIAN_POINT('',(17.329160698834,9.704613743181,0.));
#1010 = CARTESIAN_POINT('',(17.170446162553,9.673365736529,0.));
#1011 = CARTESIAN_POINT('',(17.025231835974,9.640803061761,0.));
#1012 = CARTESIAN_POINT('',(16.893468745153,9.607610636321,0.));
#1013 = CARTESIAN_POINT('',(16.775081315437,9.574469690958,0.));
#1014 = CARTESIAN_POINT('',(16.669967593655,9.542056751345,0.));
#1015 = CARTESIAN_POINT('',(16.577999267286,9.511043028367,0.));
#1016 = CARTESIAN_POINT('',(16.499022451858,9.482092540825,0.));
#1017 = CARTESIAN_POINT('',(16.43285628562,9.455864083116,0.));
#1018 = CARTESIAN_POINT('',(16.379298073936,9.433001944258,0.));
#1019 = CARTESIAN_POINT('',(16.338110367103,9.414157878648,0.));
#1020 = CARTESIAN_POINT('',(16.309055387581,9.399931385269,0.));
#1021 = CARTESIAN_POINT('',(16.291820160432,9.390998727372,0.));
#1022 = CARTESIAN_POINT('',(16.28427193525,9.386822862931,0.));
#1023 = CARTESIAN_POINT('',(16.282392197975,9.385765442153,0.));
#1024 = SURFACE_OF_LINEAR_EXTRUSION('',#1025,#1048);
#1025 = B_SPLINE_CURVE_WITH_KNOTS('',3,(#1026,#1027,#1028,#1029,#1030,
    #1031,#1032,#1033,#1034,#1035,#1036,#1037,#1038,#1039,#1040,#1041,
    #1042,#1043,#1044,#1045,#1046,#1047),.UNSPECIFIED.,.F.,.F.,(4,1,1,1,
    1,1,1,1,1,1,1,1,1,1,1,1,1,1,1,4),(0.,0.239379417168,0.465819406568,
    0.67931996821,0.879881102108,1.067502808279,1.242185086743,
    1.403927937526,1.55273136066,1.688595356185,1.811519924156,
    1.921505064645,2.018550777754,2.102657063634,2.173823922514,
    2.232051354779,2.277339361144,2.309687943179,2.329097105599,
    2.335566881401),.UNSPECIFIED.);
#1026 = CARTESIAN_POINT('',(18.560030376218,9.824727601,0.));
#1027 = CARTESIAN_POINT('',(18.480261285269,9.822779174484,0.));
#1028 = CARTESIAN_POINT('',(18.325073534526,9.817021537845,0.));
#1029 = CARTESIAN_POINT('',(18.099063281101,9.802682622732,0.));
#1030 = CARTESIAN_POINT('',(17.886393737468,9.783584634385,0.));
#1031 = CARTESIAN_POINT('',(17.687152575328,9.760413098966,0.));
#1032 = CARTESIAN_POINT('',(17.50139768693,9.733859396489,0.));
#1033 = CARTESIAN_POINT('',(17.329160698834,9.704613743181,0.));
#1034 = CARTESIAN_POINT('',(17.170446162553,9.673365736529,0.));
#1035 = CARTESIAN_POINT('',(17.025231835974,9.640803061761,0.));
#1036 = CARTESIAN_POINT('',(16.893468745153,9.607610636321,0.));
#1037 = CARTESIAN_POINT('',(16.775081315437,9.574469690958,0.));
#1038 = CARTESIAN_POINT('',(16.669967593655,9.542056751345,0.));
#1039 = CARTESIAN_POINT('',(16.577999267286,9.511043028367,0.));
#1040 = CARTESIAN_POINT('',(16.499022451858,9.482092540825,0.));
#1041 = CARTESIAN_POINT('',(16.43285628562,9.455864083116,0.));
#1042 = CARTESIAN_POINT('',(16.379298073936,9.433001944258,0.));
#1043 = CARTESIAN_POINT('',(16.338110367103,9.414157878648,0.));
#1044 = CARTESIAN_POINT('',(16.309055387581,9.399931385269,0.));
#1045 = CARTESIAN_POINT('',(16.291820160432,9.390998727372,0.));
#1046 = CARTESIAN_POINT('',(16.28427193525,9.386822862931,0.));
#1047 = CARTESIAN_POINT('',(16.282392197975,9.385765442153,0.));
#1048 = VECTOR('',#1049,1.);
#1049 = DIRECTION('',(-0.,-0.,-1.));
#1050 = ADVANCED_FACE('',(#1051),#1074,.F.);
#1051 = FACE_BOUND('',#1052,.F.);
#1052 = EDGE_LOOP('',(#1053,#1054,#1061,#1069));
#1053 = ORIENTED_EDGE('',*,*,#992,.T.);
#1054 = ORIENTED_EDGE('',*,*,#1055,.T.);
#1055 = EDGE_CURVE('',#966,#1056,#1058,.T.);
#1056 = VERTEX_POINT('',#1057);
#1057 = CARTESIAN_POINT('',(16.244399868582,9.363865276136,10.));
#1058 = B_SPLINE_CURVE_WITH_KNOTS('',1,(#1059,#1060),.UNSPECIFIED.,.F.,
  .F.,(2,2),(0.,4.385241571817E-02),.PIECEWISE_BEZIER_KNOTS.);
#1059 = CARTESIAN_POINT('',(16.282392197975,9.385765442153,10.));
#1060 = CARTESIAN_POINT('',(16.244399868582,9.363865276136,10.));
#1061 = ORIENTED_EDGE('',*,*,#1062,.F.);
#1062 = EDGE_CURVE('',#1063,#1056,#1065,.T.);
#1063 = VERTEX_POINT('',#1064);
#1064 = CARTESIAN_POINT('',(16.244399868582,9.363865276136,0.));
#1065 = LINE('',#1066,#1067);
#1066 = CARTESIAN_POINT('',(16.244399868582,9.363865276136,0.));
#1067 = VECTOR('',#1068,1.);
#1068 = DIRECTION('',(0.,0.,1.));
#1069 = ORIENTED_EDGE('',*,*,#1070,.F.);
#1070 = EDGE_CURVE('',#993,#1063,#1071,.T.);
#1071 = B_SPLINE_CURVE_WITH_KNOTS('',1,(#1072,#1073),.UNSPECIFIED.,.F.,
  .F.,(2,2),(0.,4.385241571817E-02),.PIECEWISE_BEZIER_KNOTS.);
#1072 = CARTESIAN_POINT('',(16.282392197975,9.385765442153,0.));
#1073 = CARTESIAN_POINT('',(16.244399868582,9.363865276136,0.));
#1074 = SURFACE_OF_LINEAR_EXTRUSION('',#1075,#1078);
#1075 = B_SPLINE_CURVE_WITH_KNOTS('',1,(#1076,#1077),.UNSPECIFIED.,.F.,
  .F.,(2,2),(0.,4.385241571817E-02),.PIECEWISE_BEZIER_KNOTS.);
#1076 = CARTESIAN_POINT('',(16.282392197975,9.385765442153,0.));
#1077 = CARTESIAN_POINT('',(16.244399868582,9.363865276136,0.));
#1078 = VECTOR('',#1079,1.);
#1079 = DIRECTION('',(-0.,-0.,-1.));
#1080 = ADVANCED_FACE('',(#1081),#1104,.F.);
#1081 = FACE_BOUND('',#1082,.F.);
#1082 = EDGE_LOOP('',(#1083,#1084,#1091,#1099));
#1083 = ORIENTED_EDGE('',*,*,#1062,.T.);
#1084 = ORIENTED_EDGE('',*,*,#1085,.T.);
#1085 = EDGE_CURVE('',#1056,#1086,#1088,.T.);
#1086 = VERTEX_POINT('',#1087);
#1087 = CARTESIAN_POINT('',(15.718068266964,10.222760388224,10.));
#1088 = B_SPLINE_CURVE_WITH_KNOTS('',1,(#1089,#1090),.UNSPECIFIED.,.F.,
  .F.,(2,2),(0.,1.007335975944),.PIECEWISE_BEZIER_KNOTS.);
#1089 = CARTESIAN_POINT('',(16.244399868582,9.363865276136,10.));
#1090 = CARTESIAN_POINT('',(15.718068266964,10.222760388224,10.));
#1091 = ORIENTED_EDGE('',*,*,#1092,.F.);
#1092 = EDGE_CURVE('',#1093,#1086,#1095,.T.);
#1093 = VERTEX_POINT('',#1094);
#1094 = CARTESIAN_POINT('',(15.718068266964,10.222760388224,0.));
#1095 = LINE('',#1096,#1097);
#1096 = CARTESIAN_POINT('',(15.718068266964,10.222760388224,0.));
#1097 = VECTOR('',#1098,1.);
#1098 = DIRECTION('',(0.,0.,1.));
#1099 = ORIENTED_EDGE('',*,*,#1100,.F.);
#1100 = EDGE_CURVE('',#1063,#1093,#1101,.T.);
#1101 = B_SPLINE_CURVE_WITH_KNOTS('',1,(#1102,#1103),.UNSPECIFIED.,.F.,
  .F.,(2,2),(0.,1.007335975944),.PIECEWISE_BEZIER_KNOTS.);
#1102 = CARTESIAN_POINT('',(16.244399868582,9.363865276136,0.));
#1103 = CARTESIAN_POINT('',(15.718068266964,10.222760388224,0.));
#1104 = SURFACE_OF_LINEAR_EXTRUSION('',#1105,#1108);
#1105 = B_SPLINE_CURVE_WITH_KNOTS('',1,(#1106,#1107),.UNSPECIFIED.,.F.,
  .F.,(2,2),(0.,1.007335975944),.PIECEWISE_BEZIER_KNOTS.);
#1106 = CARTESIAN_POINT('',(16.244399868582,9.363865276136,0.));
#1107 = CARTESIAN_POINT('',(15.718068266964,10.222760388224,0.));
#1108 = VECTOR('',#1109,1.);
#1109 = DIRECTION('',(-0.,-0.,-1.));
#1110 = ADVANCED_FACE('',(#1111),#1134,.F.);
#1111 = FACE_BOUND('',#1112,.F.);
#1112 = EDGE_LOOP('',(#1113,#1114,#1121,#1129));
#1113 = ORIENTED_EDGE('',*,*,#1092,.T.);
#1114 = ORIENTED_EDGE('',*,*,#1115,.T.);
#1115 = EDGE_CURVE('',#1086,#1116,#1118,.T.);
#1116 = VERTEX_POINT('',#1117);
#1117 = CARTESIAN_POINT('',(15.754829614374,10.246669334269,10.));
#1118 = B_SPLINE_CURVE_WITH_KNOTS('',1,(#1119,#1120),.UNSPECIFIED.,.F.,
  .F.,(2,2),(0.,4.385241571817E-02),.PIECEWISE_BEZIER_KNOTS.);
#1119 = CARTESIAN_POINT('',(15.718068266964,10.222760388224,10.));
#1120 = CARTESIAN_POINT('',(15.754829614374,10.246669334269,10.));
#1121 = ORIENTED_EDGE('',*,*,#1122,.F.);
#1122 = EDGE_CURVE('',#1123,#1116,#1125,.T.);
#1123 = VERTEX_POINT('',#1124);
#1124 = CARTESIAN_POINT('',(15.754829614374,10.246669334269,0.));
#1125 = LINE('',#1126,#1127);
#1126 = CARTESIAN_POINT('',(15.754829614374,10.246669334269,0.));
#1127 = VECTOR('',#1128,1.);
#1128 = DIRECTION('',(0.,0.,1.));
#1129 = ORIENTED_EDGE('',*,*,#1130,.F.);
#1130 = EDGE_CURVE('',#1093,#1123,#1131,.T.);
#1131 = B_SPLINE_CURVE_WITH_KNOTS('',1,(#1132,#1133),.UNSPECIFIED.,.F.,
  .F.,(2,2),(0.,4.385241571817E-02),.PIECEWISE_BEZIER_KNOTS.);
#1132 = CARTESIAN_POINT('',(15.718068266964,10.222760388224,0.));
#1133 = CARTESIAN_POINT('',(15.754829614374,10.246669334269,0.));
#1134 = SURFACE_OF_LINEAR_EXTRUSION('',#1135,#1138);
#1135 = B_SPLINE_CURVE_WITH_KNOTS('',1,(#1136,#1137),.UNSPECIFIED.,.F.,
  .F.,(2,2),(0.,4.385241571817E-02),.PIECEWISE_BEZIER_KNOTS.);
#1136 = CARTESIAN_POINT('',(15.718068266964,10.222760388224,0.));
#1137 = CARTESIAN_POINT('',(15.754829614374,10.246669334269,0.));
#1138 = VECTOR('',#1139,1.);
#1139 = DIRECTION('',(-0.,-0.,-1.));
#1140 = ADVANCED_FACE('',(#1141),#1204,.F.);
#1141 = FACE_BOUND('',#1142,.F.);
#1142 = EDGE_LOOP('',(#1143,#1144,#1171,#1179));
#1143 = ORIENTED_EDGE('',*,*,#1122,.T.);
#1144 = ORIENTED_EDGE('',*,*,#1145,.T.);
#1145 = EDGE_CURVE('',#1116,#1146,#1148,.T.);
#1146 = VERTEX_POINT('',#1147);
#1147 = CARTESIAN_POINT('',(17.179973856545,12.076775160962,10.));
#1148 = B_SPLINE_CURVE_WITH_KNOTS('',3,(#1149,#1150,#1151,#1152,#1153,
    #1154,#1155,#1156,#1157,#1158,#1159,#1160,#1161,#1162,#1163,#1164,
    #1165,#1166,#1167,#1168,#1169,#1170),.UNSPECIFIED.,.F.,.F.,(4,1,1,1,
    1,1,1,1,1,1,1,1,1,1,1,1,1,1,1,4),(0.,6.469775801205E-03,
    2.587893822125E-02,5.822752025674E-02,0.103515526622,0.161742958887,
    0.232909817767,0.317016103646,0.414061816756,0.524046957245,
    0.646971525216,0.782835520741,0.931638943874,1.093381794658,
    1.268064073122,1.455685779293,1.656246913191,1.869747474833,
    2.096187464232,2.335566881401),.UNSPECIFIED.);
#1149 = CARTESIAN_POINT('',(15.754829614374,10.246669334269,10.));
#1150 = CARTESIAN_POINT('',(15.756625166051,10.247864133456,10.));
#1151 = CARTESIAN_POINT('',(15.763772711034,10.252693848555,10.));
#1152 = CARTESIAN_POINT('',(15.779556396885,10.263995206568,10.));
#1153 = CARTESIAN_POINT('',(15.805422979976,10.283424690044,10.));
#1154 = CARTESIAN_POINT('',(15.840911992985,10.311568178786,10.));
#1155 = CARTESIAN_POINT('',(15.885597227152,10.348909700974,10.));
#1156 = CARTESIAN_POINT('',(15.939005764966,10.39595671615,10.));
#1157 = CARTESIAN_POINT('',(16.000655562148,10.453182327649,10.));
#1158 = CARTESIAN_POINT('',(16.070041738109,10.521046770869,10.));
#1159 = CARTESIAN_POINT('',(16.146642509854,10.599988616105,10.));
#1160 = CARTESIAN_POINT('',(16.229918076769,10.690426914017,10.));
#1161 = CARTESIAN_POINT('',(16.31931193584,10.792759641773,10.));
#1162 = CARTESIAN_POINT('',(16.414251416196,10.907363409169,10.));
#1163 = CARTESIAN_POINT('',(16.514148485633,11.034592798323,10.));
#1164 = CARTESIAN_POINT('',(16.618400509834,11.174779829663,10.));
#1165 = CARTESIAN_POINT('',(16.726390986595,11.328233518468,10.));
#1166 = CARTESIAN_POINT('',(16.837490570598,11.495239036877,10.));
#1167 = CARTESIAN_POINT('',(16.951056955207,11.676058682477,10.));
#1168 = CARTESIAN_POINT('',(17.066439530021,11.870925561574,10.));
#1169 = CARTESIAN_POINT('',(17.142023386344,12.006584947625,10.));
#1170 = CARTESIAN_POINT('',(17.179973856545,12.076775160962,10.));
#1171 = ORIENTED_EDGE('',*,*,#1172,.F.);
#1172 = EDGE_CURVE('',#1173,#1146,#1175,.T.);
#1173 = VERTEX_POINT('',#1174);
#1174 = CARTESIAN_POINT('',(17.179973856545,12.076775160962,0.));
#1175 = LINE('',#1176,#1177);
#1176 = CARTESIAN_POINT('',(17.179973856545,12.076775160962,0.));
#1177 = VECTOR('',#1178,1.);
#1178 = DIRECTION('',(0.,0.,1.));
#1179 = ORIENTED_EDGE('',*,*,#1180,.F.);
#1180 = EDGE_CURVE('',#1123,#1173,#1181,.T.);
#1181 = B_SPLINE_CURVE_WITH_KNOTS('',3,(#1182,#1183,#1184,#1185,#1186,
    #1187,#1188,#1189,#1190,#1191,#1192,#1193,#1194,#1195,#1196,#1197,
    #1198,#1199,#1200,#1201,#1202,#1203),.UNSPECIFIED.,.F.,.F.,(4,1,1,1,
    1,1,1,1,1,1,1,1,1,1,1,1,1,1,1,4),(0.,6.469775801205E-03,
    2.587893822125E-02,5.822752025674E-02,0.103515526622,0.161742958887,
    0.232909817767,0.317016103646,0.414061816756,0.524046957245,
    0.646971525216,0.782835520741,0.931638943874,1.093381794658,
    1.268064073122,1.455685779293,1.656246913191,1.869747474833,
    2.096187464232,2.335566881401),.UNSPECIFIED.);
#1182 = CARTESIAN_POINT('',(15.754829614374,10.246669334269,0.));
#1183 = CARTESIAN_POINT('',(15.756625166051,10.247864133456,0.));
#1184 = CARTESIAN_POINT('',(15.763772711034,10.252693848555,0.));
#1185 = CARTESIAN_POINT('',(15.779556396885,10.263995206568,0.));
#1186 = CARTESIAN_POINT('',(15.805422979976,10.283424690044,0.));
#1187 = CARTESIAN_POINT('',(15.840911992985,10.311568178786,0.));
#1188 = CARTESIAN_POINT('',(15.885597227152,10.348909700974,0.));
#1189 = CARTESIAN_POINT('',(15.939005764966,10.39595671615,0.));
#1190 = CARTESIAN_POINT('',(16.000655562148,10.453182327649,0.));
#1191 = CARTESIAN_POINT('',(16.070041738109,10.521046770869,0.));
#1192 = CARTESIAN_POINT('',(16.146642509854,10.599988616105,0.));
#1193 = CARTESIAN_POINT('',(16.229918076769,10.690426914017,0.));
#1194 = CARTESIAN_POINT('',(16.31931193584,10.792759641773,0.));
#1195 = CARTESIAN_POINT('',(16.414251416196,10.907363409169,0.));
#1196 = CARTESIAN_POINT('',(16.514148485633,11.034592798323,0.));
#1197 = CARTESIAN_POINT('',(16.618400509834,11.174779829663,0.));
#1198 = CARTESIAN_POINT('',(16.726390986595,11.328233518468,0.));
#1199 = CARTESIAN_POINT('',(16.837490570598,11.495239036877,0.));
#1200 = CARTESIAN_POINT('',(16.951056955207,11.676058682477,0.));
#1201 = CARTESIAN_POINT('',(17.066439530021,11.870925561574,0.));
#1202 = CARTESIAN_POINT('',(17.142023386344,12.006584947625,0.));
#1203 = CARTESIAN_POINT('',(17.179973856545,12.076775160962,0.));
#1204 = SURFACE_OF_LINEAR_EXTRUSION('',#1205,#1228);
#1205 = B_SPLINE_CURVE_WITH_KNOTS('',3,(#1206,#1207,#1208,#1209,#1210,
    #1211,#1212,#1213,#1214,#1215,#1216,#1217,#1218,#1219,#1220,#1221,
    #1222,#1223,#1224,#1225,#1226,#1227),.UNSPECIFIED.,.F.,.F.,(4,1,1,1,
    1,1,1,1,1,1,1,1,1,1,1,1,1,1,1,4),(0.,6.469775801205E-03,
    2.587893822125E-02,5.822752025674E-02,0.103515526622,0.161742958887,
    0.232909817767,0.317016103646,0.414061816756,0.524046957245,
    0.646971525216,0.782835520741,0.931638943874,1.093381794658,
    1.268064073122,1.455685779293,1.656246913191,1.869747474833,
    2.096187464232,2.335566881401),.UNSPECIFIED.);
#1206 = CARTESIAN_POINT('',(15.754829614374,10.246669334269,0.));
#1207 = CARTESIAN_POINT('',(15.756625166051,10.247864133456,0.));
#1208 = CARTESIAN_POINT('',(15.763772711034,10.252693848555,0.));
#1209 = CARTESIAN_POINT('',(15.779556396885,10.263995206568,0.));
#1210 = CARTESIAN_POINT('',(15.805422979976,10.283424690044,0.));
#1211 = CARTESIAN_POINT('',(15.840911992985,10.311568178786,0.));
#1212 = CARTESIAN_POINT('',(15.885597227152,10.348909700974,0.));
#1213 = CARTESIAN_POINT('',(15.939005764966,10.39595671615,0.));
#1214 = CARTESIAN_POINT('',(16.000655562148,10.453182327649,0.));
#1215 = CARTESIAN_POINT('',(16.070041738109,10.521046770869,0.));
#1216 = CARTESIAN_POINT('',(16.146642509854,10.599988616105,0.));
#1217 = CARTESIAN_POINT('',(16.229918076769,10.690426914017,0.));
#1218 = CARTESIAN_POINT('',(16.31931193584,10.792759641773,0.));
#1219 = CARTESIAN_POINT('',(16.414251416196,10.907363409169,0.));
#1220 = CARTESIAN_POINT('',(16.514148485633,11.034592798323,0.));
#1221 = CARTESIAN_POINT('',(16.618400509834,11.174779829663,0.));
#1222 = CARTESIAN_POINT('',(16.726390986595,11.328233518468,0.));
#1223 = CARTESIAN_POINT('',(16.837490570598,11.495239036877,0.));
#1224 = CARTESIAN_POINT('',(16.951056955207,11.676058682477,0.));
#1225 = CARTESIAN_POINT('',(17.066439530021,11.870925561574,0.));
#1226 = CARTESIAN_POINT('',(17.142023386344,12.006584947625,0.));
#1227 = CARTESIAN_POINT('',(17.179973856545,12.076775160962,0.));
#1228 = VECTOR('',#1229,1.);
#1229 = DIRECTION('',(-0.,-0.,-1.));
#1230 = ADVANCED_FACE('',(#1231),#1254,.F.);
#1231 = FACE_BOUND('',#1232,.F.);
#1232 = EDGE_LOOP('',(#1233,#1234,#1241,#1249));
#1233 = ORIENTED_EDGE('',*,*,#1172,.T.);
#1234 = ORIENTED_EDGE('',*,*,#1235,.T.);
#1235 = EDGE_CURVE('',#1146,#1236,#1238,.T.);
#1236 = VERTEX_POINT('',#1237);
#1237 = CARTESIAN_POINT('',(16.794599597254,12.607197324065,10.));
#1238 = B_SPLINE_CURVE_WITH_KNOTS('',1,(#1239,#1240),.UNSPECIFIED.,.F.,
  .F.,(2,2),(0.,0.655637850368),.PIECEWISE_BEZIER_KNOTS.);
#1239 = CARTESIAN_POINT('',(17.179973856545,12.076775160962,10.));
#1240 = CARTESIAN_POINT('',(16.794599597254,12.607197324065,10.));
#1241 = ORIENTED_EDGE('',*,*,#1242,.F.);
#1242 = EDGE_CURVE('',#1243,#1236,#1245,.T.);
#1243 = VERTEX_POINT('',#1244);
#1244 = CARTESIAN_POINT('',(16.794599597254,12.607197324065,0.));
#1245 = LINE('',#1246,#1247);
#1246 = CARTESIAN_POINT('',(16.794599597254,12.607197324065,0.));
#1247 = VECTOR('',#1248,1.);
#1248 = DIRECTION('',(0.,0.,1.));
#1249 = ORIENTED_EDGE('',*,*,#1250,.F.);
#1250 = EDGE_CURVE('',#1173,#1243,#1251,.T.);
#1251 = B_SPLINE_CURVE_WITH_KNOTS('',1,(#1252,#1253),.UNSPECIFIED.,.F.,
  .F.,(2,2),(0.,0.655637850368),.PIECEWISE_BEZIER_KNOTS.);
#1252 = CARTESIAN_POINT('',(17.179973856545,12.076775160962,0.));
#1253 = CARTESIAN_POINT('',(16.794599597254,12.607197324065,0.));
#1254 = SURFACE_OF_LINEAR_EXTRUSION('',#1255,#1258);
#1255 = B_SPLINE_CURVE_WITH_KNOTS('',1,(#1256,#1257),.UNSPECIFIED.,.F.,
  .F.,(2,2),(0.,0.655637850368),.PIECEWISE_BEZIER_KNOTS.);
#1256 = CARTESIAN_POINT('',(17.179973856545,12.076775160962,0.));
#1257 = CARTESIAN_POINT('',(16.794599597254,12.607197324065,0.));
#1258 = VECTOR('',#1259,1.);
#1259 = DIRECTION('',(-0.,-0.,-1.));
#1260 = ADVANCED_FACE('',(#1261),#1324,.F.);
#1261 = FACE_BOUND('',#1262,.F.);
#1262 = EDGE_LOOP('',(#1263,#1264,#1291,#1299));
#1263 = ORIENTED_EDGE('',*,*,#1242,.T.);
#1264 = ORIENTED_EDGE('',*,*,#1265,.T.);
#1265 = EDGE_CURVE('',#1236,#1266,#1268,.T.);
#1266 = VERTEX_POINT('',#1267);
#1267 = CARTESIAN_POINT('',(14.613671735001,11.817338407841,10.));
#1268 = B_SPLINE_CURVE_WITH_KNOTS('',3,(#1269,#1270,#1271,#1272,#1273,
    #1274,#1275,#1276,#1277,#1278,#1279,#1280,#1281,#1282,#1283,#1284,
    #1285,#1286,#1287,#1288,#1289,#1290),.UNSPECIFIED.,.F.,.F.,(4,1,1,1,
    1,1,1,1,1,1,1,1,1,1,1,1,1,1,1,4),(0.,0.239379417168,0.465819406568,
    0.67931996821,0.879881102108,1.067502808279,1.242185086743,
    1.403927937526,1.55273136066,1.688595356185,1.811519924156,
    1.921505064645,2.018550777754,2.102657063634,2.173823922514,
    2.232051354779,2.277339361144,2.309687943179,2.329097105599,
    2.335566881401),.UNSPECIFIED.);
#1269 = CARTESIAN_POINT('',(16.794599597254,12.607197324065,10.));
#1270 = CARTESIAN_POINT('',(16.716117397243,12.592794250843,10.));
#1271 = CARTESIAN_POINT('',(16.563740958039,12.562830787498,10.));
#1272 = CARTESIAN_POINT('',(16.342756366391,12.513312615135,10.));
#1273 = CARTESIAN_POINT('',(16.135692721335,12.461180908428,10.));
#1274 = CARTESIAN_POINT('',(15.94252937527,12.407126468447,10.));
#1275 = CARTESIAN_POINT('',(15.763215352033,12.351841219516,10.));
#1276 = CARTESIAN_POINT('',(15.597673915201,12.296011827637,10.));
#1277 = CARTESIAN_POINT('',(15.445801683437,12.240320112224,10.));
#1278 = CARTESIAN_POINT('',(15.307469110796,12.185441812522,10.));
#1279 = CARTESIAN_POINT('',(15.182520681588,12.132045752293,10.));
#1280 = CARTESIAN_POINT('',(15.070775183643,12.080792952728,10.));
#1281 = CARTESIAN_POINT('',(14.972026087072,12.032335661352,10.));
#1282 = CARTESIAN_POINT('',(14.886041658576,11.987316752832,10.));
#1283 = CARTESIAN_POINT('',(14.812566032832,11.946367997961,10.));
#1284 = CARTESIAN_POINT('',(14.751317516647,11.91011178727,10.));
#1285 = CARTESIAN_POINT('',(14.701995121886,11.879152769085,10.));
#1286 = CARTESIAN_POINT('',(14.664262365394,11.854097528309,10.));
#1287 = CARTESIAN_POINT('',(14.637790614765,11.835500986492,10.));
#1288 = CARTESIAN_POINT('',(14.622164957421,11.823982120898,10.));
#1289 = CARTESIAN_POINT('',(14.615362912537,11.818676865709,10.));
#1290 = CARTESIAN_POINT('',(14.613671735001,11.817338407841,10.));
#1291 = ORIENTED_EDGE('',*,*,#1292,.F.);
#1292 = EDGE_CURVE('',#1293,#1266,#1295,.T.);
#1293 = VERTEX_POINT('',#1294);
#1294 = CARTESIAN_POINT('',(14.613671735001,11.817338407841,0.));
#1295 = LINE('',#1296,#1297);
#1296 = CARTESIAN_POINT('',(14.613671735001,11.817338407841,0.));
#1297 = VECTOR('',#1298,1.);
#1298 = DIRECTION('',(0.,0.,1.));
#1299 = ORIENTED_EDGE('',*,*,#1300,.F.);
#1300 = EDGE_CURVE('',#1243,#1293,#1301,.T.);
#1301 = B_SPLINE_CURVE_WITH_KNOTS('',3,(#1302,#1303,#1304,#1305,#1306,
    #1307,#1308,#1309,#1310,#1311,#1312,#1313,#1314,#1315,#1316,#1317,
    #1318,#1319,#1320,#1321,#1322,#1323),.UNSPECIFIED.,.F.,.F.,(4,1,1,1,
    1,1,1,1,1,1,1,1,1,1,1,1,1,1,1,4),(0.,0.239379417168,0.465819406568,
    0.67931996821,0.879881102108,1.067502808279,1.242185086743,
    1.403927937526,1.55273136066,1.688595356185,1.811519924156,
    1.921505064645,2.018550777754,2.102657063634,2.173823922514,
    2.232051354779,2.277339361144,2.309687943179,2.329097105599,
    2.335566881401),.UNSPECIFIED.);
#1302 = CARTESIAN_POINT('',(16.794599597254,12.607197324065,0.));
#1303 = CARTESIAN_POINT('',(16.716117397243,12.592794250843,0.));
#1304 = CARTESIAN_POINT('',(16.563740958039,12.562830787498,0.));
#1305 = CARTESIAN_POINT('',(16.342756366391,12.513312615135,0.));
#1306 = CARTESIAN_POINT('',(16.135692721335,12.461180908428,0.));
#1307 = CARTESIAN_POINT('',(15.94252937527,12.407126468447,0.));
#1308 = CARTESIAN_POINT('',(15.763215352033,12.351841219516,0.));
#1309 = CARTESIAN_POINT('',(15.597673915201,12.296011827637,0.));
#1310 = CARTESIAN_POINT('',(15.445801683437,12.240320112224,0.));
#1311 = CARTESIAN_POINT('',(15.307469110796,12.185441812522,0.));
#1312 = CARTESIAN_POINT('',(15.182520681588,12.132045752293,0.));
#1313 = CARTESIAN_POINT('',(15.070775183643,12.080792952728,0.));
#1314 = CARTESIAN_POINT('',(14.972026087072,12.032335661352,0.));
#1315 = CARTESIAN_POINT('',(14.886041658576,11.987316752832,0.));
#1316 = CARTESIAN_POINT('',(14.812566032832,11.946367997961,0.));
#1317 = CARTESIAN_POINT('',(14.751317516647,11.91011178727,0.));
#1318 = CARTESIAN_POINT('',(14.701995121886,11.879152769085,0.));
#1319 = CARTESIAN_POINT('',(14.664262365394,11.854097528309,0.));
#1320 = CARTESIAN_POINT('',(14.637790614765,11.835500986492,0.));
#1321 = CARTESIAN_POINT('',(14.622164957421,11.823982120898,0.));
#1322 = CARTESIAN_POINT('',(14.615362912537,11.818676865709,0.));
#1323 = CARTESIAN_POINT('',(14.613671735001,11.817338407841,0.));
#1324 = SURFACE_OF_LINEAR_EXTRUSION('',#1325,#1348);
#1325 = B_SPLINE_CURVE_WITH_KNOTS('',3,(#1326,#1327,#1328,#1329,#1330,
    #1331,#1332,#1333,#1334,#1335,#1336,#1337,#1338,#1339,#1340,#1341,
    #1342,#1343,#1344,#1345,#1346,#1347),.UNSPECIFIED.,.F.,.F.,(4,1,1,1,
    1,1,1,1,1,1,1,1,1,1,1,1,1,1,1,4),(0.,0.239379417168,0.465819406568,
    0.67931996821,0.879881102108,1.067502808279,1.242185086743,
    1.403927937526,1.55273136066,1.688595356185,1.811519924156,
    1.921505064645,2.018550777754,2.102657063634,2.173823922514,
    2.232051354779,2.277339361144,2.309687943179,2.329097105599,
    2.335566881401),.UNSPECIFIED.);
#1326 = CARTESIAN_POINT('',(16.794599597254,12.607197324065,0.));
#1327 = CARTESIAN_POINT('',(16.716117397243,12.592794250843,0.));
#1328 = CARTESIAN_POINT('',(16.563740958039,12.562830787498,0.));
#1329 = CARTESIAN_POINT('',(16.342756366391,12.513312615135,0.));
#1330 = CARTESIAN_POINT('',(16.135692721335,12.461180908428,0.));
#1331 = CARTESIAN_POINT('',(15.94252937527,12.407126468447,0.));
#1332 = CARTESIAN_POINT('',(15.763215352033,12.351841219516,0.));
#1333 = CARTESIAN_POINT('',(15.597673915201,12.296011827637,0.));
#1334 = CARTESIAN_POINT('',(15.445801683437,12.240320112224,0.));
#1335 = CARTESIAN_POINT('',(15.307469110796,12.185441812522,0.));
#1336 = CARTESIAN_POINT('',(15.182520681588,12.132045752293,0.));
#1337 = CARTESIAN_POINT('',(15.070775183643,12.080792952728,0.));
#1338 = CARTESIAN_POINT('',(14.972026087072,12.032335661352,0.));
#1339 = CARTESIAN_POINT('',(14.886041658576,11.987316752832,0.));
#1340 = CARTESIAN_POINT('',(14.812566032832,11.946367997961,0.));
#1341 = CARTESIAN_POINT('',(14.751317516647,11.91011178727,0.));
#1342 = CARTESIAN_POINT('',(14.701995121886,11.879152769085,0.));
#1343 = CARTESIAN_POINT('',(14.664262365394,11.854097528309,0.));
#1344 = CARTESIAN_POINT('',(14.637790614765,11.835500986492,0.));
#1345 = CARTESIAN_POINT('',(14.622164957421,11.823982120898,0.));
#1346 = CARTESIAN_POINT('',(14.615362912537,11.818676865709,0.));
#1347 = CARTESIAN_POINT('',(14.613671735001,11.817338407841,0.));
#1348 = VECTOR('',#1349,1.);
#1349 = DIRECTION('',(-0.,-0.,-1.));
#1350 = ADVANCED_FACE('',(#1351),#1374,.F.);
#1351 = FACE_BOUND('',#1352,.F.);
#1352 = EDGE_LOOP('',(#1353,#1354,#1361,#1369));
#1353 = ORIENTED_EDGE('',*,*,#1292,.T.);
#1354 = ORIENTED_EDGE('',*,*,#1355,.T.);
#1355 = EDGE_CURVE('',#1266,#1356,#1358,.T.);
#1356 = VERTEX_POINT('',#1357);
#1357 = CARTESIAN_POINT('',(14.579573094982,11.789764559484,10.));
#1358 = B_SPLINE_CURVE_WITH_KNOTS('',1,(#1359,#1360),.UNSPECIFIED.,.F.,
  .F.,(2,2),(0.,4.385241571817E-02),.PIECEWISE_BEZIER_KNOTS.);
#1359 = CARTESIAN_POINT('',(14.613671735001,11.817338407841,10.));
#1360 = CARTESIAN_POINT('',(14.579573094982,11.789764559484,10.));
#1361 = ORIENTED_EDGE('',*,*,#1362,.F.);
#1362 = EDGE_CURVE('',#1363,#1356,#1365,.T.);
#1363 = VERTEX_POINT('',#1364);
#1364 = CARTESIAN_POINT('',(14.579573094982,11.789764559484,0.));
#1365 = LINE('',#1366,#1367);
#1366 = CARTESIAN_POINT('',(14.579573094982,11.789764559484,0.));
#1367 = VECTOR('',#1368,1.);
#1368 = DIRECTION('',(0.,0.,1.));
#1369 = ORIENTED_EDGE('',*,*,#1370,.F.);
#1370 = EDGE_CURVE('',#1293,#1363,#1371,.T.);
#1371 = B_SPLINE_CURVE_WITH_KNOTS('',1,(#1372,#1373),.UNSPECIFIED.,.F.,
  .F.,(2,2),(0.,4.385241571817E-02),.PIECEWISE_BEZIER_KNOTS.);
#1372 = CARTESIAN_POINT('',(14.613671735001,11.817338407841,0.));
#1373 = CARTESIAN_POINT('',(14.579573094982,11.789764559484,0.));
#1374 = SURFACE_OF_LINEAR_EXTRUSION('',#1375,#1378);
#1375 = B_SPLINE_CURVE_WITH_KNOTS('',1,(#1376,#1377),.UNSPECIFIED.,.F.,
  .F.,(2,2),(0.,4.385241571817E-02),.PIECEWISE_BEZIER_KNOTS.);
#1376 = CARTESIAN_POINT('',(14.613671735001,11.817338407841,0.));
#1377 = CARTESIAN_POINT('',(14.579573094982,11.789764559484,0.));
#1378 = VECTOR('',#1379,1.);
#1379 = DIRECTION('',(-0.,-0.,-1.));
#1380 = ADVANCED_FACE('',(#1381),#1404,.F.);
#1381 = FACE_BOUND('',#1382,.F.);
#1382 = EDGE_LOOP('',(#1383,#1384,#1391,#1399));
#1383 = ORIENTED_EDGE('',*,*,#1362,.T.);
#1384 = ORIENTED_EDGE('',*,*,#1385,.T.);
#1385 = EDGE_CURVE('',#1356,#1386,#1388,.T.);
#1386 = VERTEX_POINT('',#1387);
#1387 = CARTESIAN_POINT('',(13.925360711393,12.555748844955,10.));
#1388 = B_SPLINE_CURVE_WITH_KNOTS('',1,(#1389,#1390),.UNSPECIFIED.,.F.,
  .F.,(2,2),(0.,1.007335975944),.PIECEWISE_BEZIER_KNOTS.);
#1389 = CARTESIAN_POINT('',(14.579573094982,11.789764559484,10.));
#1390 = CARTESIAN_POINT('',(13.925360711393,12.555748844955,10.));
#1391 = ORIENTED_EDGE('',*,*,#1392,.F.);
#1392 = EDGE_CURVE('',#1393,#1386,#1395,.T.);
#1393 = VERTEX_POINT('',#1394);
#1394 = CARTESIAN_POINT('',(13.925360711393,12.555748844955,0.));
#1395 = LINE('',#1396,#1397);
#1396 = CARTESIAN_POINT('',(13.925360711393,12.555748844955,0.));
#1397 = VECTOR('',#1398,1.);
#1398 = DIRECTION('',(0.,0.,1.));
#1399 = ORIENTED_EDGE('',*,*,#1400,.F.);
#1400 = EDGE_CURVE('',#1363,#1393,#1401,.T.);
#1401 = B_SPLINE_CURVE_WITH_KNOTS('',1,(#1402,#1403),.UNSPECIFIED.,.F.,
  .F.,(2,2),(0.,1.007335975944),.PIECEWISE_BEZIER_KNOTS.);
#1402 = CARTESIAN_POINT('',(14.579573094982,11.789764559484,0.));
#1403 = CARTESIAN_POINT('',(13.925360711393,12.555748844955,0.));
#1404 = SURFACE_OF_LINEAR_EXTRUSION('',#1405,#1408);
#1405 = B_SPLINE_CURVE_WITH_KNOTS('',1,(#1406,#1407),.UNSPECIFIED.,.F.,
  .F.,(2,2),(0.,1.007335975944),.PIECEWISE_BEZIER_KNOTS.);
#1406 = CARTESIAN_POINT('',(14.579573094982,11.789764559484,0.));
#1407 = CARTESIAN_POINT('',(13.925360711393,12.555748844955,0.));
#1408 = VECTOR('',#1409,1.);
#1409 = DIRECTION('',(-0.,-0.,-1.));
#1410 = ADVANCED_FACE('',(#1411),#1434,.F.);
#1411 = FACE_BOUND('',#1412,.F.);
#1412 = EDGE_LOOP('',(#1413,#1414,#1421,#1429));
#1413 = ORIENTED_EDGE('',*,*,#1392,.T.);
#1414 = ORIENTED_EDGE('',*,*,#1415,.T.);
#1415 = EDGE_CURVE('',#1386,#1416,#1418,.T.);
#1416 = VERTEX_POINT('',#1417);
#1417 = CARTESIAN_POINT('',(13.95792928243,12.585114173915,10.));
#1418 = B_SPLINE_CURVE_WITH_KNOTS('',1,(#1419,#1420),.UNSPECIFIED.,.F.,
  .F.,(2,2),(0.,4.385241571817E-02),.PIECEWISE_BEZIER_KNOTS.);
#1419 = CARTESIAN_POINT('',(13.925360711393,12.555748844955,10.));
#1420 = CARTESIAN_POINT('',(13.95792928243,12.585114173915,10.));
#1421 = ORIENTED_EDGE('',*,*,#1422,.F.);
#1422 = EDGE_CURVE('',#1423,#1416,#1425,.T.);
#1423 = VERTEX_POINT('',#1424);
#1424 = CARTESIAN_POINT('',(13.95792928243,12.585114173915,0.));
#1425 = LINE('',#1426,#1427);
#1426 = CARTESIAN_POINT('',(13.95792928243,12.585114173915,0.));
#1427 = VECTOR('',#1428,1.);
#1428 = DIRECTION('',(0.,0.,1.));
#1429 = ORIENTED_EDGE('',*,*,#1430,.F.);
#1430 = EDGE_CURVE('',#1393,#1423,#1431,.T.);
#1431 = B_SPLINE_CURVE_WITH_KNOTS('',1,(#1432,#1433),.UNSPECIFIED.,.F.,
  .F.,(2,2),(0.,4.385241571817E-02),.PIECEWISE_BEZIER_KNOTS.);
#1432 = CARTESIAN_POINT('',(13.925360711393,12.555748844955,0.));
#1433 = CARTESIAN_POINT('',(13.95792928243,12.585114173915,0.));
#1434 = SURFACE_OF_LINEAR_EXTRUSION('',#1435,#1438);
#1435 = B_SPLINE_CURVE_WITH_KNOTS('',1,(#1436,#1437),.UNSPECIFIED.,.F.,
  .F.,(2,2),(0.,4.385241571817E-02),.PIECEWISE_BEZIER_KNOTS.);
#1436 = CARTESIAN_POINT('',(13.925360711393,12.555748844955,0.));
#1437 = CARTESIAN_POINT('',(13.95792928243,12.585114173915,0.));
#1438 = VECTOR('',#1439,1.);
#1439 = DIRECTION('',(-0.,-0.,-1.));
#1440 = ADVANCED_FACE('',(#1441),#1504,.F.);
#1441 = FACE_BOUND('',#1442,.F.);
#1442 = EDGE_LOOP('',(#1443,#1444,#1471,#1479));
#1443 = ORIENTED_EDGE('',*,*,#1422,.T.);
#1444 = ORIENTED_EDGE('',*,*,#1445,.T.);
#1445 = EDGE_CURVE('',#1416,#1446,#1448,.T.);
#1446 = VERTEX_POINT('',#1447);
#1447 = CARTESIAN_POINT('',(15.079236008123,14.615630038125,10.));
#1448 = B_SPLINE_CURVE_WITH_KNOTS('',3,(#1449,#1450,#1451,#1452,#1453,
    #1454,#1455,#1456,#1457,#1458,#1459,#1460,#1461,#1462,#1463,#1464,
    #1465,#1466,#1467,#1468,#1469,#1470),.UNSPECIFIED.,.F.,.F.,(4,1,1,1,
    1,1,1,1,1,1,1,1,1,1,1,1,1,1,1,4),(0.,6.469775801205E-03,
    2.587893822125E-02,5.822752025674E-02,0.103515526622,0.161742958887,
    0.232909817767,0.317016103646,0.414061816756,0.524046957245,
    0.646971525216,0.782835520741,0.931638943874,1.093381794658,
    1.268064073122,1.455685779293,1.656246913191,1.869747474833,
    2.096187464232,2.335566881401),.UNSPECIFIED.);
#1449 = CARTESIAN_POINT('',(13.95792928243,12.585114173915,10.));
#1450 = CARTESIAN_POINT('',(13.959515820114,12.586575149309,10.));
#1451 = CARTESIAN_POINT('',(13.96581983306,12.592463524976,10.));
#1452 = CARTESIAN_POINT('',(13.979641273652,12.606094856971,10.));
#1453 = CARTESIAN_POINT('',(14.002149955328,12.629331556352,10.));
#1454 = CARTESIAN_POINT('',(14.03279942809,12.66268025681,10.));
#1455 = CARTESIAN_POINT('',(14.071093011827,12.706552353598,10.));
#1456 = CARTESIAN_POINT('',(14.116484227264,12.761375077989,10.));
#1457 = CARTESIAN_POINT('',(14.168422955219,12.827540300292,10.));
#1458 = CARTESIAN_POINT('',(14.226338534343,12.905423608919,10.));
#1459 = CARTESIAN_POINT('',(14.289646998148,12.995376549793,10.));
#1460 = CARTESIAN_POINT('',(14.357749637893,13.097728570945,10.));
#1461 = CARTESIAN_POINT('',(14.430034544695,13.212785693533,10.));
#1462 = CARTESIAN_POINT('',(14.505877183461,13.340830305199,10.));
#1463 = CARTESIAN_POINT('',(14.584641292774,13.482120634064,10.));
#1464 = CARTESIAN_POINT('',(14.665679718307,13.636890340056,10.));
#1465 = CARTESIAN_POINT('',(14.748335207383,13.805348191772,10.));
#1466 = CARTESIAN_POINT('',(14.831941552216,13.987677399109,10.));
#1467 = CARTESIAN_POINT('',(14.91582332165,14.184036551441,10.));
#1468 = CARTESIAN_POINT('',(14.999301449517,14.39455410726,10.));
#1469 = CARTESIAN_POINT('',(15.052732939659,14.540367221284,10.));
#1470 = CARTESIAN_POINT('',(15.079236008123,14.615630038125,10.));
#1471 = ORIENTED_EDGE('',*,*,#1472,.F.);
#1472 = EDGE_CURVE('',#1473,#1446,#1475,.T.);
#1473 = VERTEX_POINT('',#1474);
#1474 = CARTESIAN_POINT('',(15.079236008123,14.615630038125,0.));
#1475 = LINE('',#1476,#1477);
#1476 = CARTESIAN_POINT('',(15.079236008123,14.615630038125,0.));
#1477 = VECTOR('',#1478,1.);
#1478 = DIRECTION('',(0.,0.,1.));
#1479 = ORIENTED_EDGE('',*,*,#1480,.F.);
#1480 = EDGE_CURVE('',#1423,#1473,#1481,.T.);
#1481 = B_SPLINE_CURVE_WITH_KNOTS('',3,(#1482,#1483,#1484,#1485,#1486,
    #1487,#1488,#1489,#1490,#1491,#1492,#1493,#1494,#1495,#1496,#1497,
    #1498,#1499,#1500,#1501,#1502,#1503),.UNSPECIFIED.,.F.,.F.,(4,1,1,1,
    1,1,1,1,1,1,1,1,1,1,1,1,1,1,1,4),(0.,6.469775801205E-03,
    2.587893822125E-02,5.822752025674E-02,0.103515526622,0.161742958887,
    0.232909817767,0.317016103646,0.414061816756,0.524046957245,
    0.646971525216,0.782835520741,0.931638943874,1.093381794658,
    1.268064073122,1.455685779293,1.656246913191,1.869747474833,
    2.096187464232,2.335566881401),.UNSPECIFIED.);
#1482 = CARTESIAN_POINT('',(13.95792928243,12.585114173915,0.));
#1483 = CARTESIAN_POINT('',(13.959515820114,12.586575149309,0.));
#1484 = CARTESIAN_POINT('',(13.96581983306,12.592463524976,0.));
#1485 = CARTESIAN_POINT('',(13.979641273652,12.606094856971,0.));
#1486 = CARTESIAN_POINT('',(14.002149955328,12.629331556352,0.));
#1487 = CARTESIAN_POINT('',(14.03279942809,12.66268025681,0.));
#1488 = CARTESIAN_POINT('',(14.071093011827,12.706552353598,0.));
#1489 = CARTESIAN_POINT('',(14.116484227264,12.761375077989,0.));
#1490 = CARTESIAN_POINT('',(14.168422955219,12.827540300292,0.));
#1491 = CARTESIAN_POINT('',(14.226338534343,12.905423608919,0.));
#1492 = CARTESIAN_POINT('',(14.289646998148,12.995376549793,0.));
#1493 = CARTESIAN_POINT('',(14.357749637893,13.097728570945,0.));
#1494 = CARTESIAN_POINT('',(14.430034544695,13.212785693533,0.));
#1495 = CARTESIAN_POINT('',(14.505877183461,13.340830305199,0.));
#1496 = CARTESIAN_POINT('',(14.584641292774,13.482120634064,0.));
#1497 = CARTESIAN_POINT('',(14.665679718307,13.636890340056,0.));
#1498 = CARTESIAN_POINT('',(14.748335207383,13.805348191772,0.));
#1499 = CARTESIAN_POINT('',(14.831941552216,13.987677399109,0.));
#1500 = CARTESIAN_POINT('',(14.91582332165,14.184036551441,0.));
#1501 = CARTESIAN_POINT('',(14.999301449517,14.39455410726,0.));
#1502 = CARTESIAN_POINT('',(15.052732939659,14.540367221284,0.));
#1503 = CARTESIAN_POINT('',(15.079236008123,14.615630038125,0.));
#1504 = SURFACE_OF_LINEAR_EXTRUSION('',#1505,#1528);
#1505 = B_SPLINE_CURVE_WITH_KNOTS('',3,(#1506,#1507,#1508,#1509,#1510,
    #1511,#1512,#1513,#1514,#1515,#1516,#1517,#1518,#1519,#1520,#1521,
    #1522,#1523,#1524,#1525,#1526,#1527),.UNSPECIFIED.,.F.,.F.,(4,1,1,1,
    1,1,1,1,1,1,1,1,1,1,1,1,1,1,1,4),(0.,6.469775801205E-03,
    2.587893822125E-02,5.822752025674E-02,0.103515526622,0.161742958887,
    0.232909817767,0.317016103646,0.414061816756,0.524046957245,
    0.646971525216,0.782835520741,0.931638943874,1.093381794658,
    1.268064073122,1.455685779293,1.656246913191,1.869747474833,
    2.096187464232,2.335566881401),.UNSPECIFIED.);
#1506 = CARTESIAN_POINT('',(13.95792928243,12.585114173915,0.));
#1507 = CARTESIAN_POINT('',(13.959515820114,12.586575149309,0.));
#1508 = CARTESIAN_POINT('',(13.96581983306,12.592463524976,0.));
#1509 = CARTESIAN_POINT('',(13.979641273652,12.606094856971,0.));
#1510 = CARTESIAN_POINT('',(14.002149955328,12.629331556352,0.));
#1511 = CARTESIAN_POINT('',(14.03279942809,12.66268025681,0.));
#1512 = CARTESIAN_POINT('',(14.071093011827,12.706552353598,0.));
#1513 = CARTESIAN_POINT('',(14.116484227264,12.761375077989,0.));
#1514 = CARTESIAN_POINT('',(14.168422955219,12.827540300292,0.));
#1515 = CARTESIAN_POINT('',(14.226338534343,12.905423608919,0.));
#1516 = CARTESIAN_POINT('',(14.289646998148,12.995376549793,0.));
#1517 = CARTESIAN_POINT('',(14.357749637893,13.097728570945,0.));
#1518 = CARTESIAN_POINT('',(14.430034544695,13.212785693533,0.));
#1519 = CARTESIAN_POINT('',(14.505877183461,13.340830305199,0.));
#1520 = CARTESIAN_POINT('',(14.584641292774,13.482120634064,0.));
#1521 = CARTESIAN_POINT('',(14.665679718307,13.636890340056,0.));
#1522 = CARTESIAN_POINT('',(14.748335207383,13.805348191772,0.));
#1523 = CARTESIAN_POINT('',(14.831941552216,13.987677399109,0.));
#1524 = CARTESIAN_POINT('',(14.91582332165,14.184036551441,0.));
#1525 = CARTESIAN_POINT('',(14.999301449517,14.39455410726,0.));
#1526 = CARTESIAN_POINT('',(15.052732939659,14.540367221284,0.));
#1527 = CARTESIAN_POINT('',(15.079236008123,14.615630038125,0.));
#1528 = VECTOR('',#1529,1.);
#1529 = DIRECTION('',(-0.,-0.,-1.));
#1530 = ADVANCED_FACE('',(#1531),#1554,.F.);
#1531 = FACE_BOUND('',#1532,.F.);
#1532 = EDGE_LOOP('',(#1533,#1534,#1541,#1549));
#1533 = ORIENTED_EDGE('',*,*,#1472,.T.);
#1534 = ORIENTED_EDGE('',*,*,#1535,.T.);
#1535 = EDGE_CURVE('',#1446,#1536,#1538,.T.);
#1536 = VERTEX_POINT('',#1537);
#1537 = CARTESIAN_POINT('',(14.615630038125,15.079236008123,10.));
#1538 = B_SPLINE_CURVE_WITH_KNOTS('',1,(#1539,#1540),.UNSPECIFIED.,.F.,
  .F.,(2,2),(0.,0.655637850368),.PIECEWISE_BEZIER_KNOTS.);
#1539 = CARTESIAN_POINT('',(15.079236008123,14.615630038125,10.));
#1540 = CARTESIAN_POINT('',(14.615630038125,15.079236008123,10.));
#1541 = ORIENTED_EDGE('',*,*,#1542,.F.);
#1542 = EDGE_CURVE('',#1543,#1536,#1545,.T.);
#1543 = VERTEX_POINT('',#1544);
#1544 = CARTESIAN_POINT('',(14.615630038125,15.079236008123,0.));
#1545 = LINE('',#1546,#1547);
#1546 = CARTESIAN_POINT('',(14.615630038125,15.079236008123,0.));
#1547 = VECTOR('',#1548,1.);
#1548 = DIRECTION('',(0.,0.,1.));
#1549 = ORIENTED_EDGE('',*,*,#1550,.F.);
#1550 = EDGE_CURVE('',#1473,#1543,#1551,.T.);
#1551 = B_SPLINE_CURVE_WITH_KNOTS('',1,(#1552,#1553),.UNSPECIFIED.,.F.,
  .F.,(2,2),(0.,0.655637850368),.PIECEWISE_BEZIER_KNOTS.);
#1552 = CARTESIAN_POINT('',(15.079236008123,14.615630038125,0.));
#1553 = CARTESIAN_POINT('',(14.615630038125,15.079236008123,0.));
#1554 = SURFACE_OF_LINEAR_EXTRUSION('',#1555,#1558);
#1555 = B_SPLINE_CURVE_WITH_KNOTS('',1,(#1556,#1557),.UNSPECIFIED.,.F.,
  .F.,(2,2),(0.,0.655637850368),.PIECEWISE_BEZIER_KNOTS.);
#1556 = CARTESIAN_POINT('',(15.079236008123,14.615630038125,0.));
#1557 = CARTESIAN_POINT('',(14.615630038125,15.079236008123,0.));
#1558 = VECTOR('',#1559,1.);
#1559 = DIRECTION('',(-0.,-0.,-1.));
#1560 = ADVANCED_FACE('',(#1561),#1624,.F.);
#1561 = FACE_BOUND('',#1562,.F.);
#1562 = EDGE_LOOP('',(#1563,#1564,#1591,#1599));
#1563 = ORIENTED_EDGE('',*,*,#1542,.T.);
#1564 = ORIENTED_EDGE('',*,*,#1565,.T.);
#1565 = EDGE_CURVE('',#1536,#1566,#1568,.T.);
#1566 = VERTEX_POINT('',#1567);
#1567 = CARTESIAN_POINT('',(12.585114173915,13.95792928243,10.));
#1568 = B_SPLINE_CURVE_WITH_KNOTS('',3,(#1569,#1570,#1571,#1572,#1573,
    #1574,#1575,#1576,#1577,#1578,#1579,#1580,#1581,#1582,#1583,#1584,
    #1585,#1586,#1587,#1588,#1589,#1590),.UNSPECIFIED.,.F.,.F.,(4,1,1,1,
    1,1,1,1,1,1,1,1,1,1,1,1,1,1,1,4),(0.,0.239379417168,0.465819406568,
    0.67931996821,0.879881102108,1.067502808279,1.242185086743,
    1.403927937526,1.55273136066,1.688595356185,1.811519924156,
    1.921505064645,2.018550777754,2.102657063634,2.173823922514,
    2.232051354779,2.277339361144,2.309687943179,2.329097105599,
    2.335566881401),.UNSPECIFIED.);
#1569 = CARTESIAN_POINT('',(14.615630038125,15.079236008123,10.));
#1570 = CARTESIAN_POINT('',(14.540367221284,15.052732939659,10.));
#1571 = CARTESIAN_POINT('',(14.39455410726,14.999301449517,10.));
#1572 = CARTESIAN_POINT('',(14.184036551441,14.91582332165,10.));
#1573 = CARTESIAN_POINT('',(13.987677399109,14.831941552216,10.));
#1574 = CARTESIAN_POINT('',(13.805348191772,14.748335207383,10.));
#1575 = CARTESIAN_POINT('',(13.636890340056,14.665679718307,10.));
#1576 = CARTESIAN_POINT('',(13.482120634064,14.584641292774,10.));
#1577 = CARTESIAN_POINT('',(13.340830305199,14.505877183461,10.));
#1578 = CARTESIAN_POINT('',(13.212785693533,14.430034544695,10.));
#1579 = CARTESIAN_POINT('',(13.097728570945,14.357749637893,10.));
#1580 = CARTESIAN_POINT('',(12.995376549793,14.289646998148,10.));
#1581 = CARTESIAN_POINT('',(12.905423608919,14.226338534343,10.));
#1582 = CARTESIAN_POINT('',(12.827540300292,14.168422955219,10.));
#1583 = CARTESIAN_POINT('',(12.761375077989,14.116484227264,10.));
#1584 = CARTESIAN_POINT('',(12.706552353598,14.071093011827,10.));
#1585 = CARTESIAN_POINT('',(12.66268025681,14.03279942809,10.));
#1586 = CARTESIAN_POINT('',(12.629331556352,14.002149955328,10.));
#1587 = CARTESIAN_POINT('',(12.606094856971,13.979641273652,10.));
#1588 = CARTESIAN_POINT('',(12.592463524976,13.96581983306,10.));
#1589 = CARTESIAN_POINT('',(12.586575149309,13.959515820114,10.));
#1590 = CARTESIAN_POINT('',(12.585114173915,13.95792928243,10.));
#1591 = ORIENTED_EDGE('',*,*,#1592,.F.);
#1592 = EDGE_CURVE('',#1593,#1566,#1595,.T.);
#1593 = VERTEX_POINT('',#1594);
#1594 = CARTESIAN_POINT('',(12.585114173915,13.95792928243,0.));
#1595 = LINE('',#1596,#1597);
#1596 = CARTESIAN_POINT('',(12.585114173915,13.95792928243,0.));
#1597 = VECTOR('',#1598,1.);
#1598 = DIRECTION('',(0.,0.,1.));
#1599 = ORIENTED_EDGE('',*,*,#1600,.F.);
#1600 = EDGE_CURVE('',#1543,#1593,#1601,.T.);
#1601 = B_SPLINE_CURVE_WITH_KNOTS('',3,(#1602,#1603,#1604,#1605,#1606,
    #1607,#1608,#1609,#1610,#1611,#1612,#1613,#1614,#1615,#1616,#1617,
    #1618,#1619,#1620,#1621,#1622,#1623),.UNSPECIFIED.,.F.,.F.,(4,1,1,1,
    1,1,1,1,1,1,1,1,1,1,1,1,1,1,1,4),(0.,0.239379417168,0.465819406568,
    0.67931996821,0.879881102108,1.067502808279,1.242185086743,
    1.403927937526,1.55273136066,1.688595356185,1.811519924156,
    1.921505064645,2.018550777754,2.102657063634,2.173823922514,
    2.232051354779,2.277339361144,2.309687943179,2.329097105599,
    2.335566881401),.UNSPECIFIED.);
#1602 = CARTESIAN_POINT('',(14.615630038125,15.079236008123,0.));
#1603 = CARTESIAN_POINT('',(14.540367221284,15.052732939659,0.));
#1604 = CARTESIAN_POINT('',(14.39455410726,14.999301449517,0.));
#1605 = CARTESIAN_POINT('',(14.184036551441,14.91582332165,0.));
#1606 = CARTESIAN_POINT('',(13.987677399109,14.831941552216,0.));
#1607 = CARTESIAN_POINT('',(13.805348191772,14.748335207383,0.));
#1608 = CARTESIAN_POINT('',(13.636890340056,14.665679718307,0.));
#1609 = CARTESIAN_POINT('',(13.482120634064,14.584641292774,0.));
#1610 = CARTESIAN_POINT('',(13.340830305199,14.505877183461,0.));
#1611 = CARTESIAN_POINT('',(13.212785693533,14.430034544695,0.));
#1612 = CARTESIAN_POINT('',(13.097728570945,14.357749637893,0.));
#1613 = CARTESIAN_POINT('',(12.995376549793,14.289646998148,0.));
#1614 = CARTESIAN_POINT('',(12.905423608919,14.226338534343,0.));
#1615 = CARTESIAN_POINT('',(12.827540300292,14.168422955219,0.));
#1616 = CARTESIAN_POINT('',(12.761375077989,14.116484227264,0.));
#1617 = CARTESIAN_POINT('',(12.706552353598,14.071093011827,0.));
#1618 = CARTESIAN_POINT('',(12.66268025681,14.03279942809,0.));
#1619 = CARTESIAN_POINT('',(12.629331556352,14.002149955328,0.));
#1620 = CARTESIAN_POINT('',(12.606094856971,13.979641273652,0.));
#1621 = CARTESIAN_POINT('',(12.592463524976,13.96581983306,0.));
#1622 = CARTESIAN_POINT('',(12.586575149309,13.959515820114,0.));
#1623 = CARTESIAN_POINT('',(12.585114173915,13.95792928243,0.));
#1624 = SURFACE_OF_LINEAR_EXTRUSION('',#1625,#1648);
#1625 = B_SPLINE_CURVE_WITH_KNOTS('',3,(#1626,#1627,#1628,#1629,#1630,
    #1631,#1632,#1633,#1634,#1635,#1636,#1637,#1638,#1639,#1640,#1641,
    #1642,#1643,#1644,#1645,#1646,#1647),.UNSPECIFIED.,.F.,.F.,(4,1,1,1,
    1,1,1,1,1,1,1,1,1,1,1,1,1,1,1,4),(0.,0.239379417168,0.465819406568,
    0.67931996821,0.879881102108,1.067502808279,1.242185086743,
    1.403927937526,1.55273136066,1.688595356185,1.811519924156,
    1.921505064645,2.018550777754,2.102657063634,2.173823922514,
    2.232051354779,2.277339361144,2.309687943179,2.329097105599,
    2.335566881401),.UNSPECIFIED.);
#1626 = CARTESIAN_POINT('',(14.615630038125,15.079236008123,0.));
#1627 = CARTESIAN_POINT('',(14.540367221284,15.052732939659,0.));
#1628 = CARTESIAN_POINT('',(14.39455410726,14.999301449517,0.));
#1629 = CARTESIAN_POINT('',(14.184036551441,14.91582332165,0.));
#1630 = CARTESIAN_POINT('',(13.987677399109,14.831941552216,0.));
#1631 = CARTESIAN_POINT('',(13.805348191772,14.748335207383,0.));
#1632 = CARTESIAN_POINT('',(13.636890340056,14.665679718307,0.));
#1633 = CARTESIAN_POINT('',(13.482120634064,14.584641292774,0.));
#1634 = CARTESIAN_POINT('',(13.340830305199,14.505877183461,0.));
#1635 = CARTESIAN_POINT('',(13.212785693533,14.430034544695,0.));
#1636 = CARTESIAN_POINT('',(13.097728570945,14.357749637893,0.));
#1637 = CARTESIAN_POINT('',(12.995376549793,14.289646998148,0.));
#1638 = CARTESIAN_POINT('',(12.905423608919,14.226338534343,0.));
#1639 = CARTESIAN_POINT('',(12.827540300292,14.168422955219,0.));
#1640 = CARTESIAN_POINT('',(12.761375077989,14.116484227264,0.));
#1641 = CARTESIAN_POINT('',(12.706552353598,14.071093011827,0.));
#1642 = CARTESIAN_POINT('',(12.66268025681,14.03279942809,0.));
#1643 = CARTESIAN_POINT('',(12.629331556352,14.002149955328,0.));
#1644 = CARTESIAN_POINT('',(12.606094856971,13.979641273652,0.));
#1645 = CARTESIAN_POINT('',(12.592463524976,13.96581983306,0.));
#1646 = CARTESIAN_POINT('',(12.586575149309,13.959515820114,0.));
#1647 = CARTESIAN_POINT('',(12.585114173915,13.95792928243,0.));
#1648 = VECTOR('',#1649,1.);
#1649 = DIRECTION('',(-0.,-0.,-1.));
#1650 = ADVANCED_FACE('',(#1651),#1674,.F.);
#1651 = FACE_BOUND('',#1652,.F.);
#1652 = EDGE_LOOP('',(#1653,#1654,#1661,#1669));
#1653 = ORIENTED_EDGE('',*,*,#1592,.T.);
#1654 = ORIENTED_EDGE('',*,*,#1655,.T.);
#1655 = EDGE_CURVE('',#1566,#1656,#1658,.T.);
#1656 = VERTEX_POINT('',#1657);
#1657 = CARTESIAN_POINT('',(12.555748844955,13.925360711393,10.));
#1658 = B_SPLINE_CURVE_WITH_KNOTS('',1,(#1659,#1660),.UNSPECIFIED.,.F.,
  .F.,(2,2),(0.,4.385241571817E-02),.PIECEWISE_BEZIER_KNOTS.);
#1659 = CARTESIAN_POINT('',(12.585114173915,13.95792928243,10.));
#1660 = CARTESIAN_POINT('',(12.555748844955,13.925360711393,10.));
#1661 = ORIENTED_EDGE('',*,*,#1662,.F.);
#1662 = EDGE_CURVE('',#1663,#1656,#1665,.T.);
#1663 = VERTEX_POINT('',#1664);
#1664 = CARTESIAN_POINT('',(12.555748844955,13.925360711393,0.));
#1665 = LINE('',#1666,#1667);
#1666 = CARTESIAN_POINT('',(12.555748844955,13.925360711393,0.));
#1667 = VECTOR('',#1668,1.);
#1668 = DIRECTION('',(0.,0.,1.));
#1669 = ORIENTED_EDGE('',*,*,#1670,.F.);
#1670 = EDGE_CURVE('',#1593,#1663,#1671,.T.);
#1671 = B_SPLINE_CURVE_WITH_KNOTS('',1,(#1672,#1673),.UNSPECIFIED.,.F.,
  .F.,(2,2),(0.,4.385241571817E-02),.PIECEWISE_BEZIER_KNOTS.);
#1672 = CARTESIAN_POINT('',(12.585114173915,13.95792928243,0.));
#1673 = CARTESIAN_POINT('',(12.555748844955,13.925360711393,0.));
#1674 = SURFACE_OF_LINEAR_EXTRUSION('',#1675,#1678);
#1675 = B_SPLINE_CURVE_WITH_KNOTS('',1,(#1676,#1677),.UNSPECIFIED.,.F.,
  .F.,(2,2),(0.,4.385241571817E-02),.PIECEWISE_BEZIER_KNOTS.);
#1676 = CARTESIAN_POINT('',(12.585114173915,13.95792928243,0.));
#1677 = CARTESIAN_POINT('',(12.555748844955,13.925360711393,0.));
#1678 = VECTOR('',#1679,1.);
#1679 = DIRECTION('',(-0.,-0.,-1.));
#1680 = ADVANCED_FACE('',(#1681),#1704,.F.);
#1681 = FACE_BOUND('',#1682,.F.);
#1682 = EDGE_LOOP('',(#1683,#1684,#1691,#1699));
#1683 = ORIENTED_EDGE('',*,*,#1662,.T.);
#1684 = ORIENTED_EDGE('',*,*,#1685,.T.);
#1685 = EDGE_CURVE('',#1656,#1686,#1688,.T.);
#1686 = VERTEX_POINT('',#1687);
#1687 = CARTESIAN_POINT('',(11.789764559484,14.579573094982,10.));
#1688 = B_SPLINE_CURVE_WITH_KNOTS('',1,(#1689,#1690),.UNSPECIFIED.,.F.,
  .F.,(2,2),(0.,1.007335975944),.PIECEWISE_BEZIER_KNOTS.);
#1689 = CARTESIAN_POINT('',(12.555748844955,13.925360711393,10.));
#1690 = CARTESIAN_POINT('',(11.789764559484,14.579573094982,10.));
#1691 = ORIENTED_EDGE('',*,*,#1692,.F.);
#1692 = EDGE_CURVE('',#1693,#1686,#1695,.T.);
#1693 = VERTEX_POINT('',#1694);
#1694 = CARTESIAN_POINT('',(11.789764559484,14.579573094982,0.));
#1695 = LINE('',#1696,#1697);
#1696 = CARTESIAN_POINT('',(11.789764559484,14.579573094982,0.));
#1697 = VECTOR('',#1698,1.);
#1698 = DIRECTION('',(0.,0.,1.));
#1699 = ORIENTED_EDGE('',*,*,#1700,.F.);
#1700 = EDGE_CURVE('',#1663,#1693,#1701,.T.);
#1701 = B_SPLINE_CURVE_WITH_KNOTS('',1,(#1702,#1703),.UNSPECIFIED.,.F.,
  .F.,(2,2),(0.,1.007335975944),.PIECEWISE_BEZIER_KNOTS.);
#1702 = CARTESIAN_POINT('',(12.555748844955,13.925360711393,0.));
#1703 = CARTESIAN_POINT('',(11.789764559484,14.579573094982,0.));
#1704 = SURFACE_OF_LINEAR_EXTRUSION('',#1705,#1708);
#1705 = B_SPLINE_CURVE_WITH_KNOTS('',1,(#1706,#1707),.UNSPECIFIED.,.F.,
  .F.,(2,2),(0.,1.007335975944),.PIECEWISE_BEZIER_KNOTS.);
#1706 = CARTESIAN_POINT('',(12.555748844955,13.925360711393,0.));
#1707 = CARTESIAN_POINT('',(11.789764559484,14.579573094982,0.));
#1708 = VECTOR('',#1709,1.);
#1709 = DIRECTION('',(-0.,-0.,-1.));
#1710 = ADVANCED_FACE('',(#1711),#1734,.F.);
#1711 = FACE_BOUND('',#1712,.F.);
#1712 = EDGE_LOOP('',(#1713,#1714,#1721,#1729));
#1713 = ORIENTED_EDGE('',*,*,#1692,.T.);
#1714 = ORIENTED_EDGE('',*,*,#1715,.T.);
#1715 = EDGE_CURVE('',#1686,#1716,#1718,.T.);
#1716 = VERTEX_POINT('',#1717);
#1717 = CARTESIAN_POINT('',(11.817338407841,14.613671735001,10.));
#1718 = B_SPLINE_CURVE_WITH_KNOTS('',1,(#1719,#1720),.UNSPECIFIED.,.F.,
  .F.,(2,2),(0.,4.385241571817E-02),.PIECEWISE_BEZIER_KNOTS.);
#1719 = CARTESIAN_POINT('',(11.789764559484,14.579573094982,10.));
#1720 = CARTESIAN_POINT('',(11.817338407841,14.613671735001,10.));
#1721 = ORIENTED_EDGE('',*,*,#1722,.F.);
#1722 = EDGE_CURVE('',#1723,#1716,#1725,.T.);
#1723 = VERTEX_POINT('',#1724);
#1724 = CARTESIAN_POINT('',(11.817338407841,14.613671735001,0.));
#1725 = LINE('',#1726,#1727);
#1726 = CARTESIAN_POINT('',(11.817338407841,14.613671735001,0.));
#1727 = VECTOR('',#1728,1.);
#1728 = DIRECTION('',(0.,0.,1.));
#1729 = ORIENTED_EDGE('',*,*,#1730,.F.);
#1730 = EDGE_CURVE('',#1693,#1723,#1731,.T.);
#1731 = B_SPLINE_CURVE_WITH_KNOTS('',1,(#1732,#1733),.UNSPECIFIED.,.F.,
  .F.,(2,2),(0.,4.385241571817E-02),.PIECEWISE_BEZIER_KNOTS.);
#1732 = CARTESIAN_POINT('',(11.789764559484,14.579573094982,0.));
#1733 = CARTESIAN_POINT('',(11.817338407841,14.613671735001,0.));
#1734 = SURFACE_OF_LINEAR_EXTRUSION('',#1735,#1738);
#1735 = B_SPLINE_CURVE_WITH_KNOTS('',1,(#1736,#1737),.UNSPECIFIED.,.F.,
  .F.,(2,2),(0.,4.385241571817E-02),.PIECEWISE_BEZIER_KNOTS.);
#1736 = CARTESIAN_POINT('',(11.789764559484,14.579573094982,0.));
#1737 = CARTESIAN_POINT('',(11.817338407841,14.613671735001,0.));
#1738 = VECTOR('',#1739,1.);
#1739 = DIRECTION('',(-0.,-0.,-1.));
#1740 = ADVANCED_FACE('',(#1741),#1804,.F.);
#1741 = FACE_BOUND('',#1742,.F.);
#1742 = EDGE_LOOP('',(#1743,#1744,#1771,#1779));
#1743 = ORIENTED_EDGE('',*,*,#1722,.T.);
#1744 = ORIENTED_EDGE('',*,*,#1745,.T.);
#1745 = EDGE_CURVE('',#1716,#1746,#1748,.T.);
#1746 = VERTEX_POINT('',#1747);
#1747 = CARTESIAN_POINT('',(12.607197324065,16.794599597254,10.));
#1748 = B_SPLINE_CURVE_WITH_KNOTS('',3,(#1749,#1750,#1751,#1752,#1753,
    #1754,#1755,#1756,#1757,#1758,#1759,#1760,#1761,#1762,#1763,#1764,
    #1765,#1766,#1767,#1768,#1769,#1770),.UNSPECIFIED.,.F.,.F.,(4,1,1,1,
    1,1,1,1,1,1,1,1,1,1,1,1,1,1,1,4),(0.,6.469775801205E-03,
    2.587893822125E-02,5.822752025674E-02,0.103515526622,0.161742958887,
    0.232909817767,0.317016103646,0.414061816756,0.524046957245,
    0.646971525216,0.782835520741,0.931638943874,1.093381794658,
    1.268064073122,1.455685779293,1.656246913191,1.869747474833,
    2.096187464232,2.335566881401),.UNSPECIFIED.);
#1749 = CARTESIAN_POINT('',(11.817338407841,14.613671735001,10.));
#1750 = CARTESIAN_POINT('',(11.818676865709,14.615362912537,10.));
#1751 = CARTESIAN_POINT('',(11.823982120898,14.622164957421,10.));
#1752 = CARTESIAN_POINT('',(11.835500986492,14.637790614765,10.));
#1753 = CARTESIAN_POINT('',(11.854097528309,14.664262365394,10.));
#1754 = CARTESIAN_POINT('',(11.879152769085,14.701995121886,10.));
#1755 = CARTESIAN_POINT('',(11.91011178727,14.751317516647,10.));
#1756 = CARTESIAN_POINT('',(11.946367997961,14.812566032832,10.));
#1757 = CARTESIAN_POINT('',(11.987316752832,14.886041658576,10.));
#1758 = CARTESIAN_POINT('',(12.032335661352,14.972026087072,10.));
#1759 = CARTESIAN_POINT('',(12.080792952728,15.070775183643,10.));
#1760 = CARTESIAN_POINT('',(12.132045752293,15.182520681588,10.));
#1761 = CARTESIAN_POINT('',(12.185441812522,15.307469110796,10.));
#1762 = CARTESIAN_POINT('',(12.240320112224,15.445801683437,10.));
#1763 = CARTESIAN_POINT('',(12.296011827638,15.597673915201,10.));
#1764 = CARTESIAN_POINT('',(12.351841219516,15.763215352033,10.));
#1765 = CARTESIAN_POINT('',(12.407126468447,15.94252937527,10.));
#1766 = CARTESIAN_POINT('',(12.461180908428,16.135692721335,10.));
#1767 = CARTESIAN_POINT('',(12.513312615135,16.342756366391,10.));
#1768 = CARTESIAN_POINT('',(12.562830787498,16.563740958039,10.));
#1769 = CARTESIAN_POINT('',(12.592794250843,16.716117397243,10.));
#1770 = CARTESIAN_POINT('',(12.607197324065,16.794599597254,10.));
#1771 = ORIENTED_EDGE('',*,*,#1772,.F.);
#1772 = EDGE_CURVE('',#1773,#1746,#1775,.T.);
#1773 = VERTEX_POINT('',#1774);
#1774 = CARTESIAN_POINT('',(12.607197324065,16.794599597254,0.));
#1775 = LINE('',#1776,#1777);
#1776 = CARTESIAN_POINT('',(12.607197324065,16.794599597254,0.));
#1777 = VECTOR('',#1778,1.);
#1778 = DIRECTION('',(0.,0.,1.));
#1779 = ORIENTED_EDGE('',*,*,#1780,.F.);
#1780 = EDGE_CURVE('',#1723,#1773,#1781,.T.);
#1781 = B_SPLINE_CURVE_WITH_KNOTS('',3,(#1782,#1783,#1784,#1785,#1786,
    #1787,#1788,#1789,#1790,#1791,#1792,#1793,#1794,#1795,#1796,#1797,
    #1798,#1799,#1800,#1801,#1802,#1803),.UNSPECIFIED.,.F.,.F.,(4,1,1,1,
    1,1,1,1,1,1,1,1,1,1,1,1,1,1,1,4),(0.,6.469775801205E-03,
    2.587893822125E-02,5.822752025674E-02,0.103515526622,0.161742958887,
    0.232909817767,0.317016103646,0.414061816756,0.524046957245,
    0.646971525216,0.782835520741,0.931638943874,1.093381794658,
    1.268064073122,1.455685779293,1.656246913191,1.869747474833,
    2.096187464232,2.335566881401),.UNSPECIFIED.);
#1782 = CARTESIAN_POINT('',(11.817338407841,14.613671735001,0.));
#1783 = CARTESIAN_POINT('',(11.818676865709,14.615362912537,0.));
#1784 = CARTESIAN_POINT('',(11.823982120898,14.622164957421,0.));
#1785 = CARTESIAN_POINT('',(11.835500986492,14.637790614765,0.));
#1786 = CARTESIAN_POINT('',(11.854097528309,14.664262365394,0.));
#1787 = CARTESIAN_POINT('',(11.879152769085,14.701995121886,0.));
#1788 = CARTESIAN_POINT('',(11.91011178727,14.751317516647,0.));
#1789 = CARTESIAN_POINT('',(11.946367997961,14.812566032832,0.));
#1790 = CARTESIAN_POINT('',(11.987316752832,14.886041658576,0.));
#1791 = CARTESIAN_POINT('',(12.032335661352,14.972026087072,0.));
#1792 = CARTESIAN_POINT('',(12.080792952728,15.070775183643,0.));
#1793 = CARTESIAN_POINT('',(12.132045752293,15.182520681588,0.));
#1794 = CARTESIAN_POINT('',(12.185441812522,15.307469110796,0.));
#1795 = CARTESIAN_POINT('',(12.240320112224,15.445801683437,0.));
#1796 = CARTESIAN_POINT('',(12.296011827638,15.597673915201,0.));
#1797 = CARTESIAN_POINT('',(12.351841219516,15.763215352033,0.));
#1798 = CARTESIAN_POINT('',(12.407126468447,15.94252937527,0.));
#1799 = CARTESIAN_POINT('',(12.461180908428,16.135692721335,0.));
#1800 = CARTESIAN_POINT('',(12.513312615135,16.342756366391,0.));
#1801 = CARTESIAN_POINT('',(12.562830787498,16.563740958039,0.));
#1802 = CARTESIAN_POINT('',(12.592794250843,16.716117397243,0.));
#1803 = CARTESIAN_POINT('',(12.607197324065,16.794599597254,0.));
#1804 = SURFACE_OF_LINEAR_EXTRUSION('',#1805,#1828);
#1805 = B_SPLINE_CURVE_WITH_KNOTS('',3,(#1806,#1807,#1808,#1809,#1810,
    #1811,#1812,#1813,#1814,#1815,#1816,#1817,#1818,#1819,#1820,#1821,
    #1822,#1823,#1824,#1825,#1826,#1827),.UNSPECIFIED.,.F.,.F.,(4,1,1,1,
    1,1,1,1,1,1,1,1,1,1,1,1,1,1,1,4),(0.,6.469775801205E-03,
    2.587893822125E-02,5.822752025674E-02,0.103515526622,0.161742958887,
    0.232909817767,0.317016103646,0.414061816756,0.524046957245,
    0.646971525216,0.782835520741,0.931638943874,1.093381794658,
    1.268064073122,1.455685779293,1.656246913191,1.869747474833,
    2.096187464232,2.335566881401),.UNSPECIFIED.);
#1806 = CARTESIAN_POINT('',(11.817338407841,14.613671735001,0.));
#1807 = CARTESIAN_POINT('',(11.818676865709,14.615362912537,0.));
#1808 = CARTESIAN_POINT('',(11.823982120898,14.622164957421,0.));
#1809 = CARTESIAN_POINT('',(11.835500986492,14.637790614765,0.));
#1810 = CARTESIAN_POINT('',(11.854097528309,14.664262365394,0.));
#1811 = CARTESIAN_POINT('',(11.879152769085,14.701995121886,0.));
#1812 = CARTESIAN_POINT('',(11.91011178727,14.751317516647,0.));
#1813 = CARTESIAN_POINT('',(11.946367997961,14.812566032832,0.));
#1814 = CARTESIAN_POINT('',(11.987316752832,14.886041658576,0.));
#1815 = CARTESIAN_POINT('',(12.032335661352,14.972026087072,0.));
#1816 = CARTESIAN_POINT('',(12.080792952728,15.070775183643,0.));
#1817 = CARTESIAN_POINT('',(12.132045752293,15.182520681588,0.));
#1818 = CARTESIAN_POINT('',(12.185441812522,15.307469110796,0.));
#1819 = CARTESIAN_POINT('',(12.240320112224,15.445801683437,0.));
#1820 = CARTESIAN_POINT('',(12.296011827638,15.597673915201,0.));
#1821 = CARTESIAN_POINT('',(12.351841219516,15.763215352033,0.));
#1822 = CARTESIAN_POINT('',(12.407126468447,15.94252937527,0.));
#1823 = CARTESIAN_POINT('',(12.461180908428,16.135692721335,0.));
#1824 = CARTESIAN_POINT('',(12.513312615135,16.342756366391,0.));
#1825 = CARTESIAN_POINT('',(12.562830787498,16.563740958039,0.));
#1826 = CARTESIAN_POINT('',(12.592794250843,16.716117397243,0.));
#1827 = CARTESIAN_POINT('',(12.607197324065,16.794599597254,0.));
#1828 = VECTOR('',#1829,1.);
#1829 = DIRECTION('',(-0.,-0.,-1.));
#1830 = ADVANCED_FACE('',(#1831),#1854,.F.);
#1831 = FACE_BOUND('',#1832,.F.);
#1832 = EDGE_LOOP('',(#1833,#1834,#1841,#1849));
#1833 = ORIENTED_EDGE('',*,*,#1772,.T.);
#1834 = ORIENTED_EDGE('',*,*,#1835,.T.);
#1835 = EDGE_CURVE('',#1746,#1836,#1838,.T.);
#1836 = VERTEX_POINT('',#1837);
#1837 = CARTESIAN_POINT('',(12.076775160962,17.179973856545,10.));
#1838 = B_SPLINE_CURVE_WITH_KNOTS('',1,(#1839,#1840),.UNSPECIFIED.,.F.,
  .F.,(2,2),(0.,0.655637850368),.PIECEWISE_BEZIER_KNOTS.);
#1839 = CARTESIAN_POINT('',(12.607197324065,16.794599597254,10.));
#1840 = CARTESIAN_POINT('',(12.076775160962,17.179973856545,10.));
#1841 = ORIENTED_EDGE('',*,*,#1842,.F.);
#1842 = EDGE_CURVE('',#1843,#1836,#1845,.T.);
#1843 = VERTEX_POINT('',#1844);
#1844 = CARTESIAN_POINT('',(12.076775160962,17.179973856545,0.));
#1845 = LINE('',#1846,#1847);
#1846 = CARTESIAN_POINT('',(12.076775160962,17.179973856545,0.));
#1847 = VECTOR('',#1848,1.);
#1848 = DIRECTION('',(0.,0.,1.));
#1849 = ORIENTED_EDGE('',*,*,#1850,.F.);
#1850 = EDGE_CURVE('',#1773,#1843,#1851,.T.);
#1851 = B_SPLINE_CURVE_WITH_KNOTS('',1,(#1852,#1853),.UNSPECIFIED.,.F.,
  .F.,(2,2),(0.,0.655637850368),.PIECEWISE_BEZIER_KNOTS.);
#1852 = CARTESIAN_POINT('',(12.607197324065,16.794599597254,0.));
#1853 = CARTESIAN_POINT('',(12.076775160962,17.179973856545,0.));
#1854 = SURFACE_OF_LINEAR_EXTRUSION('',#1855,#1858);
#1855 = B_SPLINE_CURVE_WITH_KNOTS('',1,(#1856,#1857),.UNSPECIFIED.,.F.,
  .F.,(2,2),(0.,0.655637850368),.PIECEWISE_BEZIER_KNOTS.);
#1856 = CARTESIAN_POINT('',(12.607197324065,16.794599597254,0.));
#1857 = CARTESIAN_POINT('',(12.076775160962,17.179973856545,0.));
#1858 = VECTOR('',#1859,1.);
#1859 = DIRECTION('',(-0.,-0.,-1.));
#1860 = ADVANCED_FACE('',(#1861),#1924,.F.);
#1861 = FACE_BOUND('',#1862,.F.);
#1862 = EDGE_LOOP('',(#1863,#1864,#1891,#1899));
#1863 = ORIENTED_EDGE('',*,*,#1842,.T.);
#1864 = ORIENTED_EDGE('',*,*,#1865,.T.);
#1865 = EDGE_CURVE('',#1836,#1866,#1868,.T.);
#1866 = VERTEX_POINT('',#1867);
#1867 = CARTESIAN_POINT('',(10.246669334269,15.754829614374,10.));
#1868 = B_SPLINE_CURVE_WITH_KNOTS('',3,(#1869,#1870,#1871,#1872,#1873,
    #1874,#1875,#1876,#1877,#1878,#1879,#1880,#1881,#1882,#1883,#1884,
    #1885,#1886,#1887,#1888,#1889,#1890),.UNSPECIFIED.,.F.,.F.,(4,1,1,1,
    1,1,1,1,1,1,1,1,1,1,1,1,1,1,1,4),(0.,0.239379417168,0.465819406568,
    0.67931996821,0.879881102108,1.067502808279,1.242185086743,
    1.403927937526,1.55273136066,1.688595356185,1.811519924156,
    1.921505064645,2.018550777754,2.102657063634,2.173823922514,
    2.232051354779,2.277339361144,2.309687943179,2.329097105599,
    2.335566881401),.UNSPECIFIED.);
#1869 = CARTESIAN_POINT('',(12.076775160962,17.179973856545,10.));
#1870 = CARTESIAN_POINT('',(12.006584947625,17.142023386344,10.));
#1871 = CARTESIAN_POINT('',(11.870925561574,17.066439530021,10.));
#1872 = CARTESIAN_POINT('',(11.676058682477,16.951056955207,10.));
#1873 = CARTESIAN_POINT('',(11.495239036877,16.837490570598,10.));
#1874 = CARTESIAN_POINT('',(11.328233518468,16.726390986595,10.));
#1875 = CARTESIAN_POINT('',(11.174779829663,16.618400509834,10.));
#1876 = CARTESIAN_POINT('',(11.034592798323,16.514148485633,10.));
#1877 = CARTESIAN_POINT('',(10.907363409169,16.414251416196,10.));
#1878 = CARTESIAN_POINT('',(10.792759641773,16.31931193584,10.));
#1879 = CARTESIAN_POINT('',(10.690426914017,16.229918076769,10.));
#1880 = CARTESIAN_POINT('',(10.599988616105,16.146642509854,10.));
#1881 = CARTESIAN_POINT('',(10.521046770869,16.070041738109,10.));
#1882 = CARTESIAN_POINT('',(10.453182327649,16.000655562148,10.));
#1883 = CARTESIAN_POINT('',(10.39595671615,15.939005764966,10.));
#1884 = CARTESIAN_POINT('',(10.348909700974,15.885597227152,10.));
#1885 = CARTESIAN_POINT('',(10.311568178786,15.840911992985,10.));
#1886 = CARTESIAN_POINT('',(10.283424690044,15.805422979976,10.));
#1887 = CARTESIAN_POINT('',(10.263995206568,15.779556396885,10.));
#1888 = CARTESIAN_POINT('',(10.252693848555,15.763772711034,10.));
#1889 = CARTESIAN_POINT('',(10.247864133456,15.756625166051,10.));
#1890 = CARTESIAN_POINT('',(10.246669334269,15.754829614374,10.));
#1891 = ORIENTED_EDGE('',*,*,#1892,.F.);
#1892 = EDGE_CURVE('',#1893,#1866,#1895,.T.);
#1893 = VERTEX_POINT('',#1894);
#1894 = CARTESIAN_POINT('',(10.246669334269,15.754829614374,0.));
#1895 = LINE('',#1896,#1897);
#1896 = CARTESIAN_POINT('',(10.246669334269,15.754829614374,0.));
#1897 = VECTOR('',#1898,1.);
#1898 = DIRECTION('',(0.,0.,1.));
#1899 = ORIENTED_EDGE('',*,*,#1900,.F.);
#1900 = EDGE_CURVE('',#1843,#1893,#1901,.T.);
#1901 = B_SPLINE_CURVE_WITH_KNOTS('',3,(#1902,#1903,#1904,#1905,#1906,
    #1907,#1908,#1909,#1910,#1911,#1912,#1913,#1914,#1915,#1916,#1917,
    #1918,#1919,#1920,#1921,#1922,#1923),.UNSPECIFIED.,.F.,.F.,(4,1,1,1,
    1,1,1,1,1,1,1,1,1,1,1,1,1,1,1,4),(0.,0.239379417168,0.465819406568,
    0.67931996821,0.879881102108,1.067502808279,1.242185086743,
    1.403927937526,1.55273136066,1.688595356185,1.811519924156,
    1.921505064645,2.018550777754,2.102657063634,2.173823922514,
    2.232051354779,2.277339361144,2.309687943179,2.329097105599,
    2.335566881401),.UNSPECIFIED.);
#1902 = CARTESIAN_POINT('',(12.076775160962,17.179973856545,0.));
#1903 = CARTESIAN_POINT('',(12.006584947625,17.142023386344,0.));
#1904 = CARTESIAN_POINT('',(11.870925561574,17.066439530021,0.));
#1905 = CARTESIAN_POINT('',(11.676058682477,16.951056955207,0.));
#1906 = CARTESIAN_POINT('',(11.495239036877,16.837490570598,0.));
#1907 = CARTESIAN_POINT('',(11.328233518468,16.726390986595,0.));
#1908 = CARTESIAN_POINT('',(11.174779829663,16.618400509834,0.));
#1909 = CARTESIAN_POINT('',(11.034592798323,16.514148485633,0.));
#1910 = CARTESIAN_POINT('',(10.907363409169,16.414251416196,0.));
#1911 = CARTESIAN_POINT('',(10.792759641773,16.31931193584,0.));
#1912 = CARTESIAN_POINT('',(10.690426914017,16.229918076769,0.));
#1913 = CARTESIAN_POINT('',(10.599988616105,16.146642509854,0.));
#1914 = CARTESIAN_POINT('',(10.521046770869,16.070041738109,0.));
#1915 = CARTESIAN_POINT('',(10.453182327649,16.000655562148,0.));
#1916 = CARTESIAN_POINT('',(10.39595671615,15.939005764966,0.));
#1917 = CARTESIAN_POINT('',(10.348909700974,15.885597227152,0.));
#1918 = CARTESIAN_POINT('',(10.311568178786,15.840911992985,0.));
#1919 = CARTESIAN_POINT('',(10.283424690044,15.805422979976,0.));
#1920 = CARTESIAN_POINT('',(10.263995206568,15.779556396885,0.));
#1921 = CARTESIAN_POINT('',(10.252693848555,15.763772711034,0.));
#1922 = CARTESIAN_POINT('',(10.247864133456,15.756625166051,0.));
#1923 = CARTESIAN_POINT('',(10.246669334269,15.754829614374,0.));
#1924 = SURFACE_OF_LINEAR_EXTRUSION('',#1925,#1948);
#1925 = B_SPLINE_CURVE_WITH_KNOTS('',3,(#1926,#1927,#1928,#1929,#1930,
    #1931,#1932,#1933,#1934,#1935,#1936,#1937,#1938,#1939,#1940,#1941,
    #1942,#1943,#1944,#1945,#1946,#1947),.UNSPECIFIED.,.F.,.F.,(4,1,1,1,
    1,1,1,1,1,1,1,1,1,1,1,1,1,1,1,4),(0.,0.239379417168,0.465819406568,
    0.67931996821,0.879881102108,1.067502808279,1.242185086743,
    1.403927937526,1.55273136066,1.688595356185,1.811519924156,
    1.921505064645,2.018550777754,2.102657063634,2.173823922514,
    2.232051354779,2.277339361144,2.309687943179,2.329097105599,
    2.335566881401),.UNSPECIFIED.);
#1926 = CARTESIAN_POINT('',(12.076775160962,17.179973856545,0.));
#1927 = CARTESIAN_POINT('',(12.006584947625,17.142023386344,0.));
#1928 = CARTESIAN_POINT('',(11.870925561574,17.066439530021,0.));
#1929 = CARTESIAN_POINT('',(11.676058682477,16.951056955207,0.));
#1930 = CARTESIAN_POINT('',(11.495239036877,16.837490570598,0.));
#1931 = CARTESIAN_POINT('',(11.328233518468,16.726390986595,0.));
#1932 = CARTESIAN_POINT('',(11.174779829663,16.618400509834,0.));
#1933 = CARTESIAN_POINT('',(11.034592798323,16.514148485633,0.));
#1934 = CARTESIAN_POINT('',(10.907363409169,16.414251416196,0.));
#1935 = CARTESIAN_POINT('',(10.792759641773,16.31931193584,0.));
#1936 = CARTESIAN_POINT('',(10.690426914017,16.229918076769,0.));
#1937 = CARTESIAN_POINT('',(10.599988616105,16.146642509854,0.));
#1938 = CARTESIAN_POINT('',(10.521046770869,16.070041738109,0.));
#1939 = CARTESIAN_POINT('',(10.453182327649,16.000655562148,0.));
#1940 = CARTESIAN_POINT('',(10.39595671615,15.939005764966,0.));
#1941 = CARTESIAN_POINT('',(10.348909700974,15.885597227152,0.));
#1942 = CARTESIAN_POINT('',(10.311568178786,15.840911992985,0.));
#1943 = CARTESIAN_POINT('',(10.283424690044,15.805422979976,0.));
#1944 = CARTESIAN_POINT('',(10.263995206568,15.779556396885,0.));
#1945 = CARTESIAN_POINT('',(10.252693848555,15.763772711034,0.));
#1946 = CARTESIAN_POINT('',(10.247864133456,15.756625166051,0.));
#1947 = CARTESIAN_POINT('',(10.246669334269,15.754829614374,0.));
#1948 = VECTOR('',#1949,1.);
#1949 = DIRECTION('',(-0.,-0.,-1.));
#1950 = ADVANCED_FACE('',(#1951),#1974,.F.);
#1951 = FACE_BOUND('',#1952,.F.);
#1952 = EDGE_LOOP('',(#1953,#1954,#1961,#1969));
#1953 = ORIENTED_EDGE('',*,*,#1892,.T.);
#1954 = ORIENTED_EDGE('',*,*,#1955,.T.);
#1955 = EDGE_CURVE('',#1866,#1956,#1958,.T.);
#1956 = VERTEX_POINT('',#1957);
#1957 = CARTESIAN_POINT('',(10.222760388224,15.718068266964,10.));
#1958 = B_SPLINE_CURVE_WITH_KNOTS('',1,(#1959,#1960),.UNSPECIFIED.,.F.,
  .F.,(2,2),(0.,4.385241571817E-02),.PIECEWISE_BEZIER_KNOTS.);
#1959 = CARTESIAN_POINT('',(10.246669334269,15.754829614374,10.));
#1960 = CARTESIAN_POINT('',(10.222760388224,15.718068266964,10.));
#1961 = ORIENTED_EDGE('',*,*,#1962,.F.);
#1962 = EDGE_CURVE('',#1963,#1956,#1965,.T.);
#1963 = VERTEX_POINT('',#1964);
#1964 = CARTESIAN_POINT('',(10.222760388224,15.718068266964,0.));
#1965 = LINE('',#1966,#1967);
#1966 = CARTESIAN_POINT('',(10.222760388224,15.718068266964,0.));
#1967 = VECTOR('',#1968,1.);
#1968 = DIRECTION('',(0.,0.,1.));
#1969 = ORIENTED_EDGE('',*,*,#1970,.F.);
#1970 = EDGE_CURVE('',#1893,#1963,#1971,.T.);
#1971 = B_SPLINE_CURVE_WITH_KNOTS('',1,(#1972,#1973),.UNSPECIFIED.,.F.,
  .F.,(2,2),(0.,4.385241571817E-02),.PIECEWISE_BEZIER_KNOTS.);
#1972 = CARTESIAN_POINT('',(10.246669334269,15.754829614374,0.));
#1973 = CARTESIAN_POINT('',(10.222760388224,15.718068266964,0.));
#1974 = SURFACE_OF_LINEAR_EXTRUSION('',#1975,#1978);
#1975 = B_SPLINE_CURVE_WITH_KNOTS('',1,(#1976,#1977),.UNSPECIFIED.,.F.,
  .F.,(2,2),(0.,4.385241571817E-02),.PIECEWISE_BEZIER_KNOTS.);
#1976 = CARTESIAN_POINT('',(10.246669334269,15.754829614374,0.));
#1977 = CARTESIAN_POINT('',(10.222760388224,15.718068266964,0.));
#1978 = VECTOR('',#1979,1.);
#1979 = DIRECTION('',(-0.,-0.,-1.));
#1980 = ADVANCED_FACE('',(#1981),#2004,.F.);
#1981 = FACE_BOUND('',#1982,.F.);
#1982 = EDGE_LOOP('',(#1983,#1984,#1991,#1999));
#1983 = ORIENTED_EDGE('',*,*,#1962,.T.);
#1984 = ORIENTED_EDGE('',*,*,#1985,.T.);
#1985 = EDGE_CURVE('',#1956,#1986,#1988,.T.);
#1986 = VERTEX_POINT('',#1987);
#1987 = CARTESIAN_POINT('',(9.363865276136,16.244399868582,10.));
#1988 = B_SPLINE_CURVE_WITH_KNOTS('',1,(#1989,#1990),.UNSPECIFIED.,.F.,
  .F.,(2,2),(0.,1.007335975944),.PIECEWISE_BEZIER_KNOTS.);
#1989 = CARTESIAN_POINT('',(10.222760388224,15.718068266964,10.));
#1990 = CARTESIAN_POINT('',(9.363865276136,16.244399868582,10.));
#1991 = ORIENTED_EDGE('',*,*,#1992,.F.);
#1992 = EDGE_CURVE('',#1993,#1986,#1995,.T.);
#1993 = VERTEX_POINT('',#1994);
#1994 = CARTESIAN_POINT('',(9.363865276136,16.244399868582,0.));
#1995 = LINE('',#1996,#1997);
#1996 = CARTESIAN_POINT('',(9.363865276136,16.244399868582,0.));
#1997 = VECTOR('',#1998,1.);
#1998 = DIRECTION('',(0.,0.,1.));
#1999 = ORIENTED_EDGE('',*,*,#2000,.F.);
#2000 = EDGE_CURVE('',#1963,#1993,#2001,.T.);
#2001 = B_SPLINE_CURVE_WITH_KNOTS('',1,(#2002,#2003),.UNSPECIFIED.,.F.,
  .F.,(2,2),(0.,1.007335975944),.PIECEWISE_BEZIER_KNOTS.);
#2002 = CARTESIAN_POINT('',(10.222760388224,15.718068266964,0.));
#2003 = CARTESIAN_POINT('',(9.363865276136,16.244399868582,0.));
#2004 = SURFACE_OF_LINEAR_EXTRUSION('',#2005,#2008);
#2005 = B_SPLINE_CURVE_WITH_KNOTS('',1,(#2006,#2007),.UNSPECIFIED.,.F.,
  .F.,(2,2),(0.,1.007335975944),.PIECEWISE_BEZIER_KNOTS.);
#2006 = CARTESIAN_POINT('',(10.222760388224,15.718068266964,0.));
#2007 = CARTESIAN_POINT('',(9.363865276136,16.244399868582,0.));
#2008 = VECTOR('',#2009,1.);
#2009 = DIRECTION('',(-0.,-0.,-1.));
#2010 = ADVANCED_FACE('',(#2011),#2034,.F.);
#2011 = FACE_BOUND('',#2012,.F.);
#2012 = EDGE_LOOP('',(#2013,#2014,#2021,#2029));
#2013 = ORIENTED_EDGE('',*,*,#1992,.T.);
#2014 = ORIENTED_EDGE('',*,*,#2015,.T.);
#2015 = EDGE_CURVE('',#1986,#2016,#2018,.T.);
#2016 = VERTEX_POINT('',#2017);
#2017 = CARTESIAN_POINT('',(9.385765442153,16.282392197975,10.));
#2018 = B_SPLINE_CURVE_WITH_KNOTS('',1,(#2019,#2020),.UNSPECIFIED.,.F.,
  .F.,(2,2),(0.,4.385241571817E-02),.PIECEWISE_BEZIER_KNOTS.);
#2019 = CARTESIAN_POINT('',(9.363865276136,16.244399868582,10.));
#2020 = CARTESIAN_POINT('',(9.385765442153,16.282392197975,10.));
#2021 = ORIENTED_EDGE('',*,*,#2022,.F.);
#2022 = EDGE_CURVE('',#2023,#2016,#2025,.T.);
#2023 = VERTEX_POINT('',#2024);
#2024 = CARTESIAN_POINT('',(9.385765442153,16.282392197975,0.));
#2025 = LINE('',#2026,#2027);
#2026 = CARTESIAN_POINT('',(9.385765442153,16.282392197975,0.));
#2027 = VECTOR('',#2028,1.);
#2028 = DIRECTION('',(0.,0.,1.));
#2029 = ORIENTED_EDGE('',*,*,#2030,.F.);
#2030 = EDGE_CURVE('',#1993,#2023,#2031,.T.);
#2031 = B_SPLINE_CURVE_WITH_KNOTS('',1,(#2032,#2033),.UNSPECIFIED.,.F.,
  .F.,(2,2),(0.,4.385241571817E-02),.PIECEWISE_BEZIER_KNOTS.);
#2032 = CARTESIAN_POINT('',(9.363865276136,16.244399868582,0.));
#2033 = CARTESIAN_POINT('',(9.385765442153,16.282392197975,0.));
#2034 = SURFACE_OF_LINEAR_EXTRUSION('',#2035,#2038);
#2035 = B_SPLINE_CURVE_WITH_KNOTS('',1,(#2036,#2037),.UNSPECIFIED.,.F.,
  .F.,(2,2),(0.,4.385241571817E-02),.PIECEWISE_BEZIER_KNOTS.);
#2036 = CARTESIAN_POINT('',(9.363865276136,16.244399868582,0.));
#2037 = CARTESIAN_POINT('',(9.385765442153,16.282392197975,0.));
#2038 = VECTOR('',#2039,1.);
#2039 = DIRECTION('',(-0.,-0.,-1.));
#2040 = ADVANCED_FACE('',(#2041),#2104,.F.);
#2041 = FACE_BOUND('',#2042,.F.);
#2042 = EDGE_LOOP('',(#2043,#2044,#2071,#2079));
#2043 = ORIENTED_EDGE('',*,*,#2022,.T.);
#2044 = ORIENTED_EDGE('',*,*,#2045,.T.);
#2045 = EDGE_CURVE('',#2016,#2046,#2048,.T.);
#2046 = VERTEX_POINT('',#2047);
#2047 = CARTESIAN_POINT('',(9.824727601,18.560030376218,10.));
#2048 = B_SPLINE_CURVE_WITH_KNOTS('',3,(#2049,#2050,#2051,#2052,#2053,
    #2054,#2055,#2056,#2057,#2058,#2059,#2060,#2061,#2062,#2063,#2064,
    #2065,#2066,#2067,#2068,#2069,#2070),.UNSPECIFIED.,.F.,.F.,(4,1,1,1,
    1,1,1,1,1,1,1,1,1,1,1,1,1,1,1,4),(0.,6.469775801205E-03,
    2.587893822125E-02,5.822752025674E-02,0.103515526622,0.161742958887,
    0.232909817767,0.317016103646,0.414061816756,0.524046957245,
    0.646971525216,0.782835520741,0.931638943874,1.093381794658,
    1.268064073122,1.455685779293,1.656246913191,1.869747474833,
    2.096187464232,2.335566881401),.UNSPECIFIED.);
#2049 = CARTESIAN_POINT('',(9.385765442153,16.282392197975,10.));
#2050 = CARTESIAN_POINT('',(9.386822862931,16.28427193525,10.));
#2051 = CARTESIAN_POINT('',(9.390998727372,16.291820160432,10.));
#2052 = CARTESIAN_POINT('',(9.399931385269,16.309055387581,10.));
#2053 = CARTESIAN_POINT('',(9.414157878648,16.338110367103,10.));
#2054 = CARTESIAN_POINT('',(9.433001944258,16.379298073936,10.));
#2055 = CARTESIAN_POINT('',(9.455864083116,16.43285628562,10.));
#2056 = CARTESIAN_POINT('',(9.482092540825,16.499022451858,10.));
#2057 = CARTESIAN_POINT('',(9.511043028367,16.577999267286,10.));
#2058 = CARTESIAN_POINT('',(9.542056751345,16.669967593655,10.));
#2059 = CARTESIAN_POINT('',(9.574469690958,16.775081315437,10.));
#2060 = CARTESIAN_POINT('',(9.607610636321,16.893468745153,10.));
#2061 = CARTESIAN_POINT('',(9.640803061761,17.025231835974,10.));
#2062 = CARTESIAN_POINT('',(9.673365736529,17.170446162553,10.));
#2063 = CARTESIAN_POINT('',(9.704613743181,17.329160698834,10.));
#2064 = CARTESIAN_POINT('',(9.733859396489,17.50139768693,10.));
#2065 = CARTESIAN_POINT('',(9.760413098966,17.687152575328,10.));
#2066 = CARTESIAN_POINT('',(9.783584634385,17.886393737468,10.));
#2067 = CARTESIAN_POINT('',(9.802682622732,18.099063281101,10.));
#2068 = CARTESIAN_POINT('',(9.817021537845,18.325073534526,10.));
#2069 = CARTESIAN_POINT('',(9.822779174484,18.480261285269,10.));
#2070 = CARTESIAN_POINT('',(9.824727601,18.560030376218,10.));
#2071 = ORIENTED_EDGE('',*,*,#2072,.F.);
#2072 = EDGE_CURVE('',#2073,#2046,#2075,.T.);
#2073 = VERTEX_POINT('',#2074);
#2074 = CARTESIAN_POINT('',(9.824727601,18.560030376218,0.));
#2075 = LINE('',#2076,#2077);
#2076 = CARTESIAN_POINT('',(9.824727601,18.560030376218,0.));
#2077 = VECTOR('',#2078,1.);
#2078 = DIRECTION('',(0.,0.,1.));
#2079 = ORIENTED_EDGE('',*,*,#2080,.F.);
#2080 = EDGE_CURVE('',#2023,#2073,#2081,.T.);
#2081 = B_SPLINE_CURVE_WITH_KNOTS('',3,(#2082,#2083,#2084,#2085,#2086,
    #2087,#2088,#2089,#2090,#2091,#2092,#2093,#2094,#2095,#2096,#2097,
    #2098,#2099,#2100,#2101,#2102,#2103),.UNSPECIFIED.,.F.,.F.,(4,1,1,1,
    1,1,1,1,1,1,1,1,1,1,1,1,1,1,1,4),(0.,6.469775801205E-03,
    2.587893822125E-02,5.822752025674E-02,0.103515526622,0.161742958887,
    0.232909817767,0.317016103646,0.414061816756,0.524046957245,
    0.646971525216,0.782835520741,0.931638943874,1.093381794658,
    1.268064073122,1.455685779293,1.656246913191,1.869747474833,
    2.096187464232,2.335566881401),.UNSPECIFIED.);
#2082 = CARTESIAN_POINT('',(9.385765442153,16.282392197975,0.));
#2083 = CARTESIAN_POINT('',(9.386822862931,16.28427193525,0.));
#2084 = CARTESIAN_POINT('',(9.390998727372,16.291820160432,0.));
#2085 = CARTESIAN_POINT('',(9.399931385269,16.309055387581,0.));
#2086 = CARTESIAN_POINT('',(9.414157878648,16.338110367103,0.));
#2087 = CARTESIAN_POINT('',(9.433001944258,16.379298073936,0.));
#2088 = CARTESIAN_POINT('',(9.455864083116,16.43285628562,0.));
#2089 = CARTESIAN_POINT('',(9.482092540825,16.499022451858,0.));
#2090 = CARTESIAN_POINT('',(9.511043028367,16.577999267286,0.));
#2091 = CARTESIAN_POINT('',(9.542056751345,16.669967593655,0.));
#2092 = CARTESIAN_POINT('',(9.574469690958,16.775081315437,0.));
#2093 = CARTESIAN_POINT('',(9.607610636321,16.893468745153,0.));
#2094 = CARTESIAN_POINT('',(9.640803061761,17.025231835974,0.));
#2095 = CARTESIAN_POINT('',(9.673365736529,17.170446162553,0.));
#2096 = CARTESIAN_POINT('',(9.704613743181,17.329160698834,0.));
#2097 = CARTESIAN_POINT('',(9.733859396489,17.50139768693,0.));
#2098 = CARTESIAN_POINT('',(9.760413098966,17.687152575328,0.));
#2099 = CARTESIAN_POINT('',(9.783584634385,17.886393737468,0.));
#2100 = CARTESIAN_POINT('',(9.802682622732,18.099063281101,0.));
#2101 = CARTESIAN_POINT('',(9.817021537845,18.325073534526,0.));
#2102 = CARTESIAN_POINT('',(9.822779174484,18.480261285269,0.));
#2103 = CARTESIAN_POINT('',(9.824727601,18.560030376218,0.));
#2104 = SURFACE_OF_LINEAR_EXTRUSION('',#2105,#2128);
#2105 = B_SPLINE_CURVE_WITH_KNOTS('',3,(#2106,#2107,#2108,#2109,#2110,
    #2111,#2112,#2113,#2114,#2115,#2116,#2117,#2118,#2119,#2120,#2121,
    #2122,#2123,#2124,#2125,#2126,#2127),.UNSPECIFIED.,.F.,.F.,(4,1,1,1,
    1,1,1,1,1,1,1,1,1,1,1,1,1,1,1,4),(0.,6.469775801205E-03,
    2.587893822125E-02,5.822752025674E-02,0.103515526622,0.161742958887,
    0.232909817767,0.317016103646,0.414061816756,0.524046957245,
    0.646971525216,0.782835520741,0.931638943874,1.093381794658,
    1.268064073122,1.455685779293,1.656246913191,1.869747474833,
    2.096187464232,2.335566881401),.UNSPECIFIED.);
#2106 = CARTESIAN_POINT('',(9.385765442153,16.282392197975,0.));
#2107 = CARTESIAN_POINT('',(9.386822862931,16.28427193525,0.));
#2108 = CARTESIAN_POINT('',(9.390998727372,16.291820160432,0.));
#2109 = CARTESIAN_POINT('',(9.399931385269,16.309055387581,0.));
#2110 = CARTESIAN_POINT('',(9.414157878648,16.338110367103,0.));
#2111 = CARTESIAN_POINT('',(9.433001944258,16.379298073936,0.));
#2112 = CARTESIAN_POINT('',(9.455864083116,16.43285628562,0.));
#2113 = CARTESIAN_POINT('',(9.482092540825,16.499022451858,0.));
#2114 = CARTESIAN_POINT('',(9.511043028367,16.577999267286,0.));
#2115 = CARTESIAN_POINT('',(9.542056751345,16.669967593655,0.));
#2116 = CARTESIAN_POINT('',(9.574469690958,16.775081315437,0.));
#2117 = CARTESIAN_POINT('',(9.607610636321,16.893468745153,0.));
#2118 = CARTESIAN_POINT('',(9.640803061761,17.025231835974,0.));
#2119 = CARTESIAN_POINT('',(9.673365736529,17.170446162553,0.));
#2120 = CARTESIAN_POINT('',(9.704613743181,17.329160698834,0.));
#2121 = CARTESIAN_POINT('',(9.733859396489,17.50139768693,0.));
#2122 = CARTESIAN_POINT('',(9.760413098966,17.687152575328,0.));
#2123 = CARTESIAN_POINT('',(9.783584634385,17.886393737468,0.));
#2124 = CARTESIAN_POINT('',(9.802682622732,18.099063281101,0.));
#2125 = CARTESIAN_POINT('',(9.817021537845,18.325073534526,0.));
#2126 = CARTESIAN_POINT('',(9.822779174484,18.480261285269,0.));
#2127 = CARTESIAN_POINT('',(9.824727601,18.560030376218,0.));
#2128 = VECTOR('',#2129,1.);
#2129 = DIRECTION('',(-0.,-0.,-1.));
#2130 = ADVANCED_FACE('',(#2131),#2154,.F.);
#2131 = FACE_BOUND('',#2132,.F.);
#2132 = EDGE_LOOP('',(#2133,#2134,#2141,#2149));
#2133 = ORIENTED_EDGE('',*,*,#2072,.T.);
#2134 = ORIENTED_EDGE('',*,*,#2135,.T.);
#2135 = EDGE_CURVE('',#2046,#2136,#2138,.T.);
#2136 = VERTEX_POINT('',#2137);
#2137 = CARTESIAN_POINT('',(9.240549998817,18.857683731555,10.));
#2138 = B_SPLINE_CURVE_WITH_KNOTS('',1,(#2139,#2140),.UNSPECIFIED.,.F.,
  .F.,(2,2),(0.,0.655637850368),.PIECEWISE_BEZIER_KNOTS.);
#2139 = CARTESIAN_POINT('',(9.824727601,18.560030376218,10.));
#2140 = CARTESIAN_POINT('',(9.240549998817,18.857683731555,10.));
#2141 = ORIENTED_EDGE('',*,*,#2142,.F.);
#2142 = EDGE_CURVE('',#2143,#2136,#2145,.T.);
#2143 = VERTEX_POINT('',#2144);
#2144 = CARTESIAN_POINT('',(9.240549998817,18.857683731555,0.));
#2145 = LINE('',#2146,#2147);
#2146 = CARTESIAN_POINT('',(9.240549998817,18.857683731555,0.));
#2147 = VECTOR('',#2148,1.);
#2148 = DIRECTION('',(0.,0.,1.));
#2149 = ORIENTED_EDGE('',*,*,#2150,.F.);
#2150 = EDGE_CURVE('',#2073,#2143,#2151,.T.);
#2151 = B_SPLINE_CURVE_WITH_KNOTS('',1,(#2152,#2153),.UNSPECIFIED.,.F.,
  .F.,(2,2),(0.,0.655637850368),.PIECEWISE_BEZIER_KNOTS.);
#2152 = CARTESIAN_POINT('',(9.824727601,18.560030376218,0.));
#2153 = CARTESIAN_POINT('',(9.240549998817,18.857683731555,0.));
#2154 = SURFACE_OF_LINEAR_EXTRUSION('',#2155,#2158);
#2155 = B_SPLINE_CURVE_WITH_KNOTS('',1,(#2156,#2157),.UNSPECIFIED.,.F.,
  .F.,(2,2),(0.,0.655637850368),.PIECEWISE_BEZIER_KNOTS.);
#2156 = CARTESIAN_POINT('',(9.824727601,18.560030376218,0.));
#2157 = CARTESIAN_POINT('',(9.240549998817,18.857683731555,0.));
#2158 = VECTOR('',#2159,1.);
#2159 = DIRECTION('',(-0.,-0.,-1.));
#2160 = ADVANCED_FACE('',(#2161),#2224,.F.);
#2161 = FACE_BOUND('',#2162,.F.);
#2162 = EDGE_LOOP('',(#2163,#2164,#2191,#2199));
#2163 = ORIENTED_EDGE('',*,*,#2142,.T.);
#2164 = ORIENTED_EDGE('',*,*,#2165,.T.);
#2165 = EDGE_CURVE('',#2136,#2166,#2168,.T.);
#2166 = VERTEX_POINT('',#2167);
#2167 = CARTESIAN_POINT('',(7.655917488866,17.163793753931,10.));
#2168 = B_SPLINE_CURVE_WITH_KNOTS('',3,(#2169,#2170,#2171,#2172,#2173,
    #2174,#2175,#2176,#2177,#2178,#2179,#2180,#2181,#2182,#2183,#2184,
    #2185,#2186,#2187,#2188,#2189,#2190),.UNSPECIFIED.,.F.,.F.,(4,1,1,1,
    1,1,1,1,1,1,1,1,1,1,1,1,1,1,1,4),(0.,0.239379417168,0.465819406568,
    0.67931996821,0.879881102108,1.067502808279,1.242185086743,
    1.403927937526,1.55273136066,1.688595356185,1.811519924156,
    1.921505064645,2.018550777754,2.102657063634,2.173823922514,
    2.232051354779,2.277339361144,2.309687943179,2.329097105599,
    2.335566881401),.UNSPECIFIED.);
#2169 = CARTESIAN_POINT('',(9.240549998817,18.857683731555,10.));
#2170 = CARTESIAN_POINT('',(9.177160704985,18.809220326143,10.));
#2171 = CARTESIAN_POINT('',(9.054995431219,18.713345229031,10.));
#2172 = CARTESIAN_POINT('',(8.880577498132,18.568899309194,10.));
#2173 = CARTESIAN_POINT('',(8.719749739046,18.428444690703,10.));
#2174 = CARTESIAN_POINT('',(8.572180139688,18.292587508007,10.));
#2175 = CARTESIAN_POINT('',(8.437509152896,18.161921127499,10.));
#2176 = CARTESIAN_POINT('',(8.315356666174,18.037022535459,10.));
#2177 = CARTESIAN_POINT('',(8.205321026542,17.918452303287,10.));
#2178 = CARTESIAN_POINT('',(8.106980028517,17.806753706432,10.));
#2179 = CARTESIAN_POINT('',(8.019891466973,17.702452068585,10.));
#2180 = CARTESIAN_POINT('',(7.943593783344,17.606054095334,10.));
#2181 = CARTESIAN_POINT('',(7.877606843968,17.518047180872,10.));
#2182 = CARTESIAN_POINT('',(7.821432313977,17.438898926006,10.));
#2183 = CARTESIAN_POINT('',(7.774555397758,17.369056082208,10.));
#2184 = CARTESIAN_POINT('',(7.73644254545,17.30894531747,10.));
#2185 = CARTESIAN_POINT('',(7.706551070066,17.258968731639,10.));
#2186 = CARTESIAN_POINT('',(7.684305779138,17.219514035666,10.));
#2187 = CARTESIAN_POINT('',(7.669161929933,17.190926472282,10.));
#2188 = CARTESIAN_POINT('',(7.660468822843,17.1735691879,10.));
#2189 = CARTESIAN_POINT('',(7.656816691927,17.165754107158,10.));
#2190 = CARTESIAN_POINT('',(7.655917488866,17.163793753931,10.));
#2191 = ORIENTED_EDGE('',*,*,#2192,.F.);
#2192 = EDGE_CURVE('',#2193,#2166,#2195,.T.);
#2193 = VERTEX_POINT('',#2194);
#2194 = CARTESIAN_POINT('',(7.655917488866,17.163793753931,0.));
#2195 = LINE('',#2196,#2197);
#2196 = CARTESIAN_POINT('',(7.655917488866,17.163793753931,0.));
#2197 = VECTOR('',#2198,1.);
#2198 = DIRECTION('',(0.,0.,1.));
#2199 = ORIENTED_EDGE('',*,*,#2200,.F.);
#2200 = EDGE_CURVE('',#2143,#2193,#2201,.T.);
#2201 = B_SPLINE_CURVE_WITH_KNOTS('',3,(#2202,#2203,#2204,#2205,#2206,
    #2207,#2208,#2209,#2210,#2211,#2212,#2213,#2214,#2215,#2216,#2217,
    #2218,#2219,#2220,#2221,#2222,#2223),.UNSPECIFIED.,.F.,.F.,(4,1,1,1,
    1,1,1,1,1,1,1,1,1,1,1,1,1,1,1,4),(0.,0.239379417168,0.465819406568,
    0.67931996821,0.879881102108,1.067502808279,1.242185086743,
    1.403927937526,1.55273136066,1.688595356185,1.811519924156,
    1.921505064645,2.018550777754,2.102657063634,2.173823922514,
    2.232051354779,2.277339361144,2.309687943179,2.329097105599,
    2.335566881401),.UNSPECIFIED.);
#2202 = CARTESIAN_POINT('',(9.240549998817,18.857683731555,0.));
#2203 = CARTESIAN_POINT('',(9.177160704985,18.809220326143,0.));
#2204 = CARTESIAN_POINT('',(9.054995431219,18.713345229031,0.));
#2205 = CARTESIAN_POINT('',(8.880577498132,18.568899309194,0.));
#2206 = CARTESIAN_POINT('',(8.719749739046,18.428444690703,0.));
#2207 = CARTESIAN_POINT('',(8.572180139688,18.292587508007,0.));
#2208 = CARTESIAN_POINT('',(8.437509152896,18.161921127499,0.));
#2209 = CARTESIAN_POINT('',(8.315356666174,18.037022535459,0.));
#2210 = CARTESIAN_POINT('',(8.205321026542,17.918452303287,0.));
#2211 = CARTESIAN_POINT('',(8.106980028517,17.806753706432,0.));
#2212 = CARTESIAN_POINT('',(8.019891466973,17.702452068585,0.));
#2213 = CARTESIAN_POINT('',(7.943593783344,17.606054095334,0.));
#2214 = CARTESIAN_POINT('',(7.877606843968,17.518047180872,0.));
#2215 = CARTESIAN_POINT('',(7.821432313977,17.438898926006,0.));
#2216 = CARTESIAN_POINT('',(7.774555397758,17.369056082208,0.));
#2217 = CARTESIAN_POINT('',(7.73644254545,17.30894531747,0.));
#2218 = CARTESIAN_POINT('',(7.706551070066,17.258968731639,0.));
#2219 = CARTESIAN_POINT('',(7.684305779138,17.219514035666,0.));
#2220 = CARTESIAN_POINT('',(7.669161929933,17.190926472282,0.));
#2221 = CARTESIAN_POINT('',(7.660468822843,17.1735691879,0.));
#2222 = CARTESIAN_POINT('',(7.656816691927,17.165754107158,0.));
#2223 = CARTESIAN_POINT('',(7.655917488866,17.163793753931,0.));
#2224 = SURFACE_OF_LINEAR_EXTRUSION('',#2225,#2248);
#2225 = B_SPLINE_CURVE_WITH_KNOTS('',3,(#2226,#2227,#2228,#2229,#2230,
    #2231,#2232,#2233,#2234,#2235,#2236,#2237,#2238,#2239,#2240,#2241,
    #2242,#2243,#2244,#2245,#2246,#2247),.UNSPECIFIED.,.F.,.F.,(4,1,1,1,
    1,1,1,1,1,1,1,1,1,1,1,1,1,1,1,4),(0.,0.239379417168,0.465819406568,
    0.67931996821,0.879881102108,1.067502808279,1.242185086743,
    1.403927937526,1.55273136066,1.688595356185,1.811519924156,
    1.921505064645,2.018550777754,2.102657063634,2.173823922514,
    2.232051354779,2.277339361144,2.309687943179,2.329097105599,
    2.335566881401),.UNSPECIFIED.);
#2226 = CARTESIAN_POINT('',(9.240549998817,18.857683731555,0.));
#2227 = CARTESIAN_POINT('',(9.177160704985,18.809220326143,0.));
#2228 = CARTESIAN_POINT('',(9.054995431219,18.713345229031,0.));
#2229 = CARTESIAN_POINT('',(8.880577498132,18.568899309194,0.));
#2230 = CARTESIAN_POINT('',(8.719749739046,18.428444690703,0.));
#2231 = CARTESIAN_POINT('',(8.572180139688,18.292587508007,0.));
#2232 = CARTESIAN_POINT('',(8.437509152896,18.161921127499,0.));
#2233 = CARTESIAN_POINT('',(8.315356666174,18.037022535459,0.));
#2234 = CARTESIAN_POINT('',(8.205321026542,17.918452303287,0.));
#2235 = CARTESIAN_POINT('',(8.106980028517,17.806753706432,0.));
#2236 = CARTESIAN_POINT('',(8.019891466973,17.702452068585,0.));
#2237 = CARTESIAN_POINT('',(7.943593783344,17.606054095334,0.));
#2238 = CARTESIAN_POINT('',(7.877606843968,17.518047180872,0.));
#2239 = CARTESIAN_POINT('',(7.821432313977,17.438898926006,0.));
#2240 = CARTESIAN_POINT('',(7.774555397758,17.369056082208,0.));
#2241 = CARTESIAN_POINT('',(7.73644254545,17.30894531747,0.));
#2242 = CARTESIAN_POINT('',(7.706551070066,17.258968731639,0.));
#2243 = CARTESIAN_POINT('',(7.684305779138,17.219514035666,0.));
#2244 = CARTESIAN_POINT('',(7.669161929933,17.190926472282,0.));
#2245 = CARTESIAN_POINT('',(7.660468822843,17.1735691879,0.));
#2246 = CARTESIAN_POINT('',(7.656816691927,17.165754107158,0.));
#2247 = CARTESIAN_POINT('',(7.655917488866,17.163793753931,0.));
#2248 = VECTOR('',#2249,1.);
#2249 = DIRECTION('',(-0.,-0.,-1.));
#2250 = ADVANCED_FACE('',(#2251),#2274,.F.);
#2251 = FACE_BOUND('',#2252,.F.);
#2252 = EDGE_LOOP('',(#2253,#2254,#2261,#2269));
#2253 = ORIENTED_EDGE('',*,*,#2192,.T.);
#2254 = ORIENTED_EDGE('',*,*,#2255,.T.);
#2255 = EDGE_CURVE('',#2166,#2256,#2258,.T.);
#2256 = VERTEX_POINT('',#2257);
#2257 = CARTESIAN_POINT('',(7.638053643338,17.123744816526,10.));
#2258 = B_SPLINE_CURVE_WITH_KNOTS('',1,(#2259,#2260),.UNSPECIFIED.,.F.,
  .F.,(2,2),(0.,4.385241571817E-02),.PIECEWISE_BEZIER_KNOTS.);
#2259 = CARTESIAN_POINT('',(7.655917488866,17.163793753931,10.));
#2260 = CARTESIAN_POINT('',(7.638053643338,17.123744816526,10.));
#2261 = ORIENTED_EDGE('',*,*,#2262,.F.);
#2262 = EDGE_CURVE('',#2263,#2256,#2265,.T.);
#2263 = VERTEX_POINT('',#2264);
#2264 = CARTESIAN_POINT('',(7.638053643338,17.123744816526,0.));
#2265 = LINE('',#2266,#2267);
#2266 = CARTESIAN_POINT('',(7.638053643338,17.123744816526,0.));
#2267 = VECTOR('',#2268,1.);
#2268 = DIRECTION('',(0.,0.,1.));
#2269 = ORIENTED_EDGE('',*,*,#2270,.F.);
#2270 = EDGE_CURVE('',#2193,#2263,#2271,.T.);
#2271 = B_SPLINE_CURVE_WITH_KNOTS('',1,(#2272,#2273),.UNSPECIFIED.,.F.,
  .F.,(2,2),(0.,4.385241571817E-02),.PIECEWISE_BEZIER_KNOTS.);
#2272 = CARTESIAN_POINT('',(7.655917488866,17.163793753931,0.));
#2273 = CARTESIAN_POINT('',(7.638053643338,17.123744816526,0.));
#2274 = SURFACE_OF_LINEAR_EXTRUSION('',#2275,#2278);
#2275 = B_SPLINE_CURVE_WITH_KNOTS('',1,(#2276,#2277),.UNSPECIFIED.,.F.,
  .F.,(2,2),(0.,4.385241571817E-02),.PIECEWISE_BEZIER_KNOTS.);
#2276 = CARTESIAN_POINT('',(7.655917488866,17.163793753931,0.));
#2277 = CARTESIAN_POINT('',(7.638053643338,17.123744816526,0.));
#2278 = VECTOR('',#2279,1.);
#2279 = DIRECTION('',(-0.,-0.,-1.));
#2280 = ADVANCED_FACE('',(#2281),#2304,.F.);
#2281 = FACE_BOUND('',#2282,.F.);
#2282 = EDGE_LOOP('',(#2283,#2284,#2291,#2299));
#2283 = ORIENTED_EDGE('',*,*,#2262,.T.);
#2284 = ORIENTED_EDGE('',*,*,#2285,.T.);
#2285 = EDGE_CURVE('',#2256,#2286,#2288,.T.);
#2286 = VERTEX_POINT('',#2287);
#2287 = CARTESIAN_POINT('',(6.707396552802,17.509235605344,10.));
#2288 = B_SPLINE_CURVE_WITH_KNOTS('',1,(#2289,#2290),.UNSPECIFIED.,.F.,
  .F.,(2,2),(0.,1.007335975944),.PIECEWISE_BEZIER_KNOTS.);
#2289 = CARTESIAN_POINT('',(7.638053643338,17.123744816526,10.));
#2290 = CARTESIAN_POINT('',(6.707396552802,17.509235605344,10.));
#2291 = ORIENTED_EDGE('',*,*,#2292,.F.);
#2292 = EDGE_CURVE('',#2293,#2286,#2295,.T.);
#2293 = VERTEX_POINT('',#2294);
#2294 = CARTESIAN_POINT('',(6.707396552802,17.509235605344,0.));
#2295 = LINE('',#2296,#2297);
#2296 = CARTESIAN_POINT('',(6.707396552802,17.509235605344,0.));
#2297 = VECTOR('',#2298,1.);
#2298 = DIRECTION('',(0.,0.,1.));
#2299 = ORIENTED_EDGE('',*,*,#2300,.F.);
#2300 = EDGE_CURVE('',#2263,#2293,#2301,.T.);
#2301 = B_SPLINE_CURVE_WITH_KNOTS('',1,(#2302,#2303),.UNSPECIFIED.,.F.,
  .F.,(2,2),(0.,1.007335975944),.PIECEWISE_BEZIER_KNOTS.);
#2302 = CARTESIAN_POINT('',(7.638053643338,17.123744816526,0.));
#2303 = CARTESIAN_POINT('',(6.707396552802,17.509235605344,0.));
#2304 = SURFACE_OF_LINEAR_EXTRUSION('',#2305,#2308);
#2305 = B_SPLINE_CURVE_WITH_KNOTS('',1,(#2306,#2307),.UNSPECIFIED.,.F.,
  .F.,(2,2),(0.,1.007335975944),.PIECEWISE_BEZIER_KNOTS.);
#2306 = CARTESIAN_POINT('',(7.638053643338,17.123744816526,0.));
#2307 = CARTESIAN_POINT('',(6.707396552802,17.509235605344,0.));
#2308 = VECTOR('',#2309,1.);
#2309 = DIRECTION('',(-0.,-0.,-1.));
#2310 = ADVANCED_FACE('',(#2311),#2334,.F.);
#2311 = FACE_BOUND('',#2312,.F.);
#2312 = EDGE_LOOP('',(#2313,#2314,#2321,#2329));
#2313 = ORIENTED_EDGE('',*,*,#2292,.T.);
#2314 = ORIENTED_EDGE('',*,*,#2315,.T.);
#2315 = EDGE_CURVE('',#2286,#2316,#2318,.T.);
#2316 = VERTEX_POINT('',#2317);
#2317 = CARTESIAN_POINT('',(6.72308378171,17.550186126874,10.));
#2318 = B_SPLINE_CURVE_WITH_KNOTS('',1,(#2319,#2320),.UNSPECIFIED.,.F.,
  .F.,(2,2),(0.,4.385241571817E-02),.PIECEWISE_BEZIER_KNOTS.);
#2319 = CARTESIAN_POINT('',(6.707396552802,17.509235605344,10.));
#2320 = CARTESIAN_POINT('',(6.72308378171,17.550186126874,10.));
#2321 = ORIENTED_EDGE('',*,*,#2322,.F.);
#2322 = EDGE_CURVE('',#2323,#2316,#2325,.T.);
#2323 = VERTEX_POINT('',#2324);
#2324 = CARTESIAN_POINT('',(6.72308378171,17.550186126874,0.));
#2325 = LINE('',#2326,#2327);
#2326 = CARTESIAN_POINT('',(6.72308378171,17.550186126874,0.));
#2327 = VECTOR('',#2328,1.);
#2328 = DIRECTION('',(0.,0.,1.));
#2329 = ORIENTED_EDGE('',*,*,#2330,.F.);
#2330 = EDGE_CURVE('',#2293,#2323,#2331,.T.);
#2331 = B_SPLINE_CURVE_WITH_KNOTS('',1,(#2332,#2333),.UNSPECIFIED.,.F.,
  .F.,(2,2),(0.,4.385241571817E-02),.PIECEWISE_BEZIER_KNOTS.);
#2332 = CARTESIAN_POINT('',(6.707396552802,17.509235605344,0.));
#2333 = CARTESIAN_POINT('',(6.72308378171,17.550186126874,0.));
#2334 = SURFACE_OF_LINEAR_EXTRUSION('',#2335,#2338);
#2335 = B_SPLINE_CURVE_WITH_KNOTS('',1,(#2336,#2337),.UNSPECIFIED.,.F.,
  .F.,(2,2),(0.,4.385241571817E-02),.PIECEWISE_BEZIER_KNOTS.);
#2336 = CARTESIAN_POINT('',(6.707396552802,17.509235605344,0.));
#2337 = CARTESIAN_POINT('',(6.72308378171,17.550186126874,0.));
#2338 = VECTOR('',#2339,1.);
#2339 = DIRECTION('',(-0.,-0.,-1.));
#2340 = ADVANCED_FACE('',(#2341),#2404,.F.);
#2341 = FACE_BOUND('',#2342,.F.);
#2342 = EDGE_LOOP('',(#2343,#2344,#2371,#2379));
#2343 = ORIENTED_EDGE('',*,*,#2322,.T.);
#2344 = ORIENTED_EDGE('',*,*,#2345,.T.);
#2345 = EDGE_CURVE('',#2316,#2346,#2348,.T.);
#2346 = VERTEX_POINT('',#2347);
#2347 = CARTESIAN_POINT('',(6.800340477997,19.868451610111,10.));
#2348 = B_SPLINE_CURVE_WITH_KNOTS('',3,(#2349,#2350,#2351,#2352,#2353,
    #2354,#2355,#2356,#2357,#2358,#2359,#2360,#2361,#2362,#2363,#2364,
    #2365,#2366,#2367,#2368,#2369,#2370),.UNSPECIFIED.,.F.,.F.,(4,1,1,1,
    1,1,1,1,1,1,1,1,1,1,1,1,1,1,1,4),(0.,6.469775801205E-03,
    2.587893822125E-02,5.822752025674E-02,0.103515526622,0.161742958887,
    0.232909817767,0.317016103646,0.414061816756,0.524046957245,
    0.646971525216,0.782835520741,0.931638943874,1.093381794658,
    1.268064073122,1.455685779293,1.656246913191,1.869747474833,
    2.096187464232,2.335566881401),.UNSPECIFIED.);
#2349 = CARTESIAN_POINT('',(6.72308378171,17.550186126874,10.));
#2350 = CARTESIAN_POINT('',(6.723834128188,17.552208138517,10.));
#2351 = CARTESIAN_POINT('',(6.72677777824,17.560316681641,10.));
#2352 = CARTESIAN_POINT('',(6.732904276756,17.578737090103,10.));
#2353 = CARTESIAN_POINT('',(6.742410418217,17.609659868495,10.));
#2354 = CARTESIAN_POINT('',(6.754579305224,17.653288347633,10.));
#2355 = CARTESIAN_POINT('',(6.768781623022,17.709763595318,10.));
#2356 = CARTESIAN_POINT('',(6.784336496074,17.779218181004,10.));
#2357 = CARTESIAN_POINT('',(6.800575859201,17.86175151481,10.));
#2358 = CARTESIAN_POINT('',(6.816820735849,17.957439173632,10.));
#2359 = CARTESIAN_POINT('',(6.832391209554,18.066329271941,10.));
#2360 = CARTESIAN_POINT('',(6.84660426065,18.188443542003,10.));
#2361 = CARTESIAN_POINT('',(6.858775743629,18.323776849846,10.));
#2362 = CARTESIAN_POINT('',(6.868220992341,18.472297271702,10.));
#2363 = CARTESIAN_POINT('',(6.874255860601,18.633946033874,10.));
#2364 = CARTESIAN_POINT('',(6.876197650293,18.808637526966,10.));
#2365 = CARTESIAN_POINT('',(6.873365966034,18.996259378687,10.));
#2366 = CARTESIAN_POINT('',(6.865084036788,19.196672378247,10.));
#2367 = CARTESIAN_POINT('',(6.850678050919,19.409711190483,10.));
#2368 = CARTESIAN_POINT('',(6.829484637105,19.635181983161,10.));
#2369 = CARTESIAN_POINT('',(6.810894674914,19.789359807981,10.));
#2370 = CARTESIAN_POINT('',(6.800340477997,19.868451610111,10.));
#2371 = ORIENTED_EDGE('',*,*,#2372,.F.);
#2372 = EDGE_CURVE('',#2373,#2346,#2375,.T.);
#2373 = VERTEX_POINT('',#2374);
#2374 = CARTESIAN_POINT('',(6.800340477997,19.868451610111,0.));
#2375 = LINE('',#2376,#2377);
#2376 = CARTESIAN_POINT('',(6.800340477997,19.868451610111,0.));
#2377 = VECTOR('',#2378,1.);
#2378 = DIRECTION('',(0.,0.,1.));
#2379 = ORIENTED_EDGE('',*,*,#2380,.F.);
#2380 = EDGE_CURVE('',#2323,#2373,#2381,.T.);
#2381 = B_SPLINE_CURVE_WITH_KNOTS('',3,(#2382,#2383,#2384,#2385,#2386,
    #2387,#2388,#2389,#2390,#2391,#2392,#2393,#2394,#2395,#2396,#2397,
    #2398,#2399,#2400,#2401,#2402,#2403),.UNSPECIFIED.,.F.,.F.,(4,1,1,1,
    1,1,1,1,1,1,1,1,1,1,1,1,1,1,1,4),(0.,6.469775801205E-03,
    2.587893822125E-02,5.822752025674E-02,0.103515526622,0.161742958887,
    0.232909817767,0.317016103646,0.414061816756,0.524046957245,
    0.646971525216,0.782835520741,0.931638943874,1.093381794658,
    1.268064073122,1.455685779293,1.656246913191,1.869747474833,
    2.096187464232,2.335566881401),.UNSPECIFIED.);
#2382 = CARTESIAN_POINT('',(6.72308378171,17.550186126874,0.));
#2383 = CARTESIAN_POINT('',(6.723834128188,17.552208138517,0.));
#2384 = CARTESIAN_POINT('',(6.72677777824,17.560316681641,0.));
#2385 = CARTESIAN_POINT('',(6.732904276756,17.578737090103,0.));
#2386 = CARTESIAN_POINT('',(6.742410418217,17.609659868495,0.));
#2387 = CARTESIAN_POINT('',(6.754579305224,17.653288347633,0.));
#2388 = CARTESIAN_POINT('',(6.768781623022,17.709763595318,0.));
#2389 = CARTESIAN_POINT('',(6.784336496074,17.779218181004,0.));
#2390 = CARTESIAN_POINT('',(6.800575859201,17.86175151481,0.));
#2391 = CARTESIAN_POINT('',(6.816820735849,17.957439173632,0.));
#2392 = CARTESIAN_POINT('',(6.832391209554,18.066329271941,0.));
#2393 = CARTESIAN_POINT('',(6.84660426065,18.188443542003,0.));
#2394 = CARTESIAN_POINT('',(6.858775743629,18.323776849846,0.));
#2395 = CARTESIAN_POINT('',(6.868220992341,18.472297271702,0.));
#2396 = CARTESIAN_POINT('',(6.874255860601,18.633946033874,0.));
#2397 = CARTESIAN_POINT('',(6.876197650293,18.808637526966,0.));
#2398 = CARTESIAN_POINT('',(6.873365966034,18.996259378687,0.));
#2399 = CARTESIAN_POINT('',(6.865084036788,19.196672378247,0.));
#2400 = CARTESIAN_POINT('',(6.850678050919,19.409711190483,0.));
#2401 = CARTESIAN_POINT('',(6.829484637105,19.635181983161,0.));
#2402 = CARTESIAN_POINT('',(6.810894674914,19.789359807981,0.));
#2403 = CARTESIAN_POINT('',(6.800340477997,19.868451610111,0.));
#2404 = SURFACE_OF_LINEAR_EXTRUSION('',#2405,#2428);
#2405 = B_SPLINE_CURVE_WITH_KNOTS('',3,(#2406,#2407,#2408,#2409,#2410,
    #2411,#2412,#2413,#2414,#2415,#2416,#2417,#2418,#2419,#2420,#2421,
    #2422,#2423,#2424,#2425,#2426,#2427),.UNSPECIFIED.,.F.,.F.,(4,1,1,1,
    1,1,1,1,1,1,1,1,1,1,1,1,1,1,1,4),(0.,6.469775801205E-03,
    2.587893822125E-02,5.822752025674E-02,0.103515526622,0.161742958887,
    0.232909817767,0.317016103646,0.414061816756,0.524046957245,
    0.646971525216,0.782835520741,0.931638943874,1.093381794658,
    1.268064073122,1.455685779293,1.656246913191,1.869747474833,
    2.096187464232,2.335566881401),.UNSPECIFIED.);
#2406 = CARTESIAN_POINT('',(6.72308378171,17.550186126874,0.));
#2407 = CARTESIAN_POINT('',(6.723834128188,17.552208138517,0.));
#2408 = CARTESIAN_POINT('',(6.72677777824,17.560316681641,0.));
#2409 = CARTESIAN_POINT('',(6.732904276756,17.578737090103,0.));
#2410 = CARTESIAN_POINT('',(6.742410418217,17.609659868495,0.));
#2411 = CARTESIAN_POINT('',(6.754579305224,17.653288347633,0.));
#2412 = CARTESIAN_POINT('',(6.768781623022,17.709763595318,0.));
#2413 = CARTESIAN_POINT('',(6.784336496074,17.779218181004,0.));
#2414 = CARTESIAN_POINT('',(6.800575859201,17.86175151481,0.));
#2415 = CARTESIAN_POINT('',(6.816820735849,17.957439173632,0.));
#2416 = CARTESIAN_POINT('',(6.832391209554,18.066329271941,0.));
#2417 = CARTESIAN_POINT('',(6.84660426065,18.188443542003,0.));
#2418 = CARTESIAN_POINT('',(6.858775743629,18.323776849846,0.));
#2419 = CARTESIAN_POINT('',(6.868220992341,18.472297271702,0.));
#2420 = CARTESIAN_POINT('',(6.874255860601,18.633946033874,0.));
#2421 = CARTESIAN_POINT('',(6.876197650293,18.808637526966,0.));
#2422 = CARTESIAN_POINT('',(6.873365966034,18.996259378687,0.));
#2423 = CARTESIAN_POINT('',(6.865084036788,19.196672378247,0.));
#2424 = CARTESIAN_POINT('',(6.850678050919,19.409711190483,0.));
#2425 = CARTESIAN_POINT('',(6.829484637105,19.635181983161,0.));
#2426 = CARTESIAN_POINT('',(6.810894674914,19.789359807981,0.));
#2427 = CARTESIAN_POINT('',(6.800340477997,19.868451610111,0.));
#2428 = VECTOR('',#2429,1.);
#2429 = DIRECTION('',(-0.,-0.,-1.));
#2430 = ADVANCED_FACE('',(#2431),#2454,.F.);
#2431 = FACE_BOUND('',#2432,.F.);
#2432 = EDGE_LOOP('',(#2433,#2434,#2441,#2449));
#2433 = ORIENTED_EDGE('',*,*,#2372,.T.);
#2434 = ORIENTED_EDGE('',*,*,#2435,.T.);
#2435 = EDGE_CURVE('',#2346,#2436,#2438,.T.);
#2436 = VERTEX_POINT('',#2437);
#2437 = CARTESIAN_POINT('',(6.176791828074,20.07105484803,10.));
#2438 = B_SPLINE_CURVE_WITH_KNOTS('',1,(#2439,#2440),.UNSPECIFIED.,.F.,
  .F.,(2,2),(0.,0.655637850368),.PIECEWISE_BEZIER_KNOTS.);
#2439 = CARTESIAN_POINT('',(6.800340477997,19.868451610111,10.));
#2440 = CARTESIAN_POINT('',(6.176791828074,20.07105484803,10.));
#2441 = ORIENTED_EDGE('',*,*,#2442,.F.);
#2442 = EDGE_CURVE('',#2443,#2436,#2445,.T.);
#2443 = VERTEX_POINT('',#2444);
#2444 = CARTESIAN_POINT('',(6.176791828074,20.07105484803,0.));
#2445 = LINE('',#2446,#2447);
#2446 = CARTESIAN_POINT('',(6.176791828074,20.07105484803,0.));
#2447 = VECTOR('',#2448,1.);
#2448 = DIRECTION('',(0.,0.,1.));
#2449 = ORIENTED_EDGE('',*,*,#2450,.F.);
#2450 = EDGE_CURVE('',#2373,#2443,#2451,.T.);
#2451 = B_SPLINE_CURVE_WITH_KNOTS('',1,(#2452,#2453),.UNSPECIFIED.,.F.,
  .F.,(2,2),(0.,0.655637850368),.PIECEWISE_BEZIER_KNOTS.);
#2452 = CARTESIAN_POINT('',(6.800340477997,19.868451610111,0.));
#2453 = CARTESIAN_POINT('',(6.176791828074,20.07105484803,0.));
#2454 = SURFACE_OF_LINEAR_EXTRUSION('',#2455,#2458);
#2455 = B_SPLINE_CURVE_WITH_KNOTS('',1,(#2456,#2457),.UNSPECIFIED.,.F.,
  .F.,(2,2),(0.,0.655637850368),.PIECEWISE_BEZIER_KNOTS.);
#2456 = CARTESIAN_POINT('',(6.800340477997,19.868451610111,0.));
#2457 = CARTESIAN_POINT('',(6.176791828074,20.07105484803,0.));
#2458 = VECTOR('',#2459,1.);
#2459 = DIRECTION('',(-0.,-0.,-1.));
#2460 = ADVANCED_FACE('',(#2461),#2524,.F.);
#2461 = FACE_BOUND('',#2462,.F.);
#2462 = EDGE_LOOP('',(#2463,#2464,#2491,#2499));
#2463 = ORIENTED_EDGE('',*,*,#2442,.T.);
#2464 = ORIENTED_EDGE('',*,*,#2465,.T.);
#2465 = EDGE_CURVE('',#2436,#2466,#2468,.T.);
#2466 = VERTEX_POINT('',#2467);
#2467 = CARTESIAN_POINT('',(4.876651546355,18.1501283279,10.));
#2468 = B_SPLINE_CURVE_WITH_KNOTS('',3,(#2469,#2470,#2471,#2472,#2473,
    #2474,#2475,#2476,#2477,#2478,#2479,#2480,#2481,#2482,#2483,#2484,
    #2485,#2486,#2487,#2488,#2489,#2490),.UNSPECIFIED.,.F.,.F.,(4,1,1,1,
    1,1,1,1,1,1,1,1,1,1,1,1,1,1,1,4),(0.,0.239379417168,0.465819406568,
    0.67931996821,0.879881102108,1.067502808279,1.242185086743,
    1.403927937526,1.55273136066,1.688595356185,1.811519924156,
    1.921505064645,2.018550777754,2.102657063634,2.173823922514,
    2.232051354779,2.277339361144,2.309687943179,2.329097105599,
    2.335566881401),.UNSPECIFIED.);
#2469 = CARTESIAN_POINT('',(6.176791828074,20.07105484803,10.));
#2470 = CARTESIAN_POINT('',(6.121764308537,20.013271837289,10.));
#2471 = CARTESIAN_POINT('',(6.016101261541,19.89946626247,10.));
#2472 = CARTESIAN_POINT('',(5.866427022837,19.729513735544,10.));
#2473 = CARTESIAN_POINT('',(5.72955126345,19.565629342022,10.));
#2474 = CARTESIAN_POINT('',(5.605051236435,19.408359815356,10.));
#2475 = CARTESIAN_POINT('',(5.492478998297,19.258234971044,10.));
#2476 = CARTESIAN_POINT('',(5.391368855817,19.115765229016,10.));
#2477 = CARTESIAN_POINT('',(5.301236408342,18.981441426737,10.));
#2478 = CARTESIAN_POINT('',(5.221579661435,18.855734103545,10.));
#2479 = CARTESIAN_POINT('',(5.151879675518,18.739092939403,10.));
#2480 = CARTESIAN_POINT('',(5.09160130836,18.631946197843,10.));
#2481 = CARTESIAN_POINT('',(5.040194092291,18.534700162976,10.));
#2482 = CARTESIAN_POINT('',(4.997092678888,18.447738721919,10.));
#2483 = CARTESIAN_POINT('',(4.961718723202,18.371422594114,10.));
#2484 = CARTESIAN_POINT('',(4.933478498676,18.306089728976,10.));
#2485 = CARTESIAN_POINT('',(4.911773097426,18.252052380887,10.));
#2486 = CARTESIAN_POINT('',(4.8959737572,18.209603507506,10.));
#2487 = CARTESIAN_POINT('',(4.885488434094,18.178998884517,10.));
#2488 = CARTESIAN_POINT('',(4.879617631074,18.160495395552,10.));
#2489 = CARTESIAN_POINT('',(4.877233011925,18.152205212276,10.));
#2490 = CARTESIAN_POINT('',(4.876651546355,18.1501283279,10.));
#2491 = ORIENTED_EDGE('',*,*,#2492,.F.);
#2492 = EDGE_CURVE('',#2493,#2466,#2495,.T.);
#2493 = VERTEX_POINT('',#2494);
#2494 = CARTESIAN_POINT('',(4.876651546355,18.1501283279,0.));
#2495 = LINE('',#2496,#2497);
#2496 = CARTESIAN_POINT('',(4.876651546355,18.1501283279,0.));
#2497 = VECTOR('',#2498,1.);
#2498 = DIRECTION('',(0.,0.,1.));
#2499 = ORIENTED_EDGE('',*,*,#2500,.F.);
#2500 = EDGE_CURVE('',#2443,#2493,#2501,.T.);
#2501 = B_SPLINE_CURVE_WITH_KNOTS('',3,(#2502,#2503,#2504,#2505,#2506,
    #2507,#2508,#2509,#2510,#2511,#2512,#2513,#2514,#2515,#2516,#2517,
    #2518,#2519,#2520,#2521,#2522,#2523),.UNSPECIFIED.,.F.,.F.,(4,1,1,1,
    1,1,1,1,1,1,1,1,1,1,1,1,1,1,1,4),(0.,0.239379417168,0.465819406568,
    0.67931996821,0.879881102108,1.067502808279,1.242185086743,
    1.403927937526,1.55273136066,1.688595356185,1.811519924156,
    1.921505064645,2.018550777754,2.102657063634,2.173823922514,
    2.232051354779,2.277339361144,2.309687943179,2.329097105599,
    2.335566881401),.UNSPECIFIED.);
#2502 = CARTESIAN_POINT('',(6.176791828074,20.07105484803,0.));
#2503 = CARTESIAN_POINT('',(6.121764308537,20.013271837289,0.));
#2504 = CARTESIAN_POINT('',(6.016101261541,19.89946626247,0.));
#2505 = CARTESIAN_POINT('',(5.866427022837,19.729513735544,0.));
#2506 = CARTESIAN_POINT('',(5.72955126345,19.565629342022,0.));
#2507 = CARTESIAN_POINT('',(5.605051236435,19.408359815356,0.));
#2508 = CARTESIAN_POINT('',(5.492478998297,19.258234971044,0.));
#2509 = CARTESIAN_POINT('',(5.391368855817,19.115765229016,0.));
#2510 = CARTESIAN_POINT('',(5.301236408342,18.981441426737,0.));
#2511 = CARTESIAN_POINT('',(5.221579661435,18.855734103545,0.));
#2512 = CARTESIAN_POINT('',(5.151879675518,18.739092939403,0.));
#2513 = CARTESIAN_POINT('',(5.09160130836,18.631946197843,0.));
#2514 = CARTESIAN_POINT('',(5.040194092291,18.534700162976,0.));
#2515 = CARTESIAN_POINT('',(4.997092678888,18.447738721919,0.));
#2516 = CARTESIAN_POINT('',(4.961718723202,18.371422594114,0.));
#2517 = CARTESIAN_POINT('',(4.933478498676,18.306089728976,0.));
#2518 = CARTESIAN_POINT('',(4.911773097426,18.252052380887,0.));
#2519 = CARTESIAN_POINT('',(4.8959737572,18.209603507506,0.));
#2520 = CARTESIAN_POINT('',(4.885488434094,18.178998884517,0.));
#2521 = CARTESIAN_POINT('',(4.879617631074,18.160495395552,0.));
#2522 = CARTESIAN_POINT('',(4.877233011925,18.152205212276,0.));
#2523 = CARTESIAN_POINT('',(4.876651546355,18.1501283279,0.));
#2524 = SURFACE_OF_LINEAR_EXTRUSION('',#2525,#2548);
#2525 = B_SPLINE_CURVE_WITH_KNOTS('',3,(#2526,#2527,#2528,#2529,#2530,
    #2531,#2532,#2533,#2534,#2535,#2536,#2537,#2538,#2539,#2540,#2541,
    #2542,#2543,#2544,#2545,#2546,#2547),.UNSPECIFIED.,.F.,.F.,(4,1,1,1,
    1,1,1,1,1,1,1,1,1,1,1,1,1,1,1,4),(0.,0.239379417168,0.465819406568,
    0.67931996821,0.879881102108,1.067502808279,1.242185086743,
    1.403927937526,1.55273136066,1.688595356185,1.811519924156,
    1.921505064645,2.018550777754,2.102657063634,2.173823922514,
    2.232051354779,2.277339361144,2.309687943179,2.329097105599,
    2.335566881401),.UNSPECIFIED.);
#2526 = CARTESIAN_POINT('',(6.176791828074,20.07105484803,0.));
#2527 = CARTESIAN_POINT('',(6.121764308537,20.013271837289,0.));
#2528 = CARTESIAN_POINT('',(6.016101261541,19.89946626247,0.));
#2529 = CARTESIAN_POINT('',(5.866427022837,19.729513735544,0.));
#2530 = CARTESIAN_POINT('',(5.72955126345,19.565629342022,0.));
#2531 = CARTESIAN_POINT('',(5.605051236435,19.408359815356,0.));
#2532 = CARTESIAN_POINT('',(5.492478998297,19.258234971044,0.));
#2533 = CARTESIAN_POINT('',(5.391368855817,19.115765229016,0.));
#2534 = CARTESIAN_POINT('',(5.301236408342,18.981441426737,0.));
#2535 = CARTESIAN_POINT('',(5.221579661435,18.855734103545,0.));
#2536 = CARTESIAN_POINT('',(5.151879675518,18.739092939403,0.));
#2537 = CARTESIAN_POINT('',(5.09160130836,18.631946197843,0.));
#2538 = CARTESIAN_POINT('',(5.040194092291,18.534700162976,0.));
#2539 = CARTESIAN_POINT('',(4.997092678888,18.447738721919,0.));
#2540 = CARTESIAN_POINT('',(4.961718723202,18.371422594114,0.));
#2541 = CARTESIAN_POINT('',(4.933478498676,18.306089728976,0.));
#2542 = CARTESIAN_POINT('',(4.911773097426,18.252052380887,0.));
#2543 = CARTESIAN_POINT('',(4.8959737572,18.209603507506,0.));
#2544 = CARTESIAN_POINT('',(4.885488434094,18.178998884517,0.));
#2545 = CARTESIAN_POINT('',(4.879617631074,18.160495395552,0.));
#2546 = CARTESIAN_POINT('',(4.877233011925,18.152205212276,0.));
#2547 = CARTESIAN_POINT('',(4.876651546355,18.1501283279,0.));
#2548 = VECTOR('',#2549,1.);
#2549 = DIRECTION('',(-0.,-0.,-1.));
#2550 = ADVANCED_FACE('',(#2551),#2574,.F.);
#2551 = FACE_BOUND('',#2552,.F.);
#2552 = EDGE_LOOP('',(#2553,#2554,#2561,#2569));
#2553 = ORIENTED_EDGE('',*,*,#2492,.T.);
#2554 = ORIENTED_EDGE('',*,*,#2555,.T.);
#2555 = EDGE_CURVE('',#2466,#2556,#2558,.T.);
#2556 = VERTEX_POINT('',#2557);
#2557 = CARTESIAN_POINT('',(4.865272668507,18.107777938253,10.));
#2558 = B_SPLINE_CURVE_WITH_KNOTS('',1,(#2559,#2560),.UNSPECIFIED.,.F.,
  .F.,(2,2),(0.,4.385241571817E-02),.PIECEWISE_BEZIER_KNOTS.);
#2559 = CARTESIAN_POINT('',(4.876651546355,18.1501283279,10.));
#2560 = CARTESIAN_POINT('',(4.865272668507,18.107777938253,10.));
#2561 = ORIENTED_EDGE('',*,*,#2562,.F.);
#2562 = EDGE_CURVE('',#2563,#2556,#2565,.T.);
#2563 = VERTEX_POINT('',#2564);
#2564 = CARTESIAN_POINT('',(4.865272668507,18.107777938253,0.));
#2565 = LINE('',#2566,#2567);
#2566 = CARTESIAN_POINT('',(4.865272668507,18.107777938253,0.));
#2567 = VECTOR('',#2568,1.);
#2568 = DIRECTION('',(0.,0.,1.));
#2569 = ORIENTED_EDGE('',*,*,#2570,.F.);
#2570 = EDGE_CURVE('',#2493,#2563,#2571,.T.);
#2571 = B_SPLINE_CURVE_WITH_KNOTS('',1,(#2572,#2573),.UNSPECIFIED.,.F.,
  .F.,(2,2),(0.,4.385241571817E-02),.PIECEWISE_BEZIER_KNOTS.);
#2572 = CARTESIAN_POINT('',(4.876651546355,18.1501283279,0.));
#2573 = CARTESIAN_POINT('',(4.865272668507,18.107777938253,0.));
#2574 = SURFACE_OF_LINEAR_EXTRUSION('',#2575,#2578);
#2575 = B_SPLINE_CURVE_WITH_KNOTS('',1,(#2576,#2577),.UNSPECIFIED.,.F.,
  .F.,(2,2),(0.,4.385241571817E-02),.PIECEWISE_BEZIER_KNOTS.);
#2576 = CARTESIAN_POINT('',(4.876651546355,18.1501283279,0.));
#2577 = CARTESIAN_POINT('',(4.865272668507,18.107777938253,0.));
#2578 = VECTOR('',#2579,1.);
#2579 = DIRECTION('',(-0.,-0.,-1.));
#2580 = ADVANCED_FACE('',(#2581),#2604,.F.);
#2581 = FACE_BOUND('',#2582,.F.);
#2582 = EDGE_LOOP('',(#2583,#2584,#2591,#2599));
#2583 = ORIENTED_EDGE('',*,*,#2562,.T.);
#2584 = ORIENTED_EDGE('',*,*,#2585,.T.);
#2585 = EDGE_CURVE('',#2556,#2586,#2588,.T.);
#2586 = VERTEX_POINT('',#2587);
#2587 = CARTESIAN_POINT('',(3.885769465765,18.342935851682,10.));
#2588 = B_SPLINE_CURVE_WITH_KNOTS('',1,(#2589,#2590),.UNSPECIFIED.,.F.,
  .F.,(2,2),(0.,1.007335975944),.PIECEWISE_BEZIER_KNOTS.);
#2589 = CARTESIAN_POINT('',(4.865272668507,18.107777938253,10.));
#2590 = CARTESIAN_POINT('',(3.885769465765,18.342935851682,10.));
#2591 = ORIENTED_EDGE('',*,*,#2592,.F.);
#2592 = EDGE_CURVE('',#2593,#2586,#2595,.T.);
#2593 = VERTEX_POINT('',#2594);
#2594 = CARTESIAN_POINT('',(3.885769465765,18.342935851682,0.));
#2595 = LINE('',#2596,#2597);
#2596 = CARTESIAN_POINT('',(3.885769465765,18.342935851682,0.));
#2597 = VECTOR('',#2598,1.);
#2598 = DIRECTION('',(0.,0.,1.));
#2599 = ORIENTED_EDGE('',*,*,#2600,.F.);
#2600 = EDGE_CURVE('',#2563,#2593,#2601,.T.);
#2601 = B_SPLINE_CURVE_WITH_KNOTS('',1,(#2602,#2603),.UNSPECIFIED.,.F.,
  .F.,(2,2),(0.,1.007335975944),.PIECEWISE_BEZIER_KNOTS.);
#2602 = CARTESIAN_POINT('',(4.865272668507,18.107777938253,0.));
#2603 = CARTESIAN_POINT('',(3.885769465765,18.342935851682,0.));
#2604 = SURFACE_OF_LINEAR_EXTRUSION('',#2605,#2608);
#2605 = B_SPLINE_CURVE_WITH_KNOTS('',1,(#2606,#2607),.UNSPECIFIED.,.F.,
  .F.,(2,2),(0.,1.007335975944),.PIECEWISE_BEZIER_KNOTS.);
#2606 = CARTESIAN_POINT('',(4.865272668507,18.107777938253,0.));
#2607 = CARTESIAN_POINT('',(3.885769465765,18.342935851682,0.));
#2608 = VECTOR('',#2609,1.);
#2609 = DIRECTION('',(-0.,-0.,-1.));
#2610 = ADVANCED_FACE('',(#2611),#2634,.F.);
#2611 = FACE_BOUND('',#2612,.F.);
#2612 = EDGE_LOOP('',(#2613,#2614,#2621,#2629));
#2613 = ORIENTED_EDGE('',*,*,#2592,.T.);
#2614 = ORIENTED_EDGE('',*,*,#2615,.T.);
#2615 = EDGE_CURVE('',#2586,#2616,#2618,.T.);
#2616 = VERTEX_POINT('',#2617);
#2617 = CARTESIAN_POINT('',(3.894857485925,18.3858362276,10.));
#2618 = B_SPLINE_CURVE_WITH_KNOTS('',1,(#2619,#2620),.UNSPECIFIED.,.F.,
  .F.,(2,2),(0.,4.385241571817E-02),.PIECEWISE_BEZIER_KNOTS.);
#2619 = CARTESIAN_POINT('',(3.885769465765,18.342935851682,10.));
#2620 = CARTESIAN_POINT('',(3.894857485925,18.3858362276,10.));
#2621 = ORIENTED_EDGE('',*,*,#2622,.F.);
#2622 = EDGE_CURVE('',#2623,#2616,#2625,.T.);
#2623 = VERTEX_POINT('',#2624);
#2624 = CARTESIAN_POINT('',(3.894857485925,18.3858362276,0.));
#2625 = LINE('',#2626,#2627);
#2626 = CARTESIAN_POINT('',(3.894857485925,18.3858362276,0.));
#2627 = VECTOR('',#2628,1.);
#2628 = DIRECTION('',(0.,0.,1.));
#2629 = ORIENTED_EDGE('',*,*,#2630,.F.);
#2630 = EDGE_CURVE('',#2593,#2623,#2631,.T.);
#2631 = B_SPLINE_CURVE_WITH_KNOTS('',1,(#2632,#2633),.UNSPECIFIED.,.F.,
  .F.,(2,2),(0.,4.385241571817E-02),.PIECEWISE_BEZIER_KNOTS.);
#2632 = CARTESIAN_POINT('',(3.885769465765,18.342935851682,0.));
#2633 = CARTESIAN_POINT('',(3.894857485925,18.3858362276,0.));
#2634 = SURFACE_OF_LINEAR_EXTRUSION('',#2635,#2638);
#2635 = B_SPLINE_CURVE_WITH_KNOTS('',1,(#2636,#2637),.UNSPECIFIED.,.F.,
  .F.,(2,2),(0.,4.385241571817E-02),.PIECEWISE_BEZIER_KNOTS.);
#2636 = CARTESIAN_POINT('',(3.885769465765,18.342935851682,0.));
#2637 = CARTESIAN_POINT('',(3.894857485925,18.3858362276,0.));
#2638 = VECTOR('',#2639,1.);
#2639 = DIRECTION('',(-0.,-0.,-1.));
#2640 = ADVANCED_FACE('',(#2641),#2704,.F.);
#2641 = FACE_BOUND('',#2642,.F.);
#2642 = EDGE_LOOP('',(#2643,#2644,#2671,#2679));
#2643 = ORIENTED_EDGE('',*,*,#2622,.T.);
#2644 = ORIENTED_EDGE('',*,*,#2645,.T.);
#2645 = EDGE_CURVE('',#2616,#2646,#2648,.T.);
#2646 = VERTEX_POINT('',#2647);
#2647 = CARTESIAN_POINT('',(3.608506403389,20.687645625752,10.));
#2648 = B_SPLINE_CURVE_WITH_KNOTS('',3,(#2649,#2650,#2651,#2652,#2653,
    #2654,#2655,#2656,#2657,#2658,#2659,#2660,#2661,#2662,#2663,#2664,
    #2665,#2666,#2667,#2668,#2669,#2670),.UNSPECIFIED.,.F.,.F.,(4,1,1,1,
    1,1,1,1,1,1,1,1,1,1,1,1,1,1,1,4),(0.,6.469775801205E-03,
    2.587893822125E-02,5.822752025674E-02,0.103515526622,0.161742958887,
    0.232909817767,0.317016103646,0.414061816756,0.524046957245,
    0.646971525216,0.782835520741,0.931638943874,1.093381794658,
    1.268064073122,1.455685779293,1.656246913191,1.869747474833,
    2.096187464232,2.335566881401),.UNSPECIFIED.);
#2649 = CARTESIAN_POINT('',(3.894857485925,18.3858362276,10.));
#2650 = CARTESIAN_POINT('',(3.895282282084,18.387950724974,10.));
#2651 = CARTESIAN_POINT('',(3.896921235313,18.396419926799,10.));
#2652 = CARTESIAN_POINT('',(3.900090719722,18.415571944984,10.));
#2653 = CARTESIAN_POINT('',(3.904642436512,18.447601100814,10.));
#2654 = CARTESIAN_POINT('',(3.909836506532,18.492596074305,10.));
#2655 = CARTESIAN_POINT('',(3.915029295071,18.550597749964,10.));
#2656 = CARTESIAN_POINT('',(3.919527570868,18.621630552691,10.));
#2657 = CARTESIAN_POINT('',(3.922655942565,18.705688160285,10.));
#2658 = CARTESIAN_POINT('',(3.923731970105,18.80273900383,10.));
#2659 = CARTESIAN_POINT('',(3.922076581165,18.912724243061,10.));
#2660 = CARTESIAN_POINT('',(3.917011765505,19.035558494866,10.));
#2661 = CARTESIAN_POINT('',(3.907862603717,19.171129664545,10.));
#2662 = CARTESIAN_POINT('',(3.893957853004,19.319299115983,10.));
#2663 = CARTESIAN_POINT('',(3.874630984386,19.479901775039,10.));
#2664 = CARTESIAN_POINT('',(3.849221097156,19.652746288799,10.));
#2665 = CARTESIAN_POINT('',(3.817073751625,19.837615231172,10.));
#2666 = CARTESIAN_POINT('',(3.777542286298,20.03426523497,10.));
#2667 = CARTESIAN_POINT('',(3.729987049395,20.242427593217,10.));
#2668 = CARTESIAN_POINT('',(3.673783158838,20.461807085938,10.));
#2669 = CARTESIAN_POINT('',(3.631303344384,20.6111786151,10.));
#2670 = CARTESIAN_POINT('',(3.608506403389,20.687645625752,10.));
#2671 = ORIENTED_EDGE('',*,*,#2672,.F.);
#2672 = EDGE_CURVE('',#2673,#2646,#2675,.T.);
#2673 = VERTEX_POINT('',#2674);
#2674 = CARTESIAN_POINT('',(3.608506403389,20.687645625752,0.));
#2675 = LINE('',#2676,#2677);
#2676 = CARTESIAN_POINT('',(3.608506403389,20.687645625752,0.));
#2677 = VECTOR('',#2678,1.);
#2678 = DIRECTION('',(0.,0.,1.));
#2679 = ORIENTED_EDGE('',*,*,#2680,.F.);
#2680 = EDGE_CURVE('',#2623,#2673,#2681,.T.);
#2681 = B_SPLINE_CURVE_WITH_KNOTS('',3,(#2682,#2683,#2684,#2685,#2686,
    #2687,#2688,#2689,#2690,#2691,#2692,#2693,#2694,#2695,#2696,#2697,
    #2698,#2699,#2700,#2701,#2702,#2703),.UNSPECIFIED.,.F.,.F.,(4,1,1,1,
    1,1,1,1,1,1,1,1,1,1,1,1,1,1,1,4),(0.,6.469775801205E-03,
    2.587893822125E-02,5.822752025674E-02,0.103515526622,0.161742958887,
    0.232909817767,0.317016103646,0.414061816756,0.524046957245,
    0.646971525216,0.782835520741,0.931638943874,1.093381794658,
    1.268064073122,1.455685779293,1.656246913191,1.869747474833,
    2.096187464232,2.335566881401),.UNSPECIFIED.);
#2682 = CARTESIAN_POINT('',(3.894857485925,18.3858362276,0.));
#2683 = CARTESIAN_POINT('',(3.895282282084,18.387950724974,0.));
#2684 = CARTESIAN_POINT('',(3.896921235313,18.396419926799,0.));
#2685 = CARTESIAN_POINT('',(3.900090719722,18.415571944984,0.));
#2686 = CARTESIAN_POINT('',(3.904642436512,18.447601100814,0.));
#2687 = CARTESIAN_POINT('',(3.909836506532,18.492596074305,0.));
#2688 = CARTESIAN_POINT('',(3.915029295071,18.550597749964,0.));
#2689 = CARTESIAN_POINT('',(3.919527570868,18.621630552691,0.));
#2690 = CARTESIAN_POINT('',(3.922655942565,18.705688160285,0.));
#2691 = CARTESIAN_POINT('',(3.923731970105,18.80273900383,0.));
#2692 = CARTESIAN_POINT('',(3.922076581165,18.912724243061,0.));
#2693 = CARTESIAN_POINT('',(3.917011765505,19.035558494866,0.));
#2694 = CARTESIAN_POINT('',(3.907862603717,19.171129664545,0.));
#2695 = CARTESIAN_POINT('',(3.893957853004,19.319299115983,0.));
#2696 = CARTESIAN_POINT('',(3.874630984386,19.479901775039,0.));
#2697 = CARTESIAN_POINT('',(3.849221097156,19.652746288799,0.));
#2698 = CARTESIAN_POINT('',(3.817073751625,19.837615231172,0.));
#2699 = CARTESIAN_POINT('',(3.777542286298,20.03426523497,0.));
#2700 = CARTESIAN_POINT('',(3.729987049395,20.242427593217,0.));
#2701 = CARTESIAN_POINT('',(3.673783158838,20.461807085938,0.));
#2702 = CARTESIAN_POINT('',(3.631303344384,20.6111786151,0.));
#2703 = CARTESIAN_POINT('',(3.608506403389,20.687645625752,0.));
#2704 = SURFACE_OF_LINEAR_EXTRUSION('',#2705,#2728);
#2705 = B_SPLINE_CURVE_WITH_KNOTS('',3,(#2706,#2707,#2708,#2709,#2710,
    #2711,#2712,#2713,#2714,#2715,#2716,#2717,#2718,#2719,#2720,#2721,
    #2722,#2723,#2724,#2725,#2726,#2727),.UNSPECIFIED.,.F.,.F.,(4,1,1,1,
    1,1,1,1,1,1,1,1,1,1,1,1,1,1,1,4),(0.,6.469775801205E-03,
    2.587893822125E-02,5.822752025674E-02,0.103515526622,0.161742958887,
    0.232909817767,0.317016103646,0.414061816756,0.524046957245,
    0.646971525216,0.782835520741,0.931638943874,1.093381794658,
    1.268064073122,1.455685779293,1.656246913191,1.869747474833,
    2.096187464232,2.335566881401),.UNSPECIFIED.);
#2706 = CARTESIAN_POINT('',(3.894857485925,18.3858362276,0.));
#2707 = CARTESIAN_POINT('',(3.895282282084,18.387950724974,0.));
#2708 = CARTESIAN_POINT('',(3.896921235313,18.396419926799,0.));
#2709 = CARTESIAN_POINT('',(3.900090719722,18.415571944984,0.));
#2710 = CARTESIAN_POINT('',(3.904642436512,18.447601100814,0.));
#2711 = CARTESIAN_POINT('',(3.909836506532,18.492596074305,0.));
#2712 = CARTESIAN_POINT('',(3.915029295071,18.550597749964,0.));
#2713 = CARTESIAN_POINT('',(3.919527570868,18.621630552691,0.));
#2714 = CARTESIAN_POINT('',(3.922655942565,18.705688160285,0.));
#2715 = CARTESIAN_POINT('',(3.923731970105,18.80273900383,0.));
#2716 = CARTESIAN_POINT('',(3.922076581165,18.912724243061,0.));
#2717 = CARTESIAN_POINT('',(3.917011765505,19.035558494866,0.));
#2718 = CARTESIAN_POINT('',(3.907862603717,19.171129664545,0.));
#2719 = CARTESIAN_POINT('',(3.893957853004,19.319299115983,0.));
#2720 = CARTESIAN_POINT('',(3.874630984386,19.479901775039,0.));
#2721 = CARTESIAN_POINT('',(3.849221097156,19.652746288799,0.));
#2722 = CARTESIAN_POINT('',(3.817073751625,19.837615231172,0.));
#2723 = CARTESIAN_POINT('',(3.777542286298,20.03426523497,0.));
#2724 = CARTESIAN_POINT('',(3.729987049395,20.242427593217,0.));
#2725 = CARTESIAN_POINT('',(3.673783158838,20.461807085938,0.));
#2726 = CARTESIAN_POINT('',(3.631303344384,20.6111786151,0.));
#2727 = CARTESIAN_POINT('',(3.608506403389,20.687645625752,0.));
#2728 = VECTOR('',#2729,1.);
#2729 = DIRECTION('',(-0.,-0.,-1.));
#2730 = ADVANCED_FACE('',(#2731),#2754,.F.);
#2731 = FACE_BOUND('',#2732,.F.);
#2732 = EDGE_LOOP('',(#2733,#2734,#2741,#2749));
#2733 = ORIENTED_EDGE('',*,*,#2672,.T.);
#2734 = ORIENTED_EDGE('',*,*,#2735,.T.);
#2735 = EDGE_CURVE('',#2646,#2736,#2738,.T.);
#2736 = VERTEX_POINT('',#2737);
#2737 = CARTESIAN_POINT('',(2.960940542928,20.790209982135,10.));
#2738 = B_SPLINE_CURVE_WITH_KNOTS('',1,(#2739,#2740),.UNSPECIFIED.,.F.,
  .F.,(2,2),(0.,0.655637850368),.PIECEWISE_BEZIER_KNOTS.);
#2739 = CARTESIAN_POINT('',(3.608506403389,20.687645625752,10.));
#2740 = CARTESIAN_POINT('',(2.960940542928,20.790209982135,10.));
#2741 = ORIENTED_EDGE('',*,*,#2742,.F.);
#2742 = EDGE_CURVE('',#2743,#2736,#2745,.T.);
#2743 = VERTEX_POINT('',#2744);
#2744 = CARTESIAN_POINT('',(2.960940542928,20.790209982135,0.));
#2745 = LINE('',#2746,#2747);
#2746 = CARTESIAN_POINT('',(2.960940542928,20.790209982135,0.));
#2747 = VECTOR('',#2748,1.);
#2748 = DIRECTION('',(0.,0.,1.));
#2749 = ORIENTED_EDGE('',*,*,#2750,.F.);
#2750 = EDGE_CURVE('',#2673,#2743,#2751,.T.);
#2751 = B_SPLINE_CURVE_WITH_KNOTS('',1,(#2752,#2753),.UNSPECIFIED.,.F.,
  .F.,(2,2),(0.,0.655637850368),.PIECEWISE_BEZIER_KNOTS.);
#2752 = CARTESIAN_POINT('',(3.608506403389,20.687645625752,0.));
#2753 = CARTESIAN_POINT('',(2.960940542928,20.790209982135,0.));
#2754 = SURFACE_OF_LINEAR_EXTRUSION('',#2755,#2758);
#2755 = B_SPLINE_CURVE_WITH_KNOTS('',1,(#2756,#2757),.UNSPECIFIED.,.F.,
  .F.,(2,2),(0.,0.655637850368),.PIECEWISE_BEZIER_KNOTS.);
#2756 = CARTESIAN_POINT('',(3.608506403389,20.687645625752,0.));
#2757 = CARTESIAN_POINT('',(2.960940542928,20.790209982135,0.));
#2758 = VECTOR('',#2759,1.);
#2759 = DIRECTION('',(-0.,-0.,-1.));
#2760 = ADVANCED_FACE('',(#2761),#2824,.F.);
#2761 = FACE_BOUND('',#2762,.F.);
#2762 = EDGE_LOOP('',(#2763,#2764,#2791,#2799));
#2763 = ORIENTED_EDGE('',*,*,#2742,.T.);
#2764 = ORIENTED_EDGE('',*,*,#2765,.T.);
#2765 = EDGE_CURVE('',#2736,#2766,#2768,.T.);
#2766 = VERTEX_POINT('',#2767);
#2767 = CARTESIAN_POINT('',(1.977306258093,18.689546505614,10.));
#2768 = B_SPLINE_CURVE_WITH_KNOTS('',3,(#2769,#2770,#2771,#2772,#2773,
    #2774,#2775,#2776,#2777,#2778,#2779,#2780,#2781,#2782,#2783,#2784,
    #2785,#2786,#2787,#2788,#2789,#2790),.UNSPECIFIED.,.F.,.F.,(4,1,1,1,
    1,1,1,1,1,1,1,1,1,1,1,1,1,1,1,4),(0.,0.239379417168,0.465819406568,
    0.67931996821,0.879881102108,1.067502808279,1.242185086743,
    1.403927937526,1.55273136066,1.688595356185,1.811519924156,
    1.921505064645,2.018550777754,2.102657063634,2.173823922514,
    2.232051354779,2.277339361144,2.309687943179,2.329097105599,
    2.335566881401),.UNSPECIFIED.);
#2769 = CARTESIAN_POINT('',(2.960940542928,20.790209982135,10.));
#2770 = CARTESIAN_POINT('',(2.915629757843,20.724530175559,10.));
#2771 = CARTESIAN_POINT('',(2.829070712508,20.595596393985,10.));
#2772 = CARTESIAN_POINT('',(2.707825644685,20.404322055224,10.));
#2773 = CARTESIAN_POINT('',(2.598272220457,20.22104326434,10.));
#2774 = CARTESIAN_POINT('',(2.499907369641,20.046233891397,10.));
#2775 = CARTESIAN_POINT('',(2.412205782267,19.880347155185,10.));
#2776 = CARTESIAN_POINT('',(2.334627651303,19.723814341047,10.));
#2777 = CARTESIAN_POINT('',(2.266617755974,19.577044466469,10.));
#2778 = CARTESIAN_POINT('',(2.207606673659,19.440423748436,10.));
#2779 = CARTESIAN_POINT('',(2.157011508344,19.314315150568,10.));
#2780 = CARTESIAN_POINT('',(2.114236711108,19.199057949077,10.));
#2781 = CARTESIAN_POINT('',(2.078675034616,19.094967313925,10.));
#2782 = CARTESIAN_POINT('',(2.049708037646,19.002333965963,10.));
#2783 = CARTESIAN_POINT('',(2.026708066681,18.921423710497,10.));
#2784 = CARTESIAN_POINT('',(2.009035837989,18.852477456926,10.));
#2785 = CARTESIAN_POINT('',(1.996050969886,18.795709925428,10.));
#2786 = CARTESIAN_POINT('',(1.987086612555,18.751312106783,10.));
#2787 = CARTESIAN_POINT('',(1.981517999,18.719444011577,10.));
#2788 = CARTESIAN_POINT('',(1.978614058706,18.700249935336,10.));
#2789 = CARTESIAN_POINT('',(1.977555668562,18.691688781353,10.));
#2790 = CARTESIAN_POINT('',(1.977306258093,18.689546505614,10.));
#2791 = ORIENTED_EDGE('',*,*,#2792,.F.);
#2792 = EDGE_CURVE('',#2793,#2766,#2795,.T.);
#2793 = VERTEX_POINT('',#2794);
#2794 = CARTESIAN_POINT('',(1.977306258093,18.689546505614,0.));
#2795 = LINE('',#2796,#2797);
#2796 = CARTESIAN_POINT('',(1.977306258093,18.689546505614,0.));
#2797 = VECTOR('',#2798,1.);
#2798 = DIRECTION('',(0.,0.,1.));
#2799 = ORIENTED_EDGE('',*,*,#2800,.F.);
#2800 = EDGE_CURVE('',#2743,#2793,#2801,.T.);
#2801 = B_SPLINE_CURVE_WITH_KNOTS('',3,(#2802,#2803,#2804,#2805,#2806,
    #2807,#2808,#2809,#2810,#2811,#2812,#2813,#2814,#2815,#2816,#2817,
    #2818,#2819,#2820,#2821,#2822,#2823),.UNSPECIFIED.,.F.,.F.,(4,1,1,1,
    1,1,1,1,1,1,1,1,1,1,1,1,1,1,1,4),(0.,0.239379417168,0.465819406568,
    0.67931996821,0.879881102108,1.067502808279,1.242185086743,
    1.403927937526,1.55273136066,1.688595356185,1.811519924156,
    1.921505064645,2.018550777754,2.102657063634,2.173823922514,
    2.232051354779,2.277339361144,2.309687943179,2.329097105599,
    2.335566881401),.UNSPECIFIED.);
#2802 = CARTESIAN_POINT('',(2.960940542928,20.790209982135,0.));
#2803 = CARTESIAN_POINT('',(2.915629757843,20.724530175559,0.));
#2804 = CARTESIAN_POINT('',(2.829070712508,20.595596393985,0.));
#2805 = CARTESIAN_POINT('',(2.707825644685,20.404322055224,0.));
#2806 = CARTESIAN_POINT('',(2.598272220457,20.22104326434,0.));
#2807 = CARTESIAN_POINT('',(2.499907369641,20.046233891397,0.));
#2808 = CARTESIAN_POINT('',(2.412205782267,19.880347155185,0.));
#2809 = CARTESIAN_POINT('',(2.334627651303,19.723814341047,0.));
#2810 = CARTESIAN_POINT('',(2.266617755974,19.577044466469,0.));
#2811 = CARTESIAN_POINT('',(2.207606673659,19.440423748436,0.));
#2812 = CARTESIAN_POINT('',(2.157011508344,19.314315150568,0.));
#2813 = CARTESIAN_POINT('',(2.114236711108,19.199057949077,0.));
#2814 = CARTESIAN_POINT('',(2.078675034616,19.094967313925,0.));
#2815 = CARTESIAN_POINT('',(2.049708037646,19.002333965963,0.));
#2816 = CARTESIAN_POINT('',(2.026708066681,18.921423710497,0.));
#2817 = CARTESIAN_POINT('',(2.009035837989,18.852477456926,0.));
#2818 = CARTESIAN_POINT('',(1.996050969886,18.795709925428,0.));
#2819 = CARTESIAN_POINT('',(1.987086612555,18.751312106783,0.));
#2820 = CARTESIAN_POINT('',(1.981517999,18.719444011577,0.));
#2821 = CARTESIAN_POINT('',(1.978614058706,18.700249935336,0.));
#2822 = CARTESIAN_POINT('',(1.977555668562,18.691688781353,0.));
#2823 = CARTESIAN_POINT('',(1.977306258093,18.689546505614,0.));
#2824 = SURFACE_OF_LINEAR_EXTRUSION('',#2825,#2848);
#2825 = B_SPLINE_CURVE_WITH_KNOTS('',3,(#2826,#2827,#2828,#2829,#2830,
    #2831,#2832,#2833,#2834,#2835,#2836,#2837,#2838,#2839,#2840,#2841,
    #2842,#2843,#2844,#2845,#2846,#2847),.UNSPECIFIED.,.F.,.F.,(4,1,1,1,
    1,1,1,1,1,1,1,1,1,1,1,1,1,1,1,4),(0.,0.239379417168,0.465819406568,
    0.67931996821,0.879881102108,1.067502808279,1.242185086743,
    1.403927937526,1.55273136066,1.688595356185,1.811519924156,
    1.921505064645,2.018550777754,2.102657063634,2.173823922514,
    2.232051354779,2.277339361144,2.309687943179,2.329097105599,
    2.335566881401),.UNSPECIFIED.);
#2826 = CARTESIAN_POINT('',(2.960940542928,20.790209982135,0.));
#2827 = CARTESIAN_POINT('',(2.915629757843,20.724530175559,0.));
#2828 = CARTESIAN_POINT('',(2.829070712508,20.595596393985,0.));
#2829 = CARTESIAN_POINT('',(2.707825644685,20.404322055224,0.));
#2830 = CARTESIAN_POINT('',(2.598272220457,20.22104326434,0.));
#2831 = CARTESIAN_POINT('',(2.499907369641,20.046233891397,0.));
#2832 = CARTESIAN_POINT('',(2.412205782267,19.880347155185,0.));
#2833 = CARTESIAN_POINT('',(2.334627651303,19.723814341047,0.));
#2834 = CARTESIAN_POINT('',(2.266617755974,19.577044466469,0.));
#2835 = CARTESIAN_POINT('',(2.207606673659,19.440423748436,0.));
#2836 = CARTESIAN_POINT('',(2.157011508344,19.314315150568,0.));
#2837 = CARTESIAN_POINT('',(2.114236711108,19.199057949077,0.));
#2838 = CARTESIAN_POINT('',(2.078675034616,19.094967313925,0.));
#2839 = CARTESIAN_POINT('',(2.049708037646,19.002333965963,0.));
#2840 = CARTESIAN_POINT('',(2.026708066681,18.921423710497,0.));
#2841 = CARTESIAN_POINT('',(2.009035837989,18.852477456926,0.));
#2842 = CARTESIAN_POINT('',(1.996050969886,18.795709925428,0.));
#2843 = CARTESIAN_POINT('',(1.987086612555,18.751312106783,0.));
#2844 = CARTESIAN_POINT('',(1.981517999,18.719444011577,0.));
#2845 = CARTESIAN_POINT('',(1.978614058706,18.700249935336,0.));
#2846 = CARTESIAN_POINT('',(1.977555668562,18.691688781353,0.));
#2847 = CARTESIAN_POINT('',(1.977306258093,18.689546505614,0.));
#2848 = VECTOR('',#2849,1.);
#2849 = DIRECTION('',(-0.,-0.,-1.));
#2850 = ADVANCED_FACE('',(#2851),#2874,.F.);
#2851 = FACE_BOUND('',#2852,.F.);
#2852 = EDGE_LOOP('',(#2853,#2854,#2861,#2869));
#2853 = ORIENTED_EDGE('',*,*,#2792,.T.);
#2854 = ORIENTED_EDGE('',*,*,#2855,.T.);
#2855 = EDGE_CURVE('',#2766,#2856,#2858,.T.);
#2856 = VERTEX_POINT('',#2857);
#2857 = CARTESIAN_POINT('',(1.972692533663,18.645937470871,10.));
#2858 = B_SPLINE_CURVE_WITH_KNOTS('',1,(#2859,#2860),.UNSPECIFIED.,.F.,
  .F.,(2,2),(0.,4.385241571817E-02),.PIECEWISE_BEZIER_KNOTS.);
#2859 = CARTESIAN_POINT('',(1.977306258093,18.689546505614,10.));
#2860 = CARTESIAN_POINT('',(1.972692533663,18.645937470871,10.));
#2861 = ORIENTED_EDGE('',*,*,#2862,.F.);
#2862 = EDGE_CURVE('',#2863,#2856,#2865,.T.);
#2863 = VERTEX_POINT('',#2864);
#2864 = CARTESIAN_POINT('',(1.972692533663,18.645937470871,0.));
#2865 = LINE('',#2866,#2867);
#2866 = CARTESIAN_POINT('',(1.972692533663,18.645937470871,0.));
#2867 = VECTOR('',#2868,1.);
#2868 = DIRECTION('',(0.,0.,1.));
#2869 = ORIENTED_EDGE('',*,*,#2870,.F.);
#2870 = EDGE_CURVE('',#2793,#2863,#2871,.T.);
#2871 = B_SPLINE_CURVE_WITH_KNOTS('',1,(#2872,#2873),.UNSPECIFIED.,.F.,
  .F.,(2,2),(0.,4.385241571817E-02),.PIECEWISE_BEZIER_KNOTS.);
#2872 = CARTESIAN_POINT('',(1.977306258093,18.689546505614,0.));
#2873 = CARTESIAN_POINT('',(1.972692533663,18.645937470871,0.));
#2874 = SURFACE_OF_LINEAR_EXTRUSION('',#2875,#2878);
#2875 = B_SPLINE_CURVE_WITH_KNOTS('',1,(#2876,#2877),.UNSPECIFIED.,.F.,
  .F.,(2,2),(0.,4.385241571817E-02),.PIECEWISE_BEZIER_KNOTS.);
#2876 = CARTESIAN_POINT('',(1.977306258093,18.689546505614,0.));
#2877 = CARTESIAN_POINT('',(1.972692533663,18.645937470871,0.));
#2878 = VECTOR('',#2879,1.);
#2879 = DIRECTION('',(-0.,-0.,-1.));
#2880 = ADVANCED_FACE('',(#2881),#2904,.F.);
#2881 = FACE_BOUND('',#2882,.F.);
#2882 = EDGE_LOOP('',(#2883,#2884,#2891,#2899));
#2883 = ORIENTED_EDGE('',*,*,#2862,.T.);
#2884 = ORIENTED_EDGE('',*,*,#2885,.T.);
#2885 = EDGE_CURVE('',#2856,#2886,#2888,.T.);
#2886 = VERTEX_POINT('',#2887);
#2887 = CARTESIAN_POINT('',(0.968461838352,18.724972140638,10.));
#2888 = B_SPLINE_CURVE_WITH_KNOTS('',1,(#2889,#2890),.UNSPECIFIED.,.F.,
  .F.,(2,2),(0.,1.007335975944),.PIECEWISE_BEZIER_KNOTS.);
#2889 = CARTESIAN_POINT('',(1.972692533663,18.645937470871,10.));
#2890 = CARTESIAN_POINT('',(0.968461838352,18.724972140638,10.));
#2891 = ORIENTED_EDGE('',*,*,#2892,.F.);
#2892 = EDGE_CURVE('',#2893,#2886,#2895,.T.);
#2893 = VERTEX_POINT('',#2894);
#2894 = CARTESIAN_POINT('',(0.968461838352,18.724972140638,0.));
#2895 = LINE('',#2896,#2897);
#2896 = CARTESIAN_POINT('',(0.968461838352,18.724972140638,0.));
#2897 = VECTOR('',#2898,1.);
#2898 = DIRECTION('',(0.,0.,1.));
#2899 = ORIENTED_EDGE('',*,*,#2900,.F.);
#2900 = EDGE_CURVE('',#2863,#2893,#2901,.T.);
#2901 = B_SPLINE_CURVE_WITH_KNOTS('',1,(#2902,#2903),.UNSPECIFIED.,.F.,
  .F.,(2,2),(0.,1.007335975944),.PIECEWISE_BEZIER_KNOTS.);
#2902 = CARTESIAN_POINT('',(1.972692533663,18.645937470871,0.));
#2903 = CARTESIAN_POINT('',(0.968461838352,18.724972140638,0.));
#2904 = SURFACE_OF_LINEAR_EXTRUSION('',#2905,#2908);
#2905 = B_SPLINE_CURVE_WITH_KNOTS('',1,(#2906,#2907),.UNSPECIFIED.,.F.,
  .F.,(2,2),(0.,1.007335975944),.PIECEWISE_BEZIER_KNOTS.);
#2906 = CARTESIAN_POINT('',(1.972692533663,18.645937470871,0.));
#2907 = CARTESIAN_POINT('',(0.968461838352,18.724972140638,0.));
#2908 = VECTOR('',#2909,1.);
#2909 = DIRECTION('',(-0.,-0.,-1.));
#2910 = ADVANCED_FACE('',(#2911),#2934,.F.);
#2911 = FACE_BOUND('',#2912,.F.);
#2912 = EDGE_LOOP('',(#2913,#2914,#2921,#2929));
#2913 = ORIENTED_EDGE('',*,*,#2892,.T.);
#2914 = ORIENTED_EDGE('',*,*,#2915,.T.);
#2915 = EDGE_CURVE('',#2886,#2916,#2918,.T.);
#2916 = VERTEX_POINT('',#2917);
#2917 = CARTESIAN_POINT('',(0.970726872546,18.768766021311,10.));
#2918 = B_SPLINE_CURVE_WITH_KNOTS('',1,(#2919,#2920),.UNSPECIFIED.,.F.,
  .F.,(2,2),(0.,4.385241571817E-02),.PIECEWISE_BEZIER_KNOTS.);
#2919 = CARTESIAN_POINT('',(0.968461838352,18.724972140638,10.));
#2920 = CARTESIAN_POINT('',(0.970726872546,18.768766021311,10.));
#2921 = ORIENTED_EDGE('',*,*,#2922,.F.);
#2922 = EDGE_CURVE('',#2923,#2916,#2925,.T.);
#2923 = VERTEX_POINT('',#2924);
#2924 = CARTESIAN_POINT('',(0.970726872546,18.768766021311,0.));
#2925 = LINE('',#2926,#2927);
#2926 = CARTESIAN_POINT('',(0.970726872546,18.768766021311,0.));
#2927 = VECTOR('',#2928,1.);
#2928 = DIRECTION('',(0.,0.,1.));
#2929 = ORIENTED_EDGE('',*,*,#2930,.F.);
#2930 = EDGE_CURVE('',#2893,#2923,#2931,.T.);
#2931 = B_SPLINE_CURVE_WITH_KNOTS('',1,(#2932,#2933),.UNSPECIFIED.,.F.,
  .F.,(2,2),(0.,4.385241571817E-02),.PIECEWISE_BEZIER_KNOTS.);
#2932 = CARTESIAN_POINT('',(0.968461838352,18.724972140638,0.));
#2933 = CARTESIAN_POINT('',(0.970726872546,18.768766021311,0.));
#2934 = SURFACE_OF_LINEAR_EXTRUSION('',#2935,#2938);
#2935 = B_SPLINE_CURVE_WITH_KNOTS('',1,(#2936,#2937),.UNSPECIFIED.,.F.,
  .F.,(2,2),(0.,4.385241571817E-02),.PIECEWISE_BEZIER_KNOTS.);
#2936 = CARTESIAN_POINT('',(0.968461838352,18.724972140638,0.));
#2937 = CARTESIAN_POINT('',(0.970726872546,18.768766021311,0.));
#2938 = VECTOR('',#2939,1.);
#2939 = DIRECTION('',(-0.,-0.,-1.));
#2940 = ADVANCED_FACE('',(#2941),#3004,.F.);
#2941 = FACE_BOUND('',#2942,.F.);
#2942 = EDGE_LOOP('',(#2943,#2944,#2971,#2979));
#2943 = ORIENTED_EDGE('',*,*,#2922,.T.);
#2944 = ORIENTED_EDGE('',*,*,#2945,.T.);
#2945 = EDGE_CURVE('',#2916,#2946,#2948,.T.);
#2946 = VERTEX_POINT('',#2947);
#2947 = CARTESIAN_POINT('',(0.327818925184,20.997441147728,10.));
#2948 = B_SPLINE_CURVE_WITH_KNOTS('',3,(#2949,#2950,#2951,#2952,#2953,
    #2954,#2955,#2956,#2957,#2958,#2959,#2960,#2961,#2962,#2963,#2964,
    #2965,#2966,#2967,#2968,#2969,#2970),.UNSPECIFIED.,.F.,.F.,(4,1,1,1,
    1,1,1,1,1,1,1,1,1,1,1,1,1,1,1,4),(0.,6.469775801205E-03,
    2.587893822125E-02,5.822752025674E-02,0.103515526622,0.161742958887,
    0.232909817767,0.317016103646,0.414061816756,0.524046957245,
    0.646971525216,0.782835520741,0.931638943874,1.093381794658,
    1.268064073122,1.455685779293,1.656246913191,1.869747474833,
    2.096187464232,2.335566881401),.UNSPECIFIED.);
#2949 = CARTESIAN_POINT('',(0.970726872546,18.768766021311,10.));
#2950 = CARTESIAN_POINT('',(0.970815658493,18.770920938474,10.));
#2951 = CARTESIAN_POINT('',(0.971109558432,18.779542259141,10.));
#2952 = CARTESIAN_POINT('',(0.971243985509,18.7989543008,10.));
#2953 = CARTESIAN_POINT('',(0.970729199254,18.831301169953,10.));
#2954 = CARTESIAN_POINT('',(0.968820557046,18.876554712221,10.));
#2955 = CARTESIAN_POINT('',(0.964875952638,18.934654622101,10.));
#2956 = CARTESIAN_POINT('',(0.9582068687,19.005516578522,10.));
#2957 = CARTESIAN_POINT('',(0.948147218074,19.089028682634,10.));
#2958 = CARTESIAN_POINT('',(0.934027901138,19.185052997041,10.));
#2959 = CARTESIAN_POINT('',(0.915187410721,19.293425175584,10.));
#2960 = CARTESIAN_POINT('',(0.890969440877,19.413954822189,10.));
#2961 = CARTESIAN_POINT('',(0.860724917049,19.546425641572,10.));
#2962 = CARTESIAN_POINT('',(0.82381254802,19.69059569895,10.));
#2963 = CARTESIAN_POINT('',(0.779599834172,19.846197684415,10.));
#2964 = CARTESIAN_POINT('',(0.727463945774,20.012939213276,10.));
#2965 = CARTESIAN_POINT('',(0.666792513309,20.190503159396,10.));
#2966 = CARTESIAN_POINT('',(0.596984907775,20.378547991695,10.));
#2967 = CARTESIAN_POINT('',(0.517451387598,20.576708247841,10.));
#2968 = CARTESIAN_POINT('',(0.427620946614,20.784594589415,10.));
#2969 = CARTESIAN_POINT('',(0.36229727391,20.925481800136,10.));
#2970 = CARTESIAN_POINT('',(0.327818925184,20.997441147728,10.));
#2971 = ORIENTED_EDGE('',*,*,#2972,.F.);
#2972 = EDGE_CURVE('',#2973,#2946,#2975,.T.);
#2973 = VERTEX_POINT('',#2974);
#2974 = CARTESIAN_POINT('',(0.327818925184,20.997441147728,0.));
#2975 = LINE('',#2976,#2977);
#2976 = CARTESIAN_POINT('',(0.327818925184,20.997441147728,0.));
#2977 = VECTOR('',#2978,1.);
#2978 = DIRECTION('',(0.,0.,1.));
#2979 = ORIENTED_EDGE('',*,*,#2980,.F.);
#2980 = EDGE_CURVE('',#2923,#2973,#2981,.T.);
#2981 = B_SPLINE_CURVE_WITH_KNOTS('',3,(#2982,#2983,#2984,#2985,#2986,
    #2987,#2988,#2989,#2990,#2991,#2992,#2993,#2994,#2995,#2996,#2997,
    #2998,#2999,#3000,#3001,#3002,#3003),.UNSPECIFIED.,.F.,.F.,(4,1,1,1,
    1,1,1,1,1,1,1,1,1,1,1,1,1,1,1,4),(0.,6.469775801205E-03,
    2.587893822125E-02,5.822752025674E-02,0.103515526622,0.161742958887,
    0.232909817767,0.317016103646,0.414061816756,0.524046957245,
    0.646971525216,0.782835520741,0.931638943874,1.093381794658,
    1.268064073122,1.455685779293,1.656246913191,1.869747474833,
    2.096187464232,2.335566881401),.UNSPECIFIED.);
#2982 = CARTESIAN_POINT('',(0.970726872546,18.768766021311,0.));
#2983 = CARTESIAN_POINT('',(0.970815658493,18.770920938474,0.));
#2984 = CARTESIAN_POINT('',(0.971109558432,18.779542259141,0.));
#2985 = CARTESIAN_POINT('',(0.971243985509,18.7989543008,0.));
#2986 = CARTESIAN_POINT('',(0.970729199254,18.831301169953,0.));
#2987 = CARTESIAN_POINT('',(0.968820557046,18.876554712221,0.));
#2988 = CARTESIAN_POINT('',(0.964875952638,18.934654622101,0.));
#2989 = CARTESIAN_POINT('',(0.9582068687,19.005516578522,0.));
#2990 = CARTESIAN_POINT('',(0.948147218074,19.089028682634,0.));
#2991 = CARTESIAN_POINT('',(0.934027901138,19.185052997041,0.));
#2992 = CARTESIAN_POINT('',(0.915187410721,19.293425175584,0.));
#2993 = CARTESIAN_POINT('',(0.890969440877,19.413954822189,0.));
#2994 = CARTESIAN_POINT('',(0.860724917049,19.546425641572,0.));
#2995 = CARTESIAN_POINT('',(0.82381254802,19.69059569895,0.));
#2996 = CARTESIAN_POINT('',(0.779599834172,19.846197684415,0.));
#2997 = CARTESIAN_POINT('',(0.727463945774,20.012939213276,0.));
#2998 = CARTESIAN_POINT('',(0.666792513309,20.190503159396,0.));
#2999 = CARTESIAN_POINT('',(0.596984907775,20.378547991695,0.));
#3000 = CARTESIAN_POINT('',(0.517451387598,20.576708247841,0.));
#3001 = CARTESIAN_POINT('',(0.427620946614,20.784594589415,0.));
#3002 = CARTESIAN_POINT('',(0.36229727391,20.925481800136,0.));
#3003 = CARTESIAN_POINT('',(0.327818925184,20.997441147728,0.));
#3004 = SURFACE_OF_LINEAR_EXTRUSION('',#3005,#3028);
#3005 = B_SPLINE_CURVE_WITH_KNOTS('',3,(#3006,#3007,#3008,#3009,#3010,
    #3011,#3012,#3013,#3014,#3015,#3016,#3017,#3018,#3019,#3020,#3021,
    #3022,#3023,#3024,#3025,#3026,#3027),.UNSPECIFIED.,.F.,.F.,(4,1,1,1,
    1,1,1,1,1,1,1,1,1,1,1,1,1,1,1,4),(0.,6.469775801205E-03,
    2.587893822125E-02,5.822752025674E-02,0.103515526622,0.161742958887,
    0.232909817767,0.317016103646,0.414061816756,0.524046957245,
    0.646971525216,0.782835520741,0.931638943874,1.093381794658,
    1.268064073122,1.455685779293,1.656246913191,1.869747474833,
    2.096187464232,2.335566881401),.UNSPECIFIED.);
#3006 = CARTESIAN_POINT('',(0.970726872546,18.768766021311,0.));
#3007 = CARTESIAN_POINT('',(0.970815658493,18.770920938474,0.));
#3008 = CARTESIAN_POINT('',(0.971109558432,18.779542259141,0.));
#3009 = CARTESIAN_POINT('',(0.971243985509,18.7989543008,0.));
#3010 = CARTESIAN_POINT('',(0.970729199254,18.831301169953,0.));
#3011 = CARTESIAN_POINT('',(0.968820557046,18.876554712221,0.));
#3012 = CARTESIAN_POINT('',(0.964875952638,18.934654622101,0.));
#3013 = CARTESIAN_POINT('',(0.9582068687,19.005516578522,0.));
#3014 = CARTESIAN_POINT('',(0.948147218074,19.089028682634,0.));
#3015 = CARTESIAN_POINT('',(0.934027901138,19.185052997041,0.));
#3016 = CARTESIAN_POINT('',(0.915187410721,19.293425175584,0.));
#3017 = CARTESIAN_POINT('',(0.890969440877,19.413954822189,0.));
#3018 = CARTESIAN_POINT('',(0.860724917049,19.546425641572,0.));
#3019 = CARTESIAN_POINT('',(0.82381254802,19.69059569895,0.));
#3020 = CARTESIAN_POINT('',(0.779599834172,19.846197684415,0.));
#3021 = CARTESIAN_POINT('',(0.727463945774,20.012939213276,0.));
#3022 = CARTESIAN_POINT('',(0.666792513309,20.190503159396,0.));
#3023 = CARTESIAN_POINT('',(0.596984907775,20.378547991695,0.));
#3024 = CARTESIAN_POINT('',(0.517451387598,20.576708247841,0.));
#3025 = CARTESIAN_POINT('',(0.427620946614,20.784594589415,0.));
#3026 = CARTESIAN_POINT('',(0.36229727391,20.925481800136,0.));
#3027 = CARTESIAN_POINT('',(0.327818925184,20.997441147728,0.));
#3028 = VECTOR('',#3029,1.);
#3029 = DIRECTION('',(-0.,-0.,-1.));
#3030 = ADVANCED_FACE('',(#3031),#3054,.F.);
#3031 = FACE_BOUND('',#3032,.F.);
#3032 = EDGE_LOOP('',(#3033,#3034,#3041,#3049));
#3033 = ORIENTED_EDGE('',*,*,#2972,.T.);
#3034 = ORIENTED_EDGE('',*,*,#3035,.T.);
#3035 = EDGE_CURVE('',#2946,#3036,#3038,.T.);
#3036 = VERTEX_POINT('',#3037);
#3037 = CARTESIAN_POINT('',(-0.327818925184,20.997441147728,10.));
#3038 = B_SPLINE_CURVE_WITH_KNOTS('',1,(#3039,#3040),.UNSPECIFIED.,.F.,
  .F.,(2,2),(0.,0.655637850368),.PIECEWISE_BEZIER_KNOTS.);
#3039 = CARTESIAN_POINT('',(0.327818925184,20.997441147728,10.));
#3040 = CARTESIAN_POINT('',(-0.327818925184,20.997441147728,10.));
#3041 = ORIENTED_EDGE('',*,*,#3042,.F.);
#3042 = EDGE_CURVE('',#3043,#3036,#3045,.T.);
#3043 = VERTEX_POINT('',#3044);
#3044 = CARTESIAN_POINT('',(-0.327818925184,20.997441147728,0.));
#3045 = LINE('',#3046,#3047);
#3046 = CARTESIAN_POINT('',(-0.327818925184,20.997441147728,0.));
#3047 = VECTOR('',#3048,1.);
#3048 = DIRECTION('',(0.,0.,1.));
#3049 = ORIENTED_EDGE('',*,*,#3050,.F.);
#3050 = EDGE_CURVE('',#2973,#3043,#3051,.T.);
#3051 = B_SPLINE_CURVE_WITH_KNOTS('',1,(#3052,#3053),.UNSPECIFIED.,.F.,
  .F.,(2,2),(0.,0.655637850368),.PIECEWISE_BEZIER_KNOTS.);
#3052 = CARTESIAN_POINT('',(0.327818925184,20.997441147728,0.));
#3053 = CARTESIAN_POINT('',(-0.327818925184,20.997441147728,0.));
#3054 = SURFACE_OF_LINEAR_EXTRUSION('',#3055,#3058);
#3055 = B_SPLINE_CURVE_WITH_KNOTS('',1,(#3056,#3057),.UNSPECIFIED.,.F.,
  .F.,(2,2),(0.,0.655637850368),.PIECEWISE_BEZIER_KNOTS.);
#3056 = CARTESIAN_POINT('',(0.327818925184,20.997441147728,0.));
#3057 = CARTESIAN_POINT('',(-0.327818925184,20.997441147728,0.));
#3058 = VECTOR('',#3059,1.);
#3059 = DIRECTION('',(-0.,-0.,-1.));
#3060 = ADVANCED_FACE('',(#3061),#3124,.F.);
#3061 = FACE_BOUND('',#3062,.F.);
#3062 = EDGE_LOOP('',(#3063,#3064,#3091,#3099));
#3063 = ORIENTED_EDGE('',*,*,#3042,.T.);
#3064 = ORIENTED_EDGE('',*,*,#3065,.T.);
#3065 = EDGE_CURVE('',#3036,#3066,#3068,.T.);
#3066 = VERTEX_POINT('',#3067);
#3067 = CARTESIAN_POINT('',(-0.970726872546,18.768766021311,10.));
#3068 = B_SPLINE_CURVE_WITH_KNOTS('',3,(#3069,#3070,#3071,#3072,#3073,
    #3074,#3075,#3076,#3077,#3078,#3079,#3080,#3081,#3082,#3083,#3084,
    #3085,#3086,#3087,#3088,#3089,#3090),.UNSPECIFIED.,.F.,.F.,(4,1,1,1,
    1,1,1,1,1,1,1,1,1,1,1,1,1,1,1,4),(0.,0.239379417168,0.465819406568,
    0.67931996821,0.879881102108,1.067502808279,1.242185086743,
    1.403927937526,1.55273136066,1.688595356185,1.811519924156,
    1.921505064645,2.018550777754,2.102657063634,2.173823922514,
    2.232051354779,2.277339361144,2.309687943179,2.329097105599,
    2.335566881401),.UNSPECIFIED.);
#3069 = CARTESIAN_POINT('',(-0.327818925184,20.997441147728,10.));
#3070 = CARTESIAN_POINT('',(-0.36229727391,20.925481800136,10.));
#3071 = CARTESIAN_POINT('',(-0.427620946614,20.784594589415,10.));
#3072 = CARTESIAN_POINT('',(-0.517451387598,20.576708247841,10.));
#3073 = CARTESIAN_POINT('',(-0.596984907775,20.378547991695,10.));
#3074 = CARTESIAN_POINT('',(-0.666792513309,20.190503159396,10.));
#3075 = CARTESIAN_POINT('',(-0.727463945774,20.012939213276,10.));
#3076 = CARTESIAN_POINT('',(-0.779599834172,19.846197684415,10.));
#3077 = CARTESIAN_POINT('',(-0.82381254802,19.69059569895,10.));
#3078 = CARTESIAN_POINT('',(-0.860724917049,19.546425641572,10.));
#3079 = CARTESIAN_POINT('',(-0.890969440877,19.413954822189,10.));
#3080 = CARTESIAN_POINT('',(-0.915187410721,19.293425175584,10.));
#3081 = CARTESIAN_POINT('',(-0.934027901138,19.185052997041,10.));
#3082 = CARTESIAN_POINT('',(-0.948147218074,19.089028682634,10.));
#3083 = CARTESIAN_POINT('',(-0.9582068687,19.005516578522,10.));
#3084 = CARTESIAN_POINT('',(-0.964875952638,18.934654622101,10.));
#3085 = CARTESIAN_POINT('',(-0.968820557046,18.876554712221,10.));
#3086 = CARTESIAN_POINT('',(-0.970729199254,18.831301169953,10.));
#3087 = CARTESIAN_POINT('',(-0.971243985509,18.7989543008,10.));
#3088 = CARTESIAN_POINT('',(-0.971109558432,18.779542259141,10.));
#3089 = CARTESIAN_POINT('',(-0.970815658493,18.770920938474,10.));
#3090 = CARTESIAN_POINT('',(-0.970726872546,18.768766021311,10.));
#3091 = ORIENTED_EDGE('',*,*,#3092,.F.);
#3092 = EDGE_CURVE('',#3093,#3066,#3095,.T.);
#3093 = VERTEX_POINT('',#3094);
#3094 = CARTESIAN_POINT('',(-0.970726872546,18.768766021311,0.));
#3095 = LINE('',#3096,#3097);
#3096 = CARTESIAN_POINT('',(-0.970726872546,18.768766021311,0.));
#3097 = VECTOR('',#3098,1.);
#3098 = DIRECTION('',(0.,0.,1.));
#3099 = ORIENTED_EDGE('',*,*,#3100,.F.);
#3100 = EDGE_CURVE('',#3043,#3093,#3101,.T.);
#3101 = B_SPLINE_CURVE_WITH_KNOTS('',3,(#3102,#3103,#3104,#3105,#3106,
    #3107,#3108,#3109,#3110,#3111,#3112,#3113,#3114,#3115,#3116,#3117,
    #3118,#3119,#3120,#3121,#3122,#3123),.UNSPECIFIED.,.F.,.F.,(4,1,1,1,
    1,1,1,1,1,1,1,1,1,1,1,1,1,1,1,4),(0.,0.239379417168,0.465819406568,
    0.67931996821,0.879881102108,1.067502808279,1.242185086743,
    1.403927937526,1.55273136066,1.688595356185,1.811519924156,
    1.921505064645,2.018550777754,2.102657063634,2.173823922514,
    2.232051354779,2.277339361144,2.309687943179,2.329097105599,
    2.335566881401),.UNSPECIFIED.);
#3102 = CARTESIAN_POINT('',(-0.327818925184,20.997441147728,0.));
#3103 = CARTESIAN_POINT('',(-0.36229727391,20.925481800136,0.));
#3104 = CARTESIAN_POINT('',(-0.427620946614,20.784594589415,0.));
#3105 = CARTESIAN_POINT('',(-0.517451387598,20.576708247841,0.));
#3106 = CARTESIAN_POINT('',(-0.596984907775,20.378547991695,0.));
#3107 = CARTESIAN_POINT('',(-0.666792513309,20.190503159396,0.));
#3108 = CARTESIAN_POINT('',(-0.727463945774,20.012939213276,0.));
#3109 = CARTESIAN_POINT('',(-0.779599834172,19.846197684415,0.));
#3110 = CARTESIAN_POINT('',(-0.82381254802,19.69059569895,0.));
#3111 = CARTESIAN_POINT('',(-0.860724917049,19.546425641572,0.));
#3112 = CARTESIAN_POINT('',(-0.890969440877,19.413954822189,0.));
#3113 = CARTESIAN_POINT('',(-0.915187410721,19.293425175584,0.));
#3114 = CARTESIAN_POINT('',(-0.934027901138,19.185052997041,0.));
#3115 = CARTESIAN_POINT('',(-0.948147218074,19.089028682634,0.));
#3116 = CARTESIAN_POINT('',(-0.9582068687,19.005516578522,0.));
#3117 = CARTESIAN_POINT('',(-0.964875952638,18.934654622101,0.));
#3118 = CARTESIAN_POINT('',(-0.968820557046,18.876554712221,0.));
#3119 = CARTESIAN_POINT('',(-0.970729199254,18.831301169953,0.));
#3120 = CARTESIAN_POINT('',(-0.971243985509,18.7989543008,0.));
#3121 = CARTESIAN_POINT('',(-0.971109558432,18.779542259141,0.));
#3122 = CARTESIAN_POINT('',(-0.970815658493,18.770920938474,0.));
#3123 = CARTESIAN_POINT('',(-0.970726872546,18.768766021311,0.));
#3124 = SURFACE_OF_LINEAR_EXTRUSION('',#3125,#3148);
#3125 = B_SPLINE_CURVE_WITH_KNOTS('',3,(#3126,#3127,#3128,#3129,#3130,
    #3131,#3132,#3133,#3134,#3135,#3136,#3137,#3138,#3139,#3140,#3141,
    #3142,#3143,#3144,#3145,#3146,#3147),.UNSPECIFIED.,.F.,.F.,(4,1,1,1,
    1,1,1,1,1,1,1,1,1,1,1,1,1,1,1,4),(0.,0.239379417168,0.465819406568,
    0.67931996821,0.879881102108,1.067502808279,1.242185086743,
    1.403927937526,1.55273136066,1.688595356185,1.811519924156,
    1.921505064645,2.018550777754,2.102657063634,2.173823922514,
    2.232051354779,2.277339361144,2.309687943179,2.329097105599,
    2.335566881401),.UNSPECIFIED.);
#3126 = CARTESIAN_POINT('',(-0.327818925184,20.997441147728,0.));
#3127 = CARTESIAN_POINT('',(-0.36229727391,20.925481800136,0.));
#3128 = CARTESIAN_POINT('',(-0.427620946614,20.784594589415,0.));
#3129 = CARTESIAN_POINT('',(-0.517451387598,20.576708247841,0.));
#3130 = CARTESIAN_POINT('',(-0.596984907775,20.378547991695,0.));
#3131 = CARTESIAN_POINT('',(-0.666792513309,20.190503159396,0.));
#3132 = CARTESIAN_POINT('',(-0.727463945774,20.012939213276,0.));
#3133 = CARTESIAN_POINT('',(-0.779599834172,19.846197684415,0.));
#3134 = CARTESIAN_POINT('',(-0.82381254802,19.69059569895,0.));
#3135 = CARTESIAN_POINT('',(-0.860724917049,19.546425641572,0.));
#3136 = CARTESIAN_POINT('',(-0.890969440877,19.413954822189,0.));
#3137 = CARTESIAN_POINT('',(-0.915187410721,19.293425175584,0.));
#3138 = CARTESIAN_POINT('',(-0.934027901138,19.185052997041,0.));
#3139 = CARTESIAN_POINT('',(-0.948147218074,19.089028682634,0.));
#3140 = CARTESIAN_POINT('',(-0.9582068687,19.005516578522,0.));
#3141 = CARTESIAN_POINT('',(-0.964875952638,18.934654622101,0.));
#3142 = CARTESIAN_POINT('',(-0.968820557046,18.876554712221,0.));
#3143 = CARTESIAN_POINT('',(-0.970729199254,18.831301169953,0.));
#3144 = CARTESIAN_POINT('',(-0.971243985509,18.7989543008,0.));
#3145 = CARTESIAN_POINT('',(-0.971109558432,18.779542259141,0.));
#3146 = CARTESIAN_POINT('',(-0.970815658493,18.770920938474,0.));
#3147 = CARTESIAN_POINT('',(-0.970726872546,18.768766021311,0.));
#3148 = VECTOR('',#3149,1.);
#3149 = DIRECTION('',(-0.,-0.,-1.));
#3150 = ADVANCED_FACE('',(#3151),#3174,.F.);
#3151 = FACE_BOUND('',#3152,.F.);
#3152 = EDGE_LOOP('',(#3153,#3154,#3161,#3169));
#3153 = ORIENTED_EDGE('',*,*,#3092,.T.);
#3154 = ORIENTED_EDGE('',*,*,#3155,.T.);
#3155 = EDGE_CURVE('',#3066,#3156,#3158,.T.);
#3156 = VERTEX_POINT('',#3157);
#3157 = CARTESIAN_POINT('',(-0.968461838352,18.724972140638,10.));
#3158 = B_SPLINE_CURVE_WITH_KNOTS('',1,(#3159,#3160),.UNSPECIFIED.,.F.,
  .F.,(2,2),(0.,4.385241571817E-02),.PIECEWISE_BEZIER_KNOTS.);
#3159 = CARTESIAN_POINT('',(-0.970726872546,18.768766021311,10.));
#3160 = CARTESIAN_POINT('',(-0.968461838352,18.724972140638,10.));
#3161 = ORIENTED_EDGE('',*,*,#3162,.F.);
#3162 = EDGE_CURVE('',#3163,#3156,#3165,.T.);
#3163 = VERTEX_POINT('',#3164);
#3164 = CARTESIAN_POINT('',(-0.968461838352,18.724972140638,0.));
#3165 = LINE('',#3166,#3167);
#3166 = CARTESIAN_POINT('',(-0.968461838352,18.724972140638,0.));
#3167 = VECTOR('',#3168,1.);
#3168 = DIRECTION('',(0.,0.,1.));
#3169 = ORIENTED_EDGE('',*,*,#3170,.F.);
#3170 = EDGE_CURVE('',#3093,#3163,#3171,.T.);
#3171 = B_SPLINE_CURVE_WITH_KNOTS('',1,(#3172,#3173),.UNSPECIFIED.,.F.,
  .F.,(2,2),(0.,4.385241571817E-02),.PIECEWISE_BEZIER_KNOTS.);
#3172 = CARTESIAN_POINT('',(-0.970726872546,18.768766021311,0.));
#3173 = CARTESIAN_POINT('',(-0.968461838352,18.724972140638,0.));
#3174 = SURFACE_OF_LINEAR_EXTRUSION('',#3175,#3178);
#3175 = B_SPLINE_CURVE_WITH_KNOTS('',1,(#3176,#3177),.UNSPECIFIED.,.F.,
  .F.,(2,2),(0.,4.385241571817E-02),.PIECEWISE_BEZIER_KNOTS.);
#3176 = CARTESIAN_POINT('',(-0.970726872546,18.768766021311,0.));
#3177 = CARTESIAN_POINT('',(-0.968461838352,18.724972140638,0.));
#3178 = VECTOR('',#3179,1.);
#3179 = DIRECTION('',(-0.,-0.,-1.));
#3180 = ADVANCED_FACE('',(#3181),#3204,.F.);
#3181 = FACE_BOUND('',#3182,.F.);
#3182 = EDGE_LOOP('',(#3183,#3184,#3191,#3199));
#3183 = ORIENTED_EDGE('',*,*,#3162,.T.);
#3184 = ORIENTED_EDGE('',*,*,#3185,.T.);
#3185 = EDGE_CURVE('',#3156,#3186,#3188,.T.);
#3186 = VERTEX_POINT('',#3187);
#3187 = CARTESIAN_POINT('',(-1.972692533663,18.645937470871,10.));
#3188 = B_SPLINE_CURVE_WITH_KNOTS('',1,(#3189,#3190),.UNSPECIFIED.,.F.,
  .F.,(2,2),(0.,1.007335975944),.PIECEWISE_BEZIER_KNOTS.);
#3189 = CARTESIAN_POINT('',(-0.968461838352,18.724972140638,10.));
#3190 = CARTESIAN_POINT('',(-1.972692533663,18.645937470871,10.));
#3191 = ORIENTED_EDGE('',*,*,#3192,.F.);
#3192 = EDGE_CURVE('',#3193,#3186,#3195,.T.);
#3193 = VERTEX_POINT('',#3194);
#3194 = CARTESIAN_POINT('',(-1.972692533663,18.645937470871,0.));
#3195 = LINE('',#3196,#3197);
#3196 = CARTESIAN_POINT('',(-1.972692533663,18.645937470871,0.));
#3197 = VECTOR('',#3198,1.);
#3198 = DIRECTION('',(0.,0.,1.));
#3199 = ORIENTED_EDGE('',*,*,#3200,.F.);
#3200 = EDGE_CURVE('',#3163,#3193,#3201,.T.);
#3201 = B_SPLINE_CURVE_WITH_KNOTS('',1,(#3202,#3203),.UNSPECIFIED.,.F.,
  .F.,(2,2),(0.,1.007335975944),.PIECEWISE_BEZIER_KNOTS.);
#3202 = CARTESIAN_POINT('',(-0.968461838352,18.724972140638,0.));
#3203 = CARTESIAN_POINT('',(-1.972692533663,18.645937470871,0.));
#3204 = SURFACE_OF_LINEAR_EXTRUSION('',#3205,#3208);
#3205 = B_SPLINE_CURVE_WITH_KNOTS('',1,(#3206,#3207),.UNSPECIFIED.,.F.,
  .F.,(2,2),(0.,1.007335975944),.PIECEWISE_BEZIER_KNOTS.);
#3206 = CARTESIAN_POINT('',(-0.968461838352,18.724972140638,0.));
#3207 = CARTESIAN_POINT('',(-1.972692533663,18.645937470871,0.));
#3208 = VECTOR('',#3209,1.);
#3209 = DIRECTION('',(-0.,-0.,-1.));
#3210 = ADVANCED_FACE('',(#3211),#3234,.F.);
#3211 = FACE_BOUND('',#3212,.F.);
#3212 = EDGE_LOOP('',(#3213,#3214,#3221,#3229));
#3213 = ORIENTED_EDGE('',*,*,#3192,.T.);
#3214 = ORIENTED_EDGE('',*,*,#3215,.T.);
#3215 = EDGE_CURVE('',#3186,#3216,#3218,.T.);
#3216 = VERTEX_POINT('',#3217);
#3217 = CARTESIAN_POINT('',(-1.977306258093,18.689546505614,10.));
#3218 = B_SPLINE_CURVE_WITH_KNOTS('',1,(#3219,#3220),.UNSPECIFIED.,.F.,
  .F.,(2,2),(0.,4.385241571817E-02),.PIECEWISE_BEZIER_KNOTS.);
#3219 = CARTESIAN_POINT('',(-1.972692533663,18.645937470871,10.));
#3220 = CARTESIAN_POINT('',(-1.977306258093,18.689546505614,10.));
#3221 = ORIENTED_EDGE('',*,*,#3222,.F.);
#3222 = EDGE_CURVE('',#3223,#3216,#3225,.T.);
#3223 = VERTEX_POINT('',#3224);
#3224 = CARTESIAN_POINT('',(-1.977306258093,18.689546505614,0.));
#3225 = LINE('',#3226,#3227);
#3226 = CARTESIAN_POINT('',(-1.977306258093,18.689546505614,0.));
#3227 = VECTOR('',#3228,1.);
#3228 = DIRECTION('',(0.,0.,1.));
#3229 = ORIENTED_EDGE('',*,*,#3230,.F.);
#3230 = EDGE_CURVE('',#3193,#3223,#3231,.T.);
#3231 = B_SPLINE_CURVE_WITH_KNOTS('',1,(#3232,#3233),.UNSPECIFIED.,.F.,
  .F.,(2,2),(0.,4.385241571817E-02),.PIECEWISE_BEZIER_KNOTS.);
#3232 = CARTESIAN_POINT('',(-1.972692533663,18.645937470871,0.));
#3233 = CARTESIAN_POINT('',(-1.977306258093,18.689546505614,0.));
#3234 = SURFACE_OF_LINEAR_EXTRUSION('',#3235,#3238);
#3235 = B_SPLINE_CURVE_WITH_KNOTS('',1,(#3236,#3237),.UNSPECIFIED.,.F.,
  .F.,(2,2),(0.,4.385241571817E-02),.PIECEWISE_BEZIER_KNOTS.);
#3236 = CARTESIAN_POINT('',(-1.972692533663,18.645937470871,0.));
#3237 = CARTESIAN_POINT('',(-1.977306258093,18.689546505614,0.));
#3238 = VECTOR('',#3239,1.);
#3239 = DIRECTION('',(-0.,-0.,-1.));
#3240 = ADVANCED_FACE('',(#3241),#3304,.F.);
#3241 = FACE_BOUND('',#3242,.F.);
#3242 = EDGE_LOOP('',(#3243,#3244,#3271,#3279));
#3243 = ORIENTED_EDGE('',*,*,#3222,.T.);
#3244 = ORIENTED_EDGE('',*,*,#3245,.T.);
#3245 = EDGE_CURVE('',#3216,#3246,#3248,.T.);
#3246 = VERTEX_POINT('',#3247);
#3247 = CARTESIAN_POINT('',(-2.960940542928,20.790209982135,10.));
#3248 = B_SPLINE_CURVE_WITH_KNOTS('',3,(#3249,#3250,#3251,#3252,#3253,
    #3254,#3255,#3256,#3257,#3258,#3259,#3260,#3261,#3262,#3263,#3264,
    #3265,#3266,#3267,#3268,#3269,#3270),.UNSPECIFIED.,.F.,.F.,(4,1,1,1,
    1,1,1,1,1,1,1,1,1,1,1,1,1,1,1,4),(0.,6.469775801205E-03,
    2.587893822125E-02,5.822752025674E-02,0.103515526622,0.161742958887,
    0.232909817767,0.317016103646,0.414061816756,0.524046957245,
    0.646971525216,0.782835520741,0.931638943874,1.093381794658,
    1.268064073122,1.455685779293,1.656246913191,1.869747474833,
    2.096187464232,2.335566881401),.UNSPECIFIED.);
#3249 = CARTESIAN_POINT('',(-1.977306258093,18.689546505614,10.));
#3250 = CARTESIAN_POINT('',(-1.977555668562,18.691688781353,10.));
#3251 = CARTESIAN_POINT('',(-1.978614058706,18.700249935336,10.));
#3252 = CARTESIAN_POINT('',(-1.981517999,18.719444011577,10.));
#3253 = CARTESIAN_POINT('',(-1.987086612555,18.751312106783,10.));
#3254 = CARTESIAN_POINT('',(-1.996050969886,18.795709925428,10.));
#3255 = CARTESIAN_POINT('',(-2.009035837989,18.852477456926,10.));
#3256 = CARTESIAN_POINT('',(-2.026708066681,18.921423710497,10.));
#3257 = CARTESIAN_POINT('',(-2.049708037646,19.002333965963,10.));
#3258 = CARTESIAN_POINT('',(-2.078675034616,19.094967313925,10.));
#3259 = CARTESIAN_POINT('',(-2.114236711108,19.199057949077,10.));
#3260 = CARTESIAN_POINT('',(-2.157011508344,19.314315150568,10.));
#3261 = CARTESIAN_POINT('',(-2.207606673659,19.440423748436,10.));
#3262 = CARTESIAN_POINT('',(-2.266617755974,19.577044466469,10.));
#3263 = CARTESIAN_POINT('',(-2.334627651303,19.723814341047,10.));
#3264 = CARTESIAN_POINT('',(-2.412205782267,19.880347155185,10.));
#3265 = CARTESIAN_POINT('',(-2.499907369641,20.046233891397,10.));
#3266 = CARTESIAN_POINT('',(-2.598272220457,20.22104326434,10.));
#3267 = CARTESIAN_POINT('',(-2.707825644685,20.404322055224,10.));
#3268 = CARTESIAN_POINT('',(-2.829070712508,20.595596393985,10.));
#3269 = CARTESIAN_POINT('',(-2.915629757843,20.724530175559,10.));
#3270 = CARTESIAN_POINT('',(-2.960940542928,20.790209982135,10.));
#3271 = ORIENTED_EDGE('',*,*,#3272,.F.);
#3272 = EDGE_CURVE('',#3273,#3246,#3275,.T.);
#3273 = VERTEX_POINT('',#3274);
#3274 = CARTESIAN_POINT('',(-2.960940542928,20.790209982135,0.));
#3275 = LINE('',#3276,#3277);
#3276 = CARTESIAN_POINT('',(-2.960940542928,20.790209982135,0.));
#3277 = VECTOR('',#3278,1.);
#3278 = DIRECTION('',(0.,0.,1.));
#3279 = ORIENTED_EDGE('',*,*,#3280,.F.);
#3280 = EDGE_CURVE('',#3223,#3273,#3281,.T.);
#3281 = B_SPLINE_CURVE_WITH_KNOTS('',3,(#3282,#3283,#3284,#3285,#3286,
    #3287,#3288,#3289,#3290,#3291,#3292,#3293,#3294,#3295,#3296,#3297,
    #3298,#3299,#3300,#3301,#3302,#3303),.UNSPECIFIED.,.F.,.F.,(4,1,1,1,
    1,1,1,1,1,1,1,1,1,1,1,1,1,1,1,4),(0.,6.469775801205E-03,
    2.587893822125E-02,5.822752025674E-02,0.103515526622,0.161742958887,
    0.232909817767,0.317016103646,0.414061816756,0.524046957245,
    0.646971525216,0.782835520741,0.931638943874,1.093381794658,
    1.268064073122,1.455685779293,1.656246913191,1.869747474833,
    2.096187464232,2.335566881401),.UNSPECIFIED.);
#3282 = CARTESIAN_POINT('',(-1.977306258093,18.689546505614,0.));
#3283 = CARTESIAN_POINT('',(-1.977555668562,18.691688781353,0.));
#3284 = CARTESIAN_POINT('',(-1.978614058706,18.700249935336,0.));
#3285 = CARTESIAN_POINT('',(-1.981517999,18.719444011577,0.));
#3286 = CARTESIAN_POINT('',(-1.987086612555,18.751312106783,0.));
#3287 = CARTESIAN_POINT('',(-1.996050969886,18.795709925428,0.));
#3288 = CARTESIAN_POINT('',(-2.009035837989,18.852477456926,0.));
#3289 = CARTESIAN_POINT('',(-2.026708066681,18.921423710497,0.));
#3290 = CARTESIAN_POINT('',(-2.049708037646,19.002333965963,0.));
#3291 = CARTESIAN_POINT('',(-2.078675034616,19.094967313925,0.));
#3292 = CARTESIAN_POINT('',(-2.114236711108,19.199057949077,0.));
#3293 = CARTESIAN_POINT('',(-2.157011508344,19.314315150568,0.));
#3294 = CARTESIAN_POINT('',(-2.207606673659,19.440423748436,0.));
#3295 = CARTESIAN_POINT('',(-2.266617755974,19.577044466469,0.));
#3296 = CARTESIAN_POINT('',(-2.334627651303,19.723814341047,0.));
#3297 = CARTESIAN_POINT('',(-2.412205782267,19.880347155185,0.));
#3298 = CARTESIAN_POINT('',(-2.499907369641,20.046233891397,0.));
#3299 = CARTESIAN_POINT('',(-2.598272220457,20.22104326434,0.));
#3300 = CARTESIAN_POINT('',(-2.707825644685,20.404322055224,0.));
#3301 = CARTESIAN_POINT('',(-2.829070712508,20.595596393985,0.));
#3302 = CARTESIAN_POINT('',(-2.915629757843,20.724530175559,0.));
#3303 = CARTESIAN_POINT('',(-2.960940542928,20.790209982135,0.));
#3304 = SURFACE_OF_LINEAR_EXTRUSION('',#3305,#3328);
#3305 = B_SPLINE_CURVE_WITH_KNOTS('',3,(#3306,#3307,#3308,#3309,#3310,
    #3311,#3312,#3313,#3314,#3315,#3316,#3317,#3318,#3319,#3320,#3321,
    #3322,#3323,#3324,#3325,#3326,#3327),.UNSPECIFIED.,.F.,.F.,(4,1,1,1,
    1,1,1,1,1,1,1,1,1,1,1,1,1,1,1,4),(0.,6.469775801205E-03,
    2.587893822125E-02,5.822752025674E-02,0.103515526622,0.161742958887,
    0.232909817767,0.317016103646,0.414061816756,0.524046957245,
    0.646971525216,0.782835520741,0.931638943874,1.093381794658,
    1.268064073122,1.455685779293,1.656246913191,1.869747474833,
    2.096187464232,2.335566881401),.UNSPECIFIED.);
#3306 = CARTESIAN_POINT('',(-1.977306258093,18.689546505614,0.));
#3307 = CARTESIAN_POINT('',(-1.977555668562,18.691688781353,0.));
#3308 = CARTESIAN_POINT('',(-1.978614058706,18.700249935336,0.));
#3309 = CARTESIAN_POINT('',(-1.981517999,18.719444011577,0.));
#3310 = CARTESIAN_POINT('',(-1.987086612555,18.751312106783,0.));
#3311 = CARTESIAN_POINT('',(-1.996050969886,18.795709925428,0.));
#3312 = CARTESIAN_POINT('',(-2.009035837989,18.852477456926,0.));
#3313 = CARTESIAN_POINT('',(-2.026708066681,18.921423710497,0.));
#3314 = CARTESIAN_POINT('',(-2.049708037646,19.002333965963,0.));
#3315 = CARTESIAN_POINT('',(-2.078675034616,19.094967313925,0.));
#3316 = CARTESIAN_POINT('',(-2.114236711108,19.199057949077,0.));
#3317 = CARTESIAN_POINT('',(-2.157011508344,19.314315150568,0.));
#3318 = CARTESIAN_POINT('',(-2.207606673659,19.440423748436,0.));
#3319 = CARTESIAN_POINT('',(-2.266617755974,19.577044466469,0.));
#3320 = CARTESIAN_POINT('',(-2.334627651303,19.723814341047,0.));
#3321 = CARTESIAN_POINT('',(-2.412205782267,19.880347155185,0.));
#3322 = CARTESIAN_POINT('',(-2.499907369641,20.046233891397,0.));
#3323 = CARTESIAN_POINT('',(-2.598272220457,20.22104326434,0.));
#3324 = CARTESIAN_POINT('',(-2.707825644685,20.404322055224,0.));
#3325 = CARTESIAN_POINT('',(-2.829070712508,20.595596393985,0.));
#3326 = CARTESIAN_POINT('',(-2.915629757843,20.724530175559,0.));
#3327 = CARTESIAN_POINT('',(-2.960940542928,20.790209982135,0.));
#3328 = VECTOR('',#3329,1.);
#3329 = DIRECTION('',(-0.,-0.,-1.));
#3330 = ADVANCED_FACE('',(#3331),#3354,.F.);
#3331 = FACE_BOUND('',#3332,.F.);
#3332 = EDGE_LOOP('',(#3333,#3334,#3341,#3349));
#3333 = ORIENTED_EDGE('',*,*,#3272,.T.);
#3334 = ORIENTED_EDGE('',*,*,#3335,.T.);
#3335 = EDGE_CURVE('',#3246,#3336,#3338,.T.);
#3336 = VERTEX_POINT('',#3337);
#3337 = CARTESIAN_POINT('',(-3.608506403389,20.687645625752,10.));
#3338 = B_SPLINE_CURVE_WITH_KNOTS('',1,(#3339,#3340),.UNSPECIFIED.,.F.,
  .F.,(2,2),(0.,0.655637850368),.PIECEWISE_BEZIER_KNOTS.);
#3339 = CARTESIAN_POINT('',(-2.960940542928,20.790209982135,10.));
#3340 = CARTESIAN_POINT('',(-3.608506403389,20.687645625752,10.));
#3341 = ORIENTED_EDGE('',*,*,#3342,.F.);
#3342 = EDGE_CURVE('',#3343,#3336,#3345,.T.);
#3343 = VERTEX_POINT('',#3344);
#3344 = CARTESIAN_POINT('',(-3.608506403389,20.687645625752,0.));
#3345 = LINE('',#3346,#3347);
#3346 = CARTESIAN_POINT('',(-3.608506403389,20.687645625752,0.));
#3347 = VECTOR('',#3348,1.);
#3348 = DIRECTION('',(0.,0.,1.));
#3349 = ORIENTED_EDGE('',*,*,#3350,.F.);
#3350 = EDGE_CURVE('',#3273,#3343,#3351,.T.);
#3351 = B_SPLINE_CURVE_WITH_KNOTS('',1,(#3352,#3353),.UNSPECIFIED.,.F.,
  .F.,(2,2),(0.,0.655637850368),.PIECEWISE_BEZIER_KNOTS.);
#3352 = CARTESIAN_POINT('',(-2.960940542928,20.790209982135,0.));
#3353 = CARTESIAN_POINT('',(-3.608506403389,20.687645625752,0.));
#3354 = SURFACE_OF_LINEAR_EXTRUSION('',#3355,#3358);
#3355 = B_SPLINE_CURVE_WITH_KNOTS('',1,(#3356,#3357),.UNSPECIFIED.,.F.,
  .F.,(2,2),(0.,0.655637850368),.PIECEWISE_BEZIER_KNOTS.);
#3356 = CARTESIAN_POINT('',(-2.960940542928,20.790209982135,0.));
#3357 = CARTESIAN_POINT('',(-3.608506403389,20.687645625752,0.));
#3358 = VECTOR('',#3359,1.);
#3359 = DIRECTION('',(-0.,-0.,-1.));
#3360 = ADVANCED_FACE('',(#3361),#3424,.F.);
#3361 = FACE_BOUND('',#3362,.F.);
#3362 = EDGE_LOOP('',(#3363,#3364,#3391,#3399));
#3363 = ORIENTED_EDGE('',*,*,#3342,.T.);
#3364 = ORIENTED_EDGE('',*,*,#3365,.T.);
#3365 = EDGE_CURVE('',#3336,#3366,#3368,.T.);
#3366 = VERTEX_POINT('',#3367);
#3367 = CARTESIAN_POINT('',(-3.894857485925,18.3858362276,10.));
#3368 = B_SPLINE_CURVE_WITH_KNOTS('',3,(#3369,#3370,#3371,#3372,#3373,
    #3374,#3375,#3376,#3377,#3378,#3379,#3380,#3381,#3382,#3383,#3384,
    #3385,#3386,#3387,#3388,#3389,#3390),.UNSPECIFIED.,.F.,.F.,(4,1,1,1,
    1,1,1,1,1,1,1,1,1,1,1,1,1,1,1,4),(0.,0.239379417168,0.465819406568,
    0.67931996821,0.879881102108,1.067502808279,1.242185086743,
    1.403927937526,1.55273136066,1.688595356185,1.811519924156,
    1.921505064645,2.018550777754,2.102657063634,2.173823922514,
    2.232051354779,2.277339361144,2.309687943179,2.329097105599,
    2.335566881401),.UNSPECIFIED.);
#3369 = CARTESIAN_POINT('',(-3.608506403389,20.687645625752,10.));
#3370 = CARTESIAN_POINT('',(-3.631303344384,20.6111786151,10.));
#3371 = CARTESIAN_POINT('',(-3.673783158838,20.461807085938,10.));
#3372 = CARTESIAN_POINT('',(-3.729987049395,20.242427593217,10.));
#3373 = CARTESIAN_POINT('',(-3.777542286298,20.03426523497,10.));
#3374 = CARTESIAN_POINT('',(-3.817073751625,19.837615231172,10.));
#3375 = CARTESIAN_POINT('',(-3.849221097156,19.652746288799,10.));
#3376 = CARTESIAN_POINT('',(-3.874630984386,19.479901775039,10.));
#3377 = CARTESIAN_POINT('',(-3.893957853004,19.319299115983,10.));
#3378 = CARTESIAN_POINT('',(-3.907862603717,19.171129664545,10.));
#3379 = CARTESIAN_POINT('',(-3.917011765505,19.035558494866,10.));
#3380 = CARTESIAN_POINT('',(-3.922076581165,18.912724243061,10.));
#3381 = CARTESIAN_POINT('',(-3.923731970105,18.80273900383,10.));
#3382 = CARTESIAN_POINT('',(-3.922655942565,18.705688160285,10.));
#3383 = CARTESIAN_POINT('',(-3.919527570868,18.621630552691,10.));
#3384 = CARTESIAN_POINT('',(-3.915029295071,18.550597749964,10.));
#3385 = CARTESIAN_POINT('',(-3.909836506532,18.492596074305,10.));
#3386 = CARTESIAN_POINT('',(-3.904642436512,18.447601100814,10.));
#3387 = CARTESIAN_POINT('',(-3.900090719722,18.415571944984,10.));
#3388 = CARTESIAN_POINT('',(-3.896921235313,18.396419926799,10.));
#3389 = CARTESIAN_POINT('',(-3.895282282084,18.387950724974,10.));
#3390 = CARTESIAN_POINT('',(-3.894857485925,18.3858362276,10.));
#3391 = ORIENTED_EDGE('',*,*,#3392,.F.);
#3392 = EDGE_CURVE('',#3393,#3366,#3395,.T.);
#3393 = VERTEX_POINT('',#3394);
#3394 = CARTESIAN_POINT('',(-3.894857485925,18.3858362276,0.));
#3395 = LINE('',#3396,#3397);
#3396 = CARTESIAN_POINT('',(-3.894857485925,18.3858362276,0.));
#3397 = VECTOR('',#3398,1.);
#3398 = DIRECTION('',(0.,0.,1.));
#3399 = ORIENTED_EDGE('',*,*,#3400,.F.);
#3400 = EDGE_CURVE('',#3343,#3393,#3401,.T.);
#3401 = B_SPLINE_CURVE_WITH_KNOTS('',3,(#3402,#3403,#3404,#3405,#3406,
    #3407,#3408,#3409,#3410,#3411,#3412,#3413,#3414,#3415,#3416,#3417,
    #3418,#3419,#3420,#3421,#3422,#3423),.UNSPECIFIED.,.F.,.F.,(4,1,1,1,
    1,1,1,1,1,1,1,1,1,1,1,1,1,1,1,4),(0.,0.239379417168,0.465819406568,
    0.67931996821,0.879881102108,1.067502808279,1.242185086743,
    1.403927937526,1.55273136066,1.688595356185,1.811519924156,
    1.921505064645,2.018550777754,2.102657063634,2.173823922514,
    2.232051354779,2.277339361144,2.309687943179,2.329097105599,
    2.335566881401),.UNSPECIFIED.);
#3402 = CARTESIAN_POINT('',(-3.608506403389,20.687645625752,0.));
#3403 = CARTESIAN_POINT('',(-3.631303344384,20.6111786151,0.));
#3404 = CARTESIAN_POINT('',(-3.673783158838,20.461807085938,0.));
#3405 = CARTESIAN_POINT('',(-3.729987049395,20.242427593217,0.));
#3406 = CARTESIAN_POINT('',(-3.777542286298,20.03426523497,0.));
#3407 = CARTESIAN_POINT('',(-3.817073751625,19.837615231172,0.));
#3408 = CARTESIAN_POINT('',(-3.849221097156,19.652746288799,0.));
#3409 = CARTESIAN_POINT('',(-3.874630984386,19.479901775039,0.));
#3410 = CARTESIAN_POINT('',(-3.893957853004,19.319299115983,0.));
#3411 = CARTESIAN_POINT('',(-3.907862603717,19.171129664545,0.));
#3412 = CARTESIAN_POINT('',(-3.917011765505,19.035558494866,0.));
#3413 = CARTESIAN_POINT('',(-3.922076581165,18.912724243061,0.));
#3414 = CARTESIAN_POINT('',(-3.923731970105,18.80273900383,0.));
#3415 = CARTESIAN_POINT('',(-3.922655942565,18.705688160285,0.));
#3416 = CARTESIAN_POINT('',(-3.919527570868,18.621630552691,0.));
#3417 = CARTESIAN_POINT('',(-3.915029295071,18.550597749964,0.));
#3418 = CARTESIAN_POINT('',(-3.909836506532,18.492596074305,0.));
#3419 = CARTESIAN_POINT('',(-3.904642436512,18.447601100814,0.));
#3420 = CARTESIAN_POINT('',(-3.900090719722,18.415571944984,0.));
#3421 = CARTESIAN_POINT('',(-3.896921235313,18.396419926799,0.));
#3422 = CARTESIAN_POINT('',(-3.895282282084,18.387950724974,0.));
#3423 = CARTESIAN_POINT('',(-3.894857485925,18.3858362276,0.));
#3424 = SURFACE_OF_LINEAR_EXTRUSION('',#3425,#3448);
#3425 = B_SPLINE_CURVE_WITH_KNOTS('',3,(#3426,#3427,#3428,#3429,#3430,
    #3431,#3432,#3433,#3434,#3435,#3436,#3437,#3438,#3439,#3440,#3441,
    #3442,#3443,#3444,#3445,#3446,#3447),.UNSPECIFIED.,.F.,.F.,(4,1,1,1,
    1,1,1,1,1,1,1,1,1,1,1,1,1,1,1,4),(0.,0.239379417168,0.465819406568,
    0.67931996821,0.879881102108,1.067502808279,1.242185086743,
    1.403927937526,1.55273136066,1.688595356185,1.811519924156,
    1.921505064645,2.018550777754,2.102657063634,2.173823922514,
    2.232051354779,2.277339361144,2.309687943179,2.329097105599,
    2.335566881401),.UNSPECIFIED.);
#3426 = CARTESIAN_POINT('',(-3.608506403389,20.687645625752,0.));
#3427 = CARTESIAN_POINT('',(-3.631303344384,20.6111786151,0.));
#3428 = CARTESIAN_POINT('',(-3.673783158838,20.461807085938,0.));
#3429 = CARTESIAN_POINT('',(-3.729987049395,20.242427593217,0.));
#3430 = CARTESIAN_POINT('',(-3.777542286298,20.03426523497,0.));
#3431 = CARTESIAN_POINT('',(-3.817073751625,19.837615231172,0.));
#3432 = CARTESIAN_POINT('',(-3.849221097156,19.652746288799,0.));
#3433 = CARTESIAN_POINT('',(-3.874630984386,19.479901775039,0.));
#3434 = CARTESIAN_POINT('',(-3.893957853004,19.319299115983,0.));
#3435 = CARTESIAN_POINT('',(-3.907862603717,19.171129664545,0.));
#3436 = CARTESIAN_POINT('',(-3.917011765505,19.035558494866,0.));
#3437 = CARTESIAN_POINT('',(-3.922076581165,18.912724243061,0.));
#3438 = CARTESIAN_POINT('',(-3.923731970105,18.80273900383,0.));
#3439 = CARTESIAN_POINT('',(-3.922655942565,18.705688160285,0.));
#3440 = CARTESIAN_POINT('',(-3.919527570868,18.621630552691,0.));
#3441 = CARTESIAN_POINT('',(-3.915029295071,18.550597749964,0.));
#3442 = CARTESIAN_POINT('',(-3.909836506532,18.492596074305,0.));
#3443 = CARTESIAN_POINT('',(-3.904642436512,18.447601100814,0.));
#3444 = CARTESIAN_POINT('',(-3.900090719722,18.415571944984,0.));
#3445 = CARTESIAN_POINT('',(-3.896921235313,18.396419926799,0.));
#3446 = CARTESIAN_POINT('',(-3.895282282084,18.387950724974,0.));
#3447 = CARTESIAN_POINT('',(-3.894857485925,18.3858362276,0.));
#3448 = VECTOR('',#3449,1.);
#3449 = DIRECTION('',(-0.,-0.,-1.));
#3450 = ADVANCED_FACE('',(#3451),#3474,.F.);
#3451 = FACE_BOUND('',#3452,.F.);
#3452 = EDGE_LOOP('',(#3453,#3454,#3461,#3469));
#3453 = ORIENTED_EDGE('',*,*,#3392,.T.);
#3454 = ORIENTED_EDGE('',*,*,#3455,.T.);
#3455 = EDGE_CURVE('',#3366,#3456,#3458,.T.);
#3456 = VERTEX_POINT('',#3457);
#3457 = CARTESIAN_POINT('',(-3.885769465765,18.342935851682,10.));
#3458 = B_SPLINE_CURVE_WITH_KNOTS('',1,(#3459,#3460),.UNSPECIFIED.,.F.,
  .F.,(2,2),(0.,4.385241571817E-02),.PIECEWISE_BEZIER_KNOTS.);
#3459 = CARTESIAN_POINT('',(-3.894857485925,18.3858362276,10.));
#3460 = CARTESIAN_POINT('',(-3.885769465765,18.342935851682,10.));
#3461 = ORIENTED_EDGE('',*,*,#3462,.F.);
#3462 = EDGE_CURVE('',#3463,#3456,#3465,.T.);
#3463 = VERTEX_POINT('',#3464);
#3464 = CARTESIAN_POINT('',(-3.885769465765,18.342935851682,0.));
#3465 = LINE('',#3466,#3467);
#3466 = CARTESIAN_POINT('',(-3.885769465765,18.342935851682,0.));
#3467 = VECTOR('',#3468,1.);
#3468 = DIRECTION('',(0.,0.,1.));
#3469 = ORIENTED_EDGE('',*,*,#3470,.F.);
#3470 = EDGE_CURVE('',#3393,#3463,#3471,.T.);
#3471 = B_SPLINE_CURVE_WITH_KNOTS('',1,(#3472,#3473),.UNSPECIFIED.,.F.,
  .F.,(2,2),(0.,4.385241571817E-02),.PIECEWISE_BEZIER_KNOTS.);
#3472 = CARTESIAN_POINT('',(-3.894857485925,18.3858362276,0.));
#3473 = CARTESIAN_POINT('',(-3.885769465765,18.342935851682,0.));
#3474 = SURFACE_OF_LINEAR_EXTRUSION('',#3475,#3478);
#3475 = B_SPLINE_CURVE_WITH_KNOTS('',1,(#3476,#3477),.UNSPECIFIED.,.F.,
  .F.,(2,2),(0.,4.385241571817E-02),.PIECEWISE_BEZIER_KNOTS.);
#3476 = CARTESIAN_POINT('',(-3.894857485925,18.3858362276,0.));
#3477 = CARTESIAN_POINT('',(-3.885769465765,18.342935851682,0.));
#3478 = VECTOR('',#3479,1.);
#3479 = DIRECTION('',(-0.,-0.,-1.));
#3480 = ADVANCED_FACE('',(#3481),#3504,.F.);
#3481 = FACE_BOUND('',#3482,.F.);
#3482 = EDGE_LOOP('',(#3483,#3484,#3491,#3499));
#3483 = ORIENTED_EDGE('',*,*,#3462,.T.);
#3484 = ORIENTED_EDGE('',*,*,#3485,.T.);
#3485 = EDGE_CURVE('',#3456,#3486,#3488,.T.);
#3486 = VERTEX_POINT('',#3487);
#3487 = CARTESIAN_POINT('',(-4.865272668507,18.107777938253,10.));
#3488 = B_SPLINE_CURVE_WITH_KNOTS('',1,(#3489,#3490),.UNSPECIFIED.,.F.,
  .F.,(2,2),(0.,1.007335975944),.PIECEWISE_BEZIER_KNOTS.);
#3489 = CARTESIAN_POINT('',(-3.885769465765,18.342935851682,10.));
#3490 = CARTESIAN_POINT('',(-4.865272668507,18.107777938253,10.));
#3491 = ORIENTED_EDGE('',*,*,#3492,.F.);
#3492 = EDGE_CURVE('',#3493,#3486,#3495,.T.);
#3493 = VERTEX_POINT('',#3494);
#3494 = CARTESIAN_POINT('',(-4.865272668507,18.107777938253,0.));
#3495 = LINE('',#3496,#3497);
#3496 = CARTESIAN_POINT('',(-4.865272668507,18.107777938253,0.));
#3497 = VECTOR('',#3498,1.);
#3498 = DIRECTION('',(0.,0.,1.));
#3499 = ORIENTED_EDGE('',*,*,#3500,.F.);
#3500 = EDGE_CURVE('',#3463,#3493,#3501,.T.);
#3501 = B_SPLINE_CURVE_WITH_KNOTS('',1,(#3502,#3503),.UNSPECIFIED.,.F.,
  .F.,(2,2),(0.,1.007335975944),.PIECEWISE_BEZIER_KNOTS.);
#3502 = CARTESIAN_POINT('',(-3.885769465765,18.342935851682,0.));
#3503 = CARTESIAN_POINT('',(-4.865272668507,18.107777938253,0.));
#3504 = SURFACE_OF_LINEAR_EXTRUSION('',#3505,#3508);
#3505 = B_SPLINE_CURVE_WITH_KNOTS('',1,(#3506,#3507),.UNSPECIFIED.,.F.,
  .F.,(2,2),(0.,1.007335975944),.PIECEWISE_BEZIER_KNOTS.);
#3506 = CARTESIAN_POINT('',(-3.885769465765,18.342935851682,0.));
#3507 = CARTESIAN_POINT('',(-4.865272668507,18.107777938253,0.));
#3508 = VECTOR('',#3509,1.);
#3509 = DIRECTION('',(-0.,-0.,-1.));
#3510 = ADVANCED_FACE('',(#3511),#3534,.F.);
#3511 = FACE_BOUND('',#3512,.F.);
#3512 = EDGE_LOOP('',(#3513,#3514,#3521,#3529));
#3513 = ORIENTED_EDGE('',*,*,#3492,.T.);
#3514 = ORIENTED_EDGE('',*,*,#3515,.T.);
#3515 = EDGE_CURVE('',#3486,#3516,#3518,.T.);
#3516 = VERTEX_POINT('',#3517);
#3517 = CARTESIAN_POINT('',(-4.876651546355,18.1501283279,10.));
#3518 = B_SPLINE_CURVE_WITH_KNOTS('',1,(#3519,#3520),.UNSPECIFIED.,.F.,
  .F.,(2,2),(0.,4.385241571817E-02),.PIECEWISE_BEZIER_KNOTS.);
#3519 = CARTESIAN_POINT('',(-4.865272668507,18.107777938253,10.));
#3520 = CARTESIAN_POINT('',(-4.876651546355,18.1501283279,10.));
#3521 = ORIENTED_EDGE('',*,*,#3522,.F.);
#3522 = EDGE_CURVE('',#3523,#3516,#3525,.T.);
#3523 = VERTEX_POINT('',#3524);
#3524 = CARTESIAN_POINT('',(-4.876651546355,18.1501283279,0.));
#3525 = LINE('',#3526,#3527);
#3526 = CARTESIAN_POINT('',(-4.876651546355,18.1501283279,0.));
#3527 = VECTOR('',#3528,1.);
#3528 = DIRECTION('',(0.,0.,1.));
#3529 = ORIENTED_EDGE('',*,*,#3530,.F.);
#3530 = EDGE_CURVE('',#3493,#3523,#3531,.T.);
#3531 = B_SPLINE_CURVE_WITH_KNOTS('',1,(#3532,#3533),.UNSPECIFIED.,.F.,
  .F.,(2,2),(0.,4.385241571817E-02),.PIECEWISE_BEZIER_KNOTS.);
#3532 = CARTESIAN_POINT('',(-4.865272668507,18.107777938253,0.));
#3533 = CARTESIAN_POINT('',(-4.876651546355,18.1501283279,0.));
#3534 = SURFACE_OF_LINEAR_EXTRUSION('',#3535,#3538);
#3535 = B_SPLINE_CURVE_WITH_KNOTS('',1,(#3536,#3537),.UNSPECIFIED.,.F.,
  .F.,(2,2),(0.,4.385241571817E-02),.PIECEWISE_BEZIER_KNOTS.);
#3536 = CARTESIAN_POINT('',(-4.865272668507,18.107777938253,0.));
#3537 = CARTESIAN_POINT('',(-4.876651546355,18.1501283279,0.));
#3538 = VECTOR('',#3539,1.);
#3539 = DIRECTION('',(-0.,-0.,-1.));
#3540 = ADVANCED_FACE('',(#3541),#3604,.F.);
#3541 = FACE_BOUND('',#3542,.F.);
#3542 = EDGE_LOOP('',(#3543,#3544,#3571,#3579));
#3543 = ORIENTED_EDGE('',*,*,#3522,.T.);
#3544 = ORIENTED_EDGE('',*,*,#3545,.T.);
#3545 = EDGE_CURVE('',#3516,#3546,#3548,.T.);
#3546 = VERTEX_POINT('',#3547);
#3547 = CARTESIAN_POINT('',(-6.176791828074,20.07105484803,10.));
#3548 = B_SPLINE_CURVE_WITH_KNOTS('',3,(#3549,#3550,#3551,#3552,#3553,
    #3554,#3555,#3556,#3557,#3558,#3559,#3560,#3561,#3562,#3563,#3564,
    #3565,#3566,#3567,#3568,#3569,#3570),.UNSPECIFIED.,.F.,.F.,(4,1,1,1,
    1,1,1,1,1,1,1,1,1,1,1,1,1,1,1,4),(0.,6.469775801205E-03,
    2.587893822125E-02,5.822752025674E-02,0.103515526622,0.161742958887,
    0.232909817767,0.317016103646,0.414061816756,0.524046957245,
    0.646971525216,0.782835520741,0.931638943874,1.093381794658,
    1.268064073122,1.455685779293,1.656246913191,1.869747474833,
    2.096187464232,2.335566881401),.UNSPECIFIED.);
#3549 = CARTESIAN_POINT('',(-4.876651546355,18.1501283279,10.));
#3550 = CARTESIAN_POINT('',(-4.877233011925,18.152205212276,10.));
#3551 = CARTESIAN_POINT('',(-4.879617631074,18.160495395552,10.));
#3552 = CARTESIAN_POINT('',(-4.885488434094,18.178998884517,10.));
#3553 = CARTESIAN_POINT('',(-4.8959737572,18.209603507506,10.));
#3554 = CARTESIAN_POINT('',(-4.911773097426,18.252052380887,10.));
#3555 = CARTESIAN_POINT('',(-4.933478498676,18.306089728976,10.));
#3556 = CARTESIAN_POINT('',(-4.961718723202,18.371422594114,10.));
#3557 = CARTESIAN_POINT('',(-4.997092678888,18.447738721919,10.));
#3558 = CARTESIAN_POINT('',(-5.040194092291,18.534700162976,10.));
#3559 = CARTESIAN_POINT('',(-5.09160130836,18.631946197843,10.));
#3560 = CARTESIAN_POINT('',(-5.151879675518,18.739092939403,10.));
#3561 = CARTESIAN_POINT('',(-5.221579661435,18.855734103545,10.));
#3562 = CARTESIAN_POINT('',(-5.301236408342,18.981441426737,10.));
#3563 = CARTESIAN_POINT('',(-5.391368855817,19.115765229016,10.));
#3564 = CARTESIAN_POINT('',(-5.492478998297,19.258234971044,10.));
#3565 = CARTESIAN_POINT('',(-5.605051236435,19.408359815356,10.));
#3566 = CARTESIAN_POINT('',(-5.72955126345,19.565629342022,10.));
#3567 = CARTESIAN_POINT('',(-5.866427022837,19.729513735544,10.));
#3568 = CARTESIAN_POINT('',(-6.016101261541,19.89946626247,10.));
#3569 = CARTESIAN_POINT('',(-6.121764308537,20.013271837289,10.));
#3570 = CARTESIAN_POINT('',(-6.176791828074,20.07105484803,10.));
#3571 = ORIENTED_EDGE('',*,*,#3572,.F.);
#3572 = EDGE_CURVE('',#3573,#3546,#3575,.T.);
#3573 = VERTEX_POINT('',#3574);
#3574 = CARTESIAN_POINT('',(-6.176791828074,20.07105484803,0.));
#3575 = LINE('',#3576,#3577);
#3576 = CARTESIAN_POINT('',(-6.176791828074,20.07105484803,0.));
#3577 = VECTOR('',#3578,1.);
#3578 = DIRECTION('',(0.,0.,1.));
#3579 = ORIENTED_EDGE('',*,*,#3580,.F.);
#3580 = EDGE_CURVE('',#3523,#3573,#3581,.T.);
#3581 = B_SPLINE_CURVE_WITH_KNOTS('',3,(#3582,#3583,#3584,#3585,#3586,
    #3587,#3588,#3589,#3590,#3591,#3592,#3593,#3594,#3595,#3596,#3597,
    #3598,#3599,#3600,#3601,#3602,#3603),.UNSPECIFIED.,.F.,.F.,(4,1,1,1,
    1,1,1,1,1,1,1,1,1,1,1,1,1,1,1,4),(0.,6.469775801205E-03,
    2.587893822125E-02,5.822752025674E-02,0.103515526622,0.161742958887,
    0.232909817767,0.317016103646,0.414061816756,0.524046957245,
    0.646971525216,0.782835520741,0.931638943874,1.093381794658,
    1.268064073122,1.455685779293,1.656246913191,1.869747474833,
    2.096187464232,2.335566881401),.UNSPECIFIED.);
#3582 = CARTESIAN_POINT('',(-4.876651546355,18.1501283279,0.));
#3583 = CARTESIAN_POINT('',(-4.877233011925,18.152205212276,0.));
#3584 = CARTESIAN_POINT('',(-4.879617631074,18.160495395552,0.));
#3585 = CARTESIAN_POINT('',(-4.885488434094,18.178998884517,0.));
#3586 = CARTESIAN_POINT('',(-4.8959737572,18.209603507506,0.));
#3587 = CARTESIAN_POINT('',(-4.911773097426,18.252052380887,0.));
#3588 = CARTESIAN_POINT('',(-4.933478498676,18.306089728976,0.));
#3589 = CARTESIAN_POINT('',(-4.961718723202,18.371422594114,0.));
#3590 = CARTESIAN_POINT('',(-4.997092678888,18.447738721919,0.));
#3591 = CARTESIAN_POINT('',(-5.040194092291,18.534700162976,0.));
#3592 = CARTESIAN_POINT('',(-5.09160130836,18.631946197843,0.));
#3593 = CARTESIAN_POINT('',(-5.151879675518,18.739092939403,0.));
#3594 = CARTESIAN_POINT('',(-5.221579661435,18.855734103545,0.));
#3595 = CARTESIAN_POINT('',(-5.301236408342,18.981441426737,0.));
#3596 = CARTESIAN_POINT('',(-5.391368855817,19.115765229016,0.));
#3597 = CARTESIAN_POINT('',(-5.492478998297,19.258234971044,0.));
#3598 = CARTESIAN_POINT('',(-5.605051236435,19.408359815356,0.));
#3599 = CARTESIAN_POINT('',(-5.72955126345,19.565629342022,0.));
#3600 = CARTESIAN_POINT('',(-5.866427022837,19.729513735544,0.));
#3601 = CARTESIAN_POINT('',(-6.016101261541,19.89946626247,0.));
#3602 = CARTESIAN_POINT('',(-6.121764308537,20.013271837289,0.));
#3603 = CARTESIAN_POINT('',(-6.176791828074,20.07105484803,0.));
#3604 = SURFACE_OF_LINEAR_EXTRUSION('',#3605,#3628);
#3605 = B_SPLINE_CURVE_WITH_KNOTS('',3,(#3606,#3607,#3608,#3609,#3610,
    #3611,#3612,#3613,#3614,#3615,#3616,#3617,#3618,#3619,#3620,#3621,
    #3622,#3623,#3624,#3625,#3626,#3627),.UNSPECIFIED.,.F.,.F.,(4,1,1,1,
    1,1,1,1,1,1,1,1,1,1,1,1,1,1,1,4),(0.,6.469775801205E-03,
    2.587893822125E-02,5.822752025674E-02,0.103515526622,0.161742958887,
    0.232909817767,0.317016103646,0.414061816756,0.524046957245,
    0.646971525216,0.782835520741,0.931638943874,1.093381794658,
    1.268064073122,1.455685779293,1.656246913191,1.869747474833,
    2.096187464232,2.335566881401),.UNSPECIFIED.);
#3606 = CARTESIAN_POINT('',(-4.876651546355,18.1501283279,0.));
#3607 = CARTESIAN_POINT('',(-4.877233011925,18.152205212276,0.));
#3608 = CARTESIAN_POINT('',(-4.879617631074,18.160495395552,0.));
#3609 = CARTESIAN_POINT('',(-4.885488434094,18.178998884517,0.));
#3610 = CARTESIAN_POINT('',(-4.8959737572,18.209603507506,0.));
#3611 = CARTESIAN_POINT('',(-4.911773097426,18.252052380887,0.));
#3612 = CARTESIAN_POINT('',(-4.933478498676,18.306089728976,0.));
#3613 = CARTESIAN_POINT('',(-4.961718723202,18.371422594114,0.));
#3614 = CARTESIAN_POINT('',(-4.997092678888,18.447738721919,0.));
#3615 = CARTESIAN_POINT('',(-5.040194092291,18.534700162976,0.));
#3616 = CARTESIAN_POINT('',(-5.09160130836,18.631946197843,0.));
#3617 = CARTESIAN_POINT('',(-5.151879675518,18.739092939403,0.));
#3618 = CARTESIAN_POINT('',(-5.221579661435,18.855734103545,0.));
#3619 = CARTESIAN_POINT('',(-5.301236408342,18.981441426737,0.));
#3620 = CARTESIAN_POINT('',(-5.391368855817,19.115765229016,0.));
#3621 = CARTESIAN_POINT('',(-5.492478998297,19.258234971044,0.));
#3622 = CARTESIAN_POINT('',(-5.605051236435,19.408359815356,0.));
#3623 = CARTESIAN_POINT('',(-5.72955126345,19.565629342022,0.));
#3624 = CARTESIAN_POINT('',(-5.866427022837,19.729513735544,0.));
#3625 = CARTESIAN_POINT('',(-6.016101261541,19.89946626247,0.));
#3626 = CARTESIAN_POINT('',(-6.121764308537,20.013271837289,0.));
#3627 = CARTESIAN_POINT('',(-6.176791828074,20.07105484803,0.));
#3628 = VECTOR('',#3629,1.);
#3629 = DIRECTION('',(-0.,-0.,-1.));
#3630 = ADVANCED_FACE('',(#3631),#3654,.F.);
#3631 = FACE_BOUND('',#3632,.F.);
#3632 = EDGE_LOOP('',(#3633,#3634,#3641,#3649));
#3633 = ORIENTED_EDGE('',*,*,#3572,.T.);
#3634 = ORIENTED_EDGE('',*,*,#3635,.T.);
#3635 = EDGE_CURVE('',#3546,#3636,#3638,.T.);
#3636 = VERTEX_POINT('',#3637);
#3637 = CARTESIAN_POINT('',(-6.800340477997,19.868451610111,10.));
#3638 = B_SPLINE_CURVE_WITH_KNOTS('',1,(#3639,#3640),.UNSPECIFIED.,.F.,
  .F.,(2,2),(0.,0.655637850368),.PIECEWISE_BEZIER_KNOTS.);
#3639 = CARTESIAN_POINT('',(-6.176791828074,20.07105484803,10.));
#3640 = CARTESIAN_POINT('',(-6.800340477997,19.868451610111,10.));
#3641 = ORIENTED_EDGE('',*,*,#3642,.F.);
#3642 = EDGE_CURVE('',#3643,#3636,#3645,.T.);
#3643 = VERTEX_POINT('',#3644);
#3644 = CARTESIAN_POINT('',(-6.800340477997,19.868451610111,0.));
#3645 = LINE('',#3646,#3647);
#3646 = CARTESIAN_POINT('',(-6.800340477997,19.868451610111,0.));
#3647 = VECTOR('',#3648,1.);
#3648 = DIRECTION('',(0.,0.,1.));
#3649 = ORIENTED_EDGE('',*,*,#3650,.F.);
#3650 = EDGE_CURVE('',#3573,#3643,#3651,.T.);
#3651 = B_SPLINE_CURVE_WITH_KNOTS('',1,(#3652,#3653),.UNSPECIFIED.,.F.,
  .F.,(2,2),(0.,0.655637850368),.PIECEWISE_BEZIER_KNOTS.);
#3652 = CARTESIAN_POINT('',(-6.176791828074,20.07105484803,0.));
#3653 = CARTESIAN_POINT('',(-6.800340477997,19.868451610111,0.));
#3654 = SURFACE_OF_LINEAR_EXTRUSION('',#3655,#3658);
#3655 = B_SPLINE_CURVE_WITH_KNOTS('',1,(#3656,#3657),.UNSPECIFIED.,.F.,
  .F.,(2,2),(0.,0.655637850368),.PIECEWISE_BEZIER_KNOTS.);
#3656 = CARTESIAN_POINT('',(-6.176791828074,20.07105484803,0.));
#3657 = CARTESIAN_POINT('',(-6.800340477997,19.868451610111,0.));
#3658 = VECTOR('',#3659,1.);
#3659 = DIRECTION('',(-0.,-0.,-1.));
#3660 = ADVANCED_FACE('',(#3661),#3724,.F.);
#3661 = FACE_BOUND('',#3662,.F.);
#3662 = EDGE_LOOP('',(#3663,#3664,#3691,#3699));
#3663 = ORIENTED_EDGE('',*,*,#3642,.T.);
#3664 = ORIENTED_EDGE('',*,*,#3665,.T.);
#3665 = EDGE_CURVE('',#3636,#3666,#3668,.T.);
#3666 = VERTEX_POINT('',#3667);
#3667 = CARTESIAN_POINT('',(-6.72308378171,17.550186126874,10.));
#3668 = B_SPLINE_CURVE_WITH_KNOTS('',3,(#3669,#3670,#3671,#3672,#3673,
    #3674,#3675,#3676,#3677,#3678,#3679,#3680,#3681,#3682,#3683,#3684,
    #3685,#3686,#3687,#3688,#3689,#3690),.UNSPECIFIED.,.F.,.F.,(4,1,1,1,
    1,1,1,1,1,1,1,1,1,1,1,1,1,1,1,4),(0.,0.239379417168,0.465819406568,
    0.67931996821,0.879881102108,1.067502808279,1.242185086743,
    1.403927937526,1.55273136066,1.688595356185,1.811519924156,
    1.921505064645,2.018550777754,2.102657063634,2.173823922514,
    2.232051354779,2.277339361144,2.309687943179,2.329097105599,
    2.335566881401),.UNSPECIFIED.);
#3669 = CARTESIAN_POINT('',(-6.800340477997,19.868451610111,10.));
#3670 = CARTESIAN_POINT('',(-6.810894674914,19.789359807981,10.));
#3671 = CARTESIAN_POINT('',(-6.829484637105,19.635181983161,10.));
#3672 = CARTESIAN_POINT('',(-6.850678050919,19.409711190483,10.));
#3673 = CARTESIAN_POINT('',(-6.865084036788,19.196672378247,10.));
#3674 = CARTESIAN_POINT('',(-6.873365966034,18.996259378687,10.));
#3675 = CARTESIAN_POINT('',(-6.876197650293,18.808637526966,10.));
#3676 = CARTESIAN_POINT('',(-6.874255860601,18.633946033874,10.));
#3677 = CARTESIAN_POINT('',(-6.868220992341,18.472297271702,10.));
#3678 = CARTESIAN_POINT('',(-6.858775743629,18.323776849846,10.));
#3679 = CARTESIAN_POINT('',(-6.84660426065,18.188443542003,10.));
#3680 = CARTESIAN_POINT('',(-6.832391209554,18.066329271941,10.));
#3681 = CARTESIAN_POINT('',(-6.816820735849,17.957439173632,10.));
#3682 = CARTESIAN_POINT('',(-6.800575859201,17.86175151481,10.));
#3683 = CARTESIAN_POINT('',(-6.784336496074,17.779218181004,10.));
#3684 = CARTESIAN_POINT('',(-6.768781623022,17.709763595318,10.));
#3685 = CARTESIAN_POINT('',(-6.754579305224,17.653288347633,10.));
#3686 = CARTESIAN_POINT('',(-6.742410418217,17.609659868495,10.));
#3687 = CARTESIAN_POINT('',(-6.732904276756,17.578737090103,10.));
#3688 = CARTESIAN_POINT('',(-6.72677777824,17.560316681641,10.));
#3689 = CARTESIAN_POINT('',(-6.723834128188,17.552208138517,10.));
#3690 = CARTESIAN_POINT('',(-6.72308378171,17.550186126874,10.));
#3691 = ORIENTED_EDGE('',*,*,#3692,.F.);
#3692 = EDGE_CURVE('',#3693,#3666,#3695,.T.);
#3693 = VERTEX_POINT('',#3694);
#3694 = CARTESIAN_POINT('',(-6.72308378171,17.550186126874,0.));
#3695 = LINE('',#3696,#3697);
#3696 = CARTESIAN_POINT('',(-6.72308378171,17.550186126874,0.));
#3697 = VECTOR('',#3698,1.);
#3698 = DIRECTION('',(0.,0.,1.));
#3699 = ORIENTED_EDGE('',*,*,#3700,.F.);
#3700 = EDGE_CURVE('',#3643,#3693,#3701,.T.);
#3701 = B_SPLINE_CURVE_WITH_KNOTS('',3,(#3702,#3703,#3704,#3705,#3706,
    #3707,#3708,#3709,#3710,#3711,#3712,#3713,#3714,#3715,#3716,#3717,
    #3718,#3719,#3720,#3721,#3722,#3723),.UNSPECIFIED.,.F.,.F.,(4,1,1,1,
    1,1,1,1,1,1,1,1,1,1,1,1,1,1,1,4),(0.,0.239379417168,0.465819406568,
    0.67931996821,0.879881102108,1.067502808279,1.242185086743,
    1.403927937526,1.55273136066,1.688595356185,1.811519924156,
    1.921505064645,2.018550777754,2.102657063634,2.173823922514,
    2.232051354779,2.277339361144,2.309687943179,2.329097105599,
    2.335566881401),.UNSPECIFIED.);
#3702 = CARTESIAN_POINT('',(-6.800340477997,19.868451610111,0.));
#3703 = CARTESIAN_POINT('',(-6.810894674914,19.789359807981,0.));
#3704 = CARTESIAN_POINT('',(-6.829484637105,19.635181983161,0.));
#3705 = CARTESIAN_POINT('',(-6.850678050919,19.409711190483,0.));
#3706 = CARTESIAN_POINT('',(-6.865084036788,19.196672378247,0.));
#3707 = CARTESIAN_POINT('',(-6.873365966034,18.996259378687,0.));
#3708 = CARTESIAN_POINT('',(-6.876197650293,18.808637526966,0.));
#3709 = CARTESIAN_POINT('',(-6.874255860601,18.633946033874,0.));
#3710 = CARTESIAN_POINT('',(-6.868220992341,18.472297271702,0.));
#3711 = CARTESIAN_POINT('',(-6.858775743629,18.323776849846,0.));
#3712 = CARTESIAN_POINT('',(-6.84660426065,18.188443542003,0.));
#3713 = CARTESIAN_POINT('',(-6.832391209554,18.066329271941,0.));
#3714 = CARTESIAN_POINT('',(-6.816820735849,17.957439173632,0.));
#3715 = CARTESIAN_POINT('',(-6.800575859201,17.86175151481,0.));
#3716 = CARTESIAN_POINT('',(-6.784336496074,17.779218181004,0.));
#3717 = CARTESIAN_POINT('',(-6.768781623022,17.709763595318,0.));
#3718 = CARTESIAN_POINT('',(-6.754579305224,17.653288347633,0.));
#3719 = CARTESIAN_POINT('',(-6.742410418217,17.609659868495,0.));
#3720 = CARTESIAN_POINT('',(-6.732904276756,17.578737090103,0.));
#3721 = CARTESIAN_POINT('',(-6.72677777824,17.560316681641,0.));
#3722 = CARTESIAN_POINT('',(-6.723834128188,17.552208138517,0.));
#3723 = CARTESIAN_POINT('',(-6.72308378171,17.550186126874,0.));
#3724 = SURFACE_OF_LINEAR_EXTRUSION('',#3725,#3748);
#3725 = B_SPLINE_CURVE_WITH_KNOTS('',3,(#3726,#3727,#3728,#3729,#3730,
    #3731,#3732,#3733,#3734,#3735,#3736,#3737,#3738,#3739,#3740,#3741,
    #3742,#3743,#3744,#3745,#3746,#3747),.UNSPECIFIED.,.F.,.F.,(4,1,1,1,
    1,1,1,1,1,1,1,1,1,1,1,1,1,1,1,4),(0.,0.239379417168,0.465819406568,
    0.67931996821,0.879881102108,1.067502808279,1.242185086743,
    1.403927937526,1.55273136066,1.688595356185,1.811519924156,
    1.921505064645,2.018550777754,2.102657063634,2.173823922514,
    2.232051354779,2.277339361144,2.309687943179,2.329097105599,
    2.335566881401),.UNSPECIFIED.);
#3726 = CARTESIAN_POINT('',(-6.800340477997,19.868451610111,0.));
#3727 = CARTESIAN_POINT('',(-6.810894674914,19.789359807981,0.));
#3728 = CARTESIAN_POINT('',(-6.829484637105,19.635181983161,0.));
#3729 = CARTESIAN_POINT('',(-6.850678050919,19.409711190483,0.));
#3730 = CARTESIAN_POINT('',(-6.865084036788,19.196672378247,0.));
#3731 = CARTESIAN_POINT('',(-6.873365966034,18.996259378687,0.));
#3732 = CARTESIAN_POINT('',(-6.876197650293,18.808637526966,0.));
#3733 = CARTESIAN_POINT('',(-6.874255860601,18.633946033874,0.));
#3734 = CARTESIAN_POINT('',(-6.868220992341,18.472297271702,0.));
#3735 = CARTESIAN_POINT('',(-6.858775743629,18.323776849846,0.));
#3736 = CARTESIAN_POINT('',(-6.84660426065,18.188443542003,0.));
#3737 = CARTESIAN_POINT('',(-6.832391209554,18.066329271941,0.));
#3738 = CARTESIAN_POINT('',(-6.816820735849,17.957439173632,0.));
#3739 = CARTESIAN_POINT('',(-6.800575859201,17.86175151481,0.));
#3740 = CARTESIAN_POINT('',(-6.784336496074,17.779218181004,0.));
#3741 = CARTESIAN_POINT('',(-6.768781623022,17.709763595318,0.));
#3742 = CARTESIAN_POINT('',(-6.754579305224,17.653288347633,0.));
#3743 = CARTESIAN_POINT('',(-6.742410418217,17.609659868495,0.));
#3744 = CARTESIAN_POINT('',(-6.732904276756,17.578737090103,0.));
#3745 = CARTESIAN_POINT('',(-6.72677777824,17.560316681641,0.));
#3746 = CARTESIAN_POINT('',(-6.723834128188,17.552208138517,0.));
#3747 = CARTESIAN_POINT('',(-6.72308378171,17.550186126874,0.));
#3748 = VECTOR('',#3749,1.);
#3749 = DIRECTION('',(-0.,-0.,-1.));
#3750 = ADVANCED_FACE('',(#3751),#3774,.F.);
#3751 = FACE_BOUND('',#3752,.F.);
#3752 = EDGE_LOOP('',(#3753,#3754,#3761,#3769));
#3753 = ORIENTED_EDGE('',*,*,#3692,.T.);
#3754 = ORIENTED_EDGE('',*,*,#3755,.T.);
#3755 = EDGE_CURVE('',#3666,#3756,#3758,.T.);
#3756 = VERTEX_POINT('',#3757);
#3757 = CARTESIAN_POINT('',(-6.707396552802,17.509235605344,10.));
#3758 = B_SPLINE_CURVE_WITH_KNOTS('',1,(#3759,#3760),.UNSPECIFIED.,.F.,
  .F.,(2,2),(0.,4.385241571817E-02),.PIECEWISE_BEZIER_KNOTS.);
#3759 = CARTESIAN_POINT('',(-6.72308378171,17.550186126874,10.));
#3760 = CARTESIAN_POINT('',(-6.707396552802,17.509235605344,10.));
#3761 = ORIENTED_EDGE('',*,*,#3762,.F.);
#3762 = EDGE_CURVE('',#3763,#3756,#3765,.T.);
#3763 = VERTEX_POINT('',#3764);
#3764 = CARTESIAN_POINT('',(-6.707396552802,17.509235605344,0.));
#3765 = LINE('',#3766,#3767);
#3766 = CARTESIAN_POINT('',(-6.707396552802,17.509235605344,0.));
#3767 = VECTOR('',#3768,1.);
#3768 = DIRECTION('',(0.,0.,1.));
#3769 = ORIENTED_EDGE('',*,*,#3770,.F.);
#3770 = EDGE_CURVE('',#3693,#3763,#3771,.T.);
#3771 = B_SPLINE_CURVE_WITH_KNOTS('',1,(#3772,#3773),.UNSPECIFIED.,.F.,
  .F.,(2,2),(0.,4.385241571817E-02),.PIECEWISE_BEZIER_KNOTS.);
#3772 = CARTESIAN_POINT('',(-6.72308378171,17.550186126874,0.));
#3773 = CARTESIAN_POINT('',(-6.707396552802,17.509235605344,0.));
#3774 = SURFACE_OF_LINEAR_EXTRUSION('',#3775,#3778);
#3775 = B_SPLINE_CURVE_WITH_KNOTS('',1,(#3776,#3777),.UNSPECIFIED.,.F.,
  .F.,(2,2),(0.,4.385241571817E-02),.PIECEWISE_BEZIER_KNOTS.);
#3776 = CARTESIAN_POINT('',(-6.72308378171,17.550186126874,0.));
#3777 = CARTESIAN_POINT('',(-6.707396552802,17.509235605344,0.));
#3778 = VECTOR('',#3779,1.);
#3779 = DIRECTION('',(-0.,-0.,-1.));
#3780 = ADVANCED_FACE('',(#3781),#3804,.F.);
#3781 = FACE_BOUND('',#3782,.F.);
#3782 = EDGE_LOOP('',(#3783,#3784,#3791,#3799));
#3783 = ORIENTED_EDGE('',*,*,#3762,.T.);
#3784 = ORIENTED_EDGE('',*,*,#3785,.T.);
#3785 = EDGE_CURVE('',#3756,#3786,#3788,.T.);
#3786 = VERTEX_POINT('',#3787);
#3787 = CARTESIAN_POINT('',(-7.638053643338,17.123744816526,10.));
#3788 = B_SPLINE_CURVE_WITH_KNOTS('',1,(#3789,#3790),.UNSPECIFIED.,.F.,
  .F.,(2,2),(0.,1.007335975944),.PIECEWISE_BEZIER_KNOTS.);
#3789 = CARTESIAN_POINT('',(-6.707396552802,17.509235605344,10.));
#3790 = CARTESIAN_POINT('',(-7.638053643338,17.123744816526,10.));
#3791 = ORIENTED_EDGE('',*,*,#3792,.F.);
#3792 = EDGE_CURVE('',#3793,#3786,#3795,.T.);
#3793 = VERTEX_POINT('',#3794);
#3794 = CARTESIAN_POINT('',(-7.638053643338,17.123744816526,0.));
#3795 = LINE('',#3796,#3797);
#3796 = CARTESIAN_POINT('',(-7.638053643338,17.123744816526,0.));
#3797 = VECTOR('',#3798,1.);
#3798 = DIRECTION('',(0.,0.,1.));
#3799 = ORIENTED_EDGE('',*,*,#3800,.F.);
#3800 = EDGE_CURVE('',#3763,#3793,#3801,.T.);
#3801 = B_SPLINE_CURVE_WITH_KNOTS('',1,(#3802,#3803),.UNSPECIFIED.,.F.,
  .F.,(2,2),(0.,1.007335975944),.PIECEWISE_BEZIER_KNOTS.);
#3802 = CARTESIAN_POINT('',(-6.707396552802,17.509235605344,0.));
#3803 = CARTESIAN_POINT('',(-7.638053643338,17.123744816526,0.));
#3804 = SURFACE_OF_LINEAR_EXTRUSION('',#3805,#3808);
#3805 = B_SPLINE_CURVE_WITH_KNOTS('',1,(#3806,#3807),.UNSPECIFIED.,.F.,
  .F.,(2,2),(0.,1.007335975944),.PIECEWISE_BEZIER_KNOTS.);
#3806 = CARTESIAN_POINT('',(-6.707396552802,17.509235605344,0.));
#3807 = CARTESIAN_POINT('',(-7.638053643338,17.123744816526,0.));
#3808 = VECTOR('',#3809,1.);
#3809 = DIRECTION('',(-0.,-0.,-1.));
#3810 = ADVANCED_FACE('',(#3811),#3834,.F.);
#3811 = FACE_BOUND('',#3812,.F.);
#3812 = EDGE_LOOP('',(#3813,#3814,#3821,#3829));
#3813 = ORIENTED_EDGE('',*,*,#3792,.T.);
#3814 = ORIENTED_EDGE('',*,*,#3815,.T.);
#3815 = EDGE_CURVE('',#3786,#3816,#3818,.T.);
#3816 = VERTEX_POINT('',#3817);
#3817 = CARTESIAN_POINT('',(-7.655917488866,17.163793753931,10.));
#3818 = B_SPLINE_CURVE_WITH_KNOTS('',1,(#3819,#3820),.UNSPECIFIED.,.F.,
  .F.,(2,2),(0.,4.385241571817E-02),.PIECEWISE_BEZIER_KNOTS.);
#3819 = CARTESIAN_POINT('',(-7.638053643338,17.123744816526,10.));
#3820 = CARTESIAN_POINT('',(-7.655917488866,17.163793753931,10.));
#3821 = ORIENTED_EDGE('',*,*,#3822,.F.);
#3822 = EDGE_CURVE('',#3823,#3816,#3825,.T.);
#3823 = VERTEX_POINT('',#3824);
#3824 = CARTESIAN_POINT('',(-7.655917488866,17.163793753931,0.));
#3825 = LINE('',#3826,#3827);
#3826 = CARTESIAN_POINT('',(-7.655917488866,17.163793753931,0.));
#3827 = VECTOR('',#3828,1.);
#3828 = DIRECTION('',(0.,0.,1.));
#3829 = ORIENTED_EDGE('',*,*,#3830,.F.);
#3830 = EDGE_CURVE('',#3793,#3823,#3831,.T.);
#3831 = B_SPLINE_CURVE_WITH_KNOTS('',1,(#3832,#3833),.UNSPECIFIED.,.F.,
  .F.,(2,2),(0.,4.385241571817E-02),.PIECEWISE_BEZIER_KNOTS.);
#3832 = CARTESIAN_POINT('',(-7.638053643338,17.123744816526,0.));
#3833 = CARTESIAN_POINT('',(-7.655917488866,17.163793753931,0.));
#3834 = SURFACE_OF_LINEAR_EXTRUSION('',#3835,#3838);
#3835 = B_SPLINE_CURVE_WITH_KNOTS('',1,(#3836,#3837),.UNSPECIFIED.,.F.,
  .F.,(2,2),(0.,4.385241571817E-02),.PIECEWISE_BEZIER_KNOTS.);
#3836 = CARTESIAN_POINT('',(-7.638053643338,17.123744816526,0.));
#3837 = CARTESIAN_POINT('',(-7.655917488866,17.163793753931,0.));
#3838 = VECTOR('',#3839,1.);
#3839 = DIRECTION('',(-0.,-0.,-1.));
#3840 = ADVANCED_FACE('',(#3841),#3904,.F.);
#3841 = FACE_BOUND('',#3842,.F.);
#3842 = EDGE_LOOP('',(#3843,#3844,#3871,#3879));
#3843 = ORIENTED_EDGE('',*,*,#3822,.T.);
#3844 = ORIENTED_EDGE('',*,*,#3845,.T.);
#3845 = EDGE_CURVE('',#3816,#3846,#3848,.T.);
#3846 = VERTEX_POINT('',#3847);
#3847 = CARTESIAN_POINT('',(-9.240549998817,18.857683731555,10.));
#3848 = B_SPLINE_CURVE_WITH_KNOTS('',3,(#3849,#3850,#3851,#3852,#3853,
    #3854,#3855,#3856,#3857,#3858,#3859,#3860,#3861,#3862,#3863,#3864,
    #3865,#3866,#3867,#3868,#3869,#3870),.UNSPECIFIED.,.F.,.F.,(4,1,1,1,
    1,1,1,1,1,1,1,1,1,1,1,1,1,1,1,4),(0.,6.469775801205E-03,
    2.587893822125E-02,5.822752025674E-02,0.103515526622,0.161742958887,
    0.232909817767,0.317016103646,0.414061816756,0.524046957245,
    0.646971525216,0.782835520741,0.931638943874,1.093381794658,
    1.268064073122,1.455685779293,1.656246913191,1.869747474833,
    2.096187464232,2.335566881401),.UNSPECIFIED.);
#3849 = CARTESIAN_POINT('',(-7.655917488866,17.163793753931,10.));
#3850 = CARTESIAN_POINT('',(-7.656816691927,17.165754107158,10.));
#3851 = CARTESIAN_POINT('',(-7.660468822843,17.1735691879,10.));
#3852 = CARTESIAN_POINT('',(-7.669161929933,17.190926472282,10.));
#3853 = CARTESIAN_POINT('',(-7.684305779138,17.219514035666,10.));
#3854 = CARTESIAN_POINT('',(-7.706551070066,17.258968731639,10.));
#3855 = CARTESIAN_POINT('',(-7.73644254545,17.30894531747,10.));
#3856 = CARTESIAN_POINT('',(-7.774555397758,17.369056082208,10.));
#3857 = CARTESIAN_POINT('',(-7.821432313977,17.438898926006,10.));
#3858 = CARTESIAN_POINT('',(-7.877606843968,17.518047180872,10.));
#3859 = CARTESIAN_POINT('',(-7.943593783344,17.606054095334,10.));
#3860 = CARTESIAN_POINT('',(-8.019891466973,17.702452068585,10.));
#3861 = CARTESIAN_POINT('',(-8.106980028517,17.806753706432,10.));
#3862 = CARTESIAN_POINT('',(-8.205321026542,17.918452303287,10.));
#3863 = CARTESIAN_POINT('',(-8.315356666174,18.037022535459,10.));
#3864 = CARTESIAN_POINT('',(-8.437509152896,18.161921127499,10.));
#3865 = CARTESIAN_POINT('',(-8.572180139688,18.292587508007,10.));
#3866 = CARTESIAN_POINT('',(-8.719749739046,18.428444690703,10.));
#3867 = CARTESIAN_POINT('',(-8.880577498132,18.568899309194,10.));
#3868 = CARTESIAN_POINT('',(-9.054995431219,18.713345229031,10.));
#3869 = CARTESIAN_POINT('',(-9.177160704985,18.809220326143,10.));
#3870 = CARTESIAN_POINT('',(-9.240549998817,18.857683731555,10.));
#3871 = ORIENTED_EDGE('',*,*,#3872,.F.);
#3872 = EDGE_CURVE('',#3873,#3846,#3875,.T.);
#3873 = VERTEX_POINT('',#3874);
#3874 = CARTESIAN_POINT('',(-9.240549998817,18.857683731555,0.));
#3875 = LINE('',#3876,#3877);
#3876 = CARTESIAN_POINT('',(-9.240549998817,18.857683731555,0.));
#3877 = VECTOR('',#3878,1.);
#3878 = DIRECTION('',(0.,0.,1.));
#3879 = ORIENTED_EDGE('',*,*,#3880,.F.);
#3880 = EDGE_CURVE('',#3823,#3873,#3881,.T.);
#3881 = B_SPLINE_CURVE_WITH_KNOTS('',3,(#3882,#3883,#3884,#3885,#3886,
    #3887,#3888,#3889,#3890,#3891,#3892,#3893,#3894,#3895,#3896,#3897,
    #3898,#3899,#3900,#3901,#3902,#3903),.UNSPECIFIED.,.F.,.F.,(4,1,1,1,
    1,1,1,1,1,1,1,1,1,1,1,1,1,1,1,4),(0.,6.469775801205E-03,
    2.587893822125E-02,5.822752025674E-02,0.103515526622,0.161742958887,
    0.232909817767,0.317016103646,0.414061816756,0.524046957245,
    0.646971525216,0.782835520741,0.931638943874,1.093381794658,
    1.268064073122,1.455685779293,1.656246913191,1.869747474833,
    2.096187464232,2.335566881401),.UNSPECIFIED.);
#3882 = CARTESIAN_POINT('',(-7.655917488866,17.163793753931,0.));
#3883 = CARTESIAN_POINT('',(-7.656816691927,17.165754107158,0.));
#3884 = CARTESIAN_POINT('',(-7.660468822843,17.1735691879,0.));
#3885 = CARTESIAN_POINT('',(-7.669161929933,17.190926472282,0.));
#3886 = CARTESIAN_POINT('',(-7.684305779138,17.219514035666,0.));
#3887 = CARTESIAN_POINT('',(-7.706551070066,17.258968731639,0.));
#3888 = CARTESIAN_POINT('',(-7.73644254545,17.30894531747,0.));
#3889 = CARTESIAN_POINT('',(-7.774555397758,17.369056082208,0.));
#3890 = CARTESIAN_POINT('',(-7.821432313977,17.438898926006,0.));
#3891 = CARTESIAN_POINT('',(-7.877606843968,17.518047180872,0.));
#3892 = CARTESIAN_POINT('',(-7.943593783344,17.606054095334,0.));
#3893 = CARTESIAN_POINT('',(-8.019891466973,17.702452068585,0.));
#3894 = CARTESIAN_POINT('',(-8.106980028517,17.806753706432,0.));
#3895 = CARTESIAN_POINT('',(-8.205321026542,17.918452303287,0.));
#3896 = CARTESIAN_POINT('',(-8.315356666174,18.037022535459,0.));
#3897 = CARTESIAN_POINT('',(-8.437509152896,18.161921127499,0.));
#3898 = CARTESIAN_POINT('',(-8.572180139688,18.292587508007,0.));
#3899 = CARTESIAN_POINT('',(-8.719749739046,18.428444690703,0.));
#3900 = CARTESIAN_POINT('',(-8.880577498132,18.568899309194,0.));
#3901 = CARTESIAN_POINT('',(-9.054995431219,18.713345229031,0.));
#3902 = CARTESIAN_POINT('',(-9.177160704985,18.809220326143,0.));
#3903 = CARTESIAN_POINT('',(-9.240549998817,18.857683731555,0.));
#3904 = SURFACE_OF_LINEAR_EXTRUSION('',#3905,#3928);
#3905 = B_SPLINE_CURVE_WITH_KNOTS('',3,(#3906,#3907,#3908,#3909,#3910,
    #3911,#3912,#3913,#3914,#3915,#3916,#3917,#3918,#3919,#3920,#3921,
    #3922,#3923,#3924,#3925,#3926,#3927),.UNSPECIFIED.,.F.,.F.,(4,1,1,1,
    1,1,1,1,1,1,1,1,1,1,1,1,1,1,1,4),(0.,6.469775801205E-03,
    2.587893822125E-02,5.822752025674E-02,0.103515526622,0.161742958887,
    0.232909817767,0.317016103646,0.414061816756,0.524046957245,
    0.646971525216,0.782835520741,0.931638943874,1.093381794658,
    1.268064073122,1.455685779293,1.656246913191,1.869747474833,
    2.096187464232,2.335566881401),.UNSPECIFIED.);
#3906 = CARTESIAN_POINT('',(-7.655917488866,17.163793753931,0.));
#3907 = CARTESIAN_POINT('',(-7.656816691927,17.165754107158,0.));
#3908 = CARTESIAN_POINT('',(-7.660468822843,17.1735691879,0.));
#3909 = CARTESIAN_POINT('',(-7.669161929933,17.190926472282,0.));
#3910 = CARTESIAN_POINT('',(-7.684305779138,17.219514035666,0.));
#3911 = CARTESIAN_POINT('',(-7.706551070066,17.258968731639,0.));
#3912 = CARTESIAN_POINT('',(-7.73644254545,17.30894531747,0.));
#3913 = CARTESIAN_POINT('',(-7.774555397758,17.369056082208,0.));
#3914 = CARTESIAN_POINT('',(-7.821432313977,17.438898926006,0.));
#3915 = CARTESIAN_POINT('',(-7.877606843968,17.518047180872,0.));
#3916 = CARTESIAN_POINT('',(-7.943593783344,17.606054095334,0.));
#3917 = CARTESIAN_POINT('',(-8.019891466973,17.702452068585,0.));
#3918 = CARTESIAN_POINT('',(-8.106980028517,17.806753706432,0.));
#3919 = CARTESIAN_POINT('',(-8.205321026542,17.918452303287,0.));
#3920 = CARTESIAN_POINT('',(-8.315356666174,18.037022535459,0.));
#3921 = CARTESIAN_POINT('',(-8.437509152896,18.161921127499,0.));
#3922 = CARTESIAN_POINT('',(-8.572180139688,18.292587508007,0.));
#3923 = CARTESIAN_POINT('',(-8.719749739046,18.428444690703,0.));
#3924 = CARTESIAN_POINT('',(-8.880577498132,18.568899309194,0.));
#3925 = CARTESIAN_POINT('',(-9.054995431219,18.713345229031,0.));
#3926 = CARTESIAN_POINT('',(-9.177160704985,18.809220326143,0.));
#3927 = CARTESIAN_POINT('',(-9.240549998817,18.857683731555,0.));
#3928 = VECTOR('',#3929,1.);
#3929 = DIRECTION('',(-0.,-0.,-1.));
#3930 = ADVANCED_FACE('',(#3931),#3954,.F.);
#3931 = FACE_BOUND('',#3932,.F.);
#3932 = EDGE_LOOP('',(#3933,#3934,#3941,#3949));
#3933 = ORIENTED_EDGE('',*,*,#3872,.T.);
#3934 = ORIENTED_EDGE('',*,*,#3935,.T.);
#3935 = EDGE_CURVE('',#3846,#3936,#3938,.T.);
#3936 = VERTEX_POINT('',#3937);
#3937 = CARTESIAN_POINT('',(-9.824727601,18.560030376218,10.));
#3938 = B_SPLINE_CURVE_WITH_KNOTS('',1,(#3939,#3940),.UNSPECIFIED.,.F.,
  .F.,(2,2),(0.,0.655637850368),.PIECEWISE_BEZIER_KNOTS.);
#3939 = CARTESIAN_POINT('',(-9.240549998817,18.857683731555,10.));
#3940 = CARTESIAN_POINT('',(-9.824727601,18.560030376218,10.));
#3941 = ORIENTED_EDGE('',*,*,#3942,.F.);
#3942 = EDGE_CURVE('',#3943,#3936,#3945,.T.);
#3943 = VERTEX_POINT('',#3944);
#3944 = CARTESIAN_POINT('',(-9.824727601,18.560030376218,0.));
#3945 = LINE('',#3946,#3947);
#3946 = CARTESIAN_POINT('',(-9.824727601,18.560030376218,0.));
#3947 = VECTOR('',#3948,1.);
#3948 = DIRECTION('',(0.,0.,1.));
#3949 = ORIENTED_EDGE('',*,*,#3950,.F.);
#3950 = EDGE_CURVE('',#3873,#3943,#3951,.T.);
#3951 = B_SPLINE_CURVE_WITH_KNOTS('',1,(#3952,#3953),.UNSPECIFIED.,.F.,
  .F.,(2,2),(0.,0.655637850368),.PIECEWISE_BEZIER_KNOTS.);
#3952 = CARTESIAN_POINT('',(-9.240549998817,18.857683731555,0.));
#3953 = CARTESIAN_POINT('',(-9.824727601,18.560030376218,0.));
#3954 = SURFACE_OF_LINEAR_EXTRUSION('',#3955,#3958);
#3955 = B_SPLINE_CURVE_WITH_KNOTS('',1,(#3956,#3957),.UNSPECIFIED.,.F.,
  .F.,(2,2),(0.,0.655637850368),.PIECEWISE_BEZIER_KNOTS.);
#3956 = CARTESIAN_POINT('',(-9.240549998817,18.857683731555,0.));
#3957 = CARTESIAN_POINT('',(-9.824727601,18.560030376218,0.));
#3958 = VECTOR('',#3959,1.);
#3959 = DIRECTION('',(-0.,-0.,-1.));
#3960 = ADVANCED_FACE('',(#3961),#4024,.F.);
#3961 = FACE_BOUND('',#3962,.F.);
#3962 = EDGE_LOOP('',(#3963,#3964,#3991,#3999));
#3963 = ORIENTED_EDGE('',*,*,#3942,.T.);
#3964 = ORIENTED_EDGE('',*,*,#3965,.T.);
#3965 = EDGE_CURVE('',#3936,#3966,#3968,.T.);
#3966 = VERTEX_POINT('',#3967);
#3967 = CARTESIAN_POINT('',(-9.385765442153,16.282392197975,10.));
#3968 = B_SPLINE_CURVE_WITH_KNOTS('',3,(#3969,#3970,#3971,#3972,#3973,
    #3974,#3975,#3976,#3977,#3978,#3979,#3980,#3981,#3982,#3983,#3984,
    #3985,#3986,#3987,#3988,#3989,#3990),.UNSPECIFIED.,.F.,.F.,(4,1,1,1,
    1,1,1,1,1,1,1,1,1,1,1,1,1,1,1,4),(0.,0.239379417168,0.465819406568,
    0.67931996821,0.879881102108,1.067502808279,1.242185086743,
    1.403927937526,1.55273136066,1.688595356185,1.811519924156,
    1.921505064645,2.018550777754,2.102657063634,2.173823922514,
    2.232051354779,2.277339361144,2.309687943179,2.329097105599,
    2.335566881401),.UNSPECIFIED.);
#3969 = CARTESIAN_POINT('',(-9.824727601,18.560030376218,10.));
#3970 = CARTESIAN_POINT('',(-9.822779174484,18.480261285269,10.));
#3971 = CARTESIAN_POINT('',(-9.817021537845,18.325073534526,10.));
#3972 = CARTESIAN_POINT('',(-9.802682622732,18.099063281101,10.));
#3973 = CARTESIAN_POINT('',(-9.783584634385,17.886393737468,10.));
#3974 = CARTESIAN_POINT('',(-9.760413098966,17.687152575328,10.));
#3975 = CARTESIAN_POINT('',(-9.733859396489,17.50139768693,10.));
#3976 = CARTESIAN_POINT('',(-9.704613743181,17.329160698834,10.));
#3977 = CARTESIAN_POINT('',(-9.673365736529,17.170446162553,10.));
#3978 = CARTESIAN_POINT('',(-9.640803061761,17.025231835974,10.));
#3979 = CARTESIAN_POINT('',(-9.607610636321,16.893468745153,10.));
#3980 = CARTESIAN_POINT('',(-9.574469690958,16.775081315437,10.));
#3981 = CARTESIAN_POINT('',(-9.542056751345,16.669967593655,10.));
#3982 = CARTESIAN_POINT('',(-9.511043028367,16.577999267286,10.));
#3983 = CARTESIAN_POINT('',(-9.482092540825,16.499022451858,10.));
#3984 = CARTESIAN_POINT('',(-9.455864083116,16.43285628562,10.));
#3985 = CARTESIAN_POINT('',(-9.433001944258,16.379298073936,10.));
#3986 = CARTESIAN_POINT('',(-9.414157878648,16.338110367103,10.));
#3987 = CARTESIAN_POINT('',(-9.399931385269,16.309055387581,10.));
#3988 = CARTESIAN_POINT('',(-9.390998727372,16.291820160432,10.));
#3989 = CARTESIAN_POINT('',(-9.386822862931,16.28427193525,10.));
#3990 = CARTESIAN_POINT('',(-9.385765442153,16.282392197975,10.));
#3991 = ORIENTED_EDGE('',*,*,#3992,.F.);
#3992 = EDGE_CURVE('',#3993,#3966,#3995,.T.);
#3993 = VERTEX_POINT('',#3994);
#3994 = CARTESIAN_POINT('',(-9.385765442153,16.282392197975,0.));
#3995 = LINE('',#3996,#3997);
#3996 = CARTESIAN_POINT('',(-9.385765442153,16.282392197975,0.));
#3997 = VECTOR('',#3998,1.);
#3998 = DIRECTION('',(0.,0.,1.));
#3999 = ORIENTED_EDGE('',*,*,#4000,.F.);
#4000 = EDGE_CURVE('',#3943,#3993,#4001,.T.);
#4001 = B_SPLINE_CURVE_WITH_KNOTS('',3,(#4002,#4003,#4004,#4005,#4006,
    #4007,#4008,#4009,#4010,#4011,#4012,#4013,#4014,#4015,#4016,#4017,
    #4018,#4019,#4020,#4021,#4022,#4023),.UNSPECIFIED.,.F.,.F.,(4,1,1,1,
    1,1,1,1,1,1,1,1,1,1,1,1,1,1,1,4),(0.,0.239379417168,0.465819406568,
    0.67931996821,0.879881102108,1.067502808279,1.242185086743,
    1.403927937526,1.55273136066,1.688595356185,1.811519924156,
    1.921505064645,2.018550777754,2.102657063634,2.173823922514,
    2.232051354779,2.277339361144,2.309687943179,2.329097105599,
    2.335566881401),.UNSPECIFIED.);
#4002 = CARTESIAN_POINT('',(-9.824727601,18.560030376218,0.));
#4003 = CARTESIAN_POINT('',(-9.822779174484,18.480261285269,0.));
#4004 = CARTESIAN_POINT('',(-9.817021537845,18.325073534526,0.));
#4005 = CARTESIAN_POINT('',(-9.802682622732,18.099063281101,0.));
#4006 = CARTESIAN_POINT('',(-9.783584634385,17.886393737468,0.));
#4007 = CARTESIAN_POINT('',(-9.760413098966,17.687152575328,0.));
#4008 = CARTESIAN_POINT('',(-9.733859396489,17.50139768693,0.));
#4009 = CARTESIAN_POINT('',(-9.704613743181,17.329160698834,0.));
#4010 = CARTESIAN_POINT('',(-9.673365736529,17.170446162553,0.));
#4011 = CARTESIAN_POINT('',(-9.640803061761,17.025231835974,0.));
#4012 = CARTESIAN_POINT('',(-9.607610636321,16.893468745153,0.));
#4013 = CARTESIAN_POINT('',(-9.574469690958,16.775081315437,0.));
#4014 = CARTESIAN_POINT('',(-9.542056751345,16.669967593655,0.));
#4015 = CARTESIAN_POINT('',(-9.511043028367,16.577999267286,0.));
#4016 = CARTESIAN_POINT('',(-9.482092540825,16.499022451858,0.));
#4017 = CARTESIAN_POINT('',(-9.455864083116,16.43285628562,0.));
#4018 = CARTESIAN_POINT('',(-9.433001944258,16.379298073936,0.));
#4019 = CARTESIAN_POINT('',(-9.414157878648,16.338110367103,0.));
#4020 = CARTESIAN_POINT('',(-9.399931385269,16.309055387581,0.));
#4021 = CARTESIAN_POINT('',(-9.390998727372,16.291820160432,0.));
#4022 = CARTESIAN_POINT('',(-9.386822862931,16.28427193525,0.));
#4023 = CARTESIAN_POINT('',(-9.385765442153,16.282392197975,0.));
#4024 = SURFACE_OF_LINEAR_EXTRUSION('',#4025,#4048);
#4025 = B_SPLINE_CURVE_WITH_KNOTS('',3,(#4026,#4027,#4028,#4029,#4030,
    #4031,#4032,#4033,#4034,#4035,#4036,#4037,#4038,#4039,#4040,#4041,
    #4042,#4043,#4044,#4045,#4046,#4047),.UNSPECIFIED.,.F.,.F.,(4,1,1,1,
    1,1,1,1,1,1,1,1,1,1,1,1,1,1,1,4),(0.,0.239379417168,0.465819406568,
    0.67931996821,0.879881102108,1.067502808279,1.242185086743,
    1.403927937526,1.55273136066,1.688595356185,1.811519924156,
    1.921505064645,2.018550777754,2.102657063634,2.173823922514,
    2.232051354779,2.277339361144,2.309687943179,2.329097105599,
    2.335566881401),.UNSPECIFIED.);
#4026 = CARTESIAN_POINT('',(-9.824727601,18.560030376218,0.));
#4027 = CARTESIAN_POINT('',(-9.822779174484,18.480261285269,0.));
#4028 = CARTESIAN_POINT('',(-9.817021537845,18.325073534526,0.));
#4029 = CARTESIAN_POINT('',(-9.802682622732,18.099063281101,0.));
#4030 = CARTESIAN_POINT('',(-9.783584634385,17.886393737468,0.));
#4031 = CARTESIAN_POINT('',(-9.760413098966,17.687152575328,0.));
#4032 = CARTESIAN_POINT('',(-9.733859396489,17.50139768693,0.));
#4033 = CARTESIAN_POINT('',(-9.704613743181,17.329160698834,0.));
#4034 = CARTESIAN_POINT('',(-9.673365736529,17.170446162553,0.));
#4035 = CARTESIAN_POINT('',(-9.640803061761,17.025231835974,0.));
#4036 = CARTESIAN_POINT('',(-9.607610636321,16.893468745153,0.));
#4037 = CARTESIAN_POINT('',(-9.574469690958,16.775081315437,0.));
#4038 = CARTESIAN_POINT('',(-9.542056751345,16.669967593655,0.));
#4039 = CARTESIAN_POINT('',(-9.511043028367,16.577999267286,0.));
#4040 = CARTESIAN_POINT('',(-9.482092540825,16.499022451858,0.));
#4041 = CARTESIAN_POINT('',(-9.455864083116,16.43285628562,0.));
#4042 = CARTESIAN_POINT('',(-9.433001944258,16.379298073936,0.));
#4043 = CARTESIAN_POINT('',(-9.414157878648,16.338110367103,0.));
#4044 = CARTESIAN_POINT('',(-9.399931385269,16.309055387581,0.));
#4045 = CARTESIAN_POINT('',(-9.390998727372,16.291820160432,0.));
#4046 = CARTESIAN_POINT('',(-9.386822862931,16.28427193525,0.));
#4047 = CARTESIAN_POINT('',(-9.385765442153,16.282392197975,0.));
#4048 = VECTOR('',#4049,1.);
#4049 = DIRECTION('',(-0.,-0.,-1.));
#4050 = ADVANCED_FACE('',(#4051),#4074,.F.);
#4051 = FACE_BOUND('',#4052,.F.);
#4052 = EDGE_LOOP('',(#4053,#4054,#4061,#4069));
#4053 = ORIENTED_EDGE('',*,*,#3992,.T.);
#4054 = ORIENTED_EDGE('',*,*,#4055,.T.);
#4055 = EDGE_CURVE('',#3966,#4056,#4058,.T.);
#4056 = VERTEX_POINT('',#4057);
#4057 = CARTESIAN_POINT('',(-9.363865276136,16.244399868582,10.));
#4058 = B_SPLINE_CURVE_WITH_KNOTS('',1,(#4059,#4060),.UNSPECIFIED.,.F.,
  .F.,(2,2),(0.,4.385241571817E-02),.PIECEWISE_BEZIER_KNOTS.);
#4059 = CARTESIAN_POINT('',(-9.385765442153,16.282392197975,10.));
#4060 = CARTESIAN_POINT('',(-9.363865276136,16.244399868582,10.));
#4061 = ORIENTED_EDGE('',*,*,#4062,.F.);
#4062 = EDGE_CURVE('',#4063,#4056,#4065,.T.);
#4063 = VERTEX_POINT('',#4064);
#4064 = CARTESIAN_POINT('',(-9.363865276136,16.244399868582,0.));
#4065 = LINE('',#4066,#4067);
#4066 = CARTESIAN_POINT('',(-9.363865276136,16.244399868582,0.));
#4067 = VECTOR('',#4068,1.);
#4068 = DIRECTION('',(0.,0.,1.));
#4069 = ORIENTED_EDGE('',*,*,#4070,.F.);
#4070 = EDGE_CURVE('',#3993,#4063,#4071,.T.);
#4071 = B_SPLINE_CURVE_WITH_KNOTS('',1,(#4072,#4073),.UNSPECIFIED.,.F.,
  .F.,(2,2),(0.,4.385241571817E-02),.PIECEWISE_BEZIER_KNOTS.);
#4072 = CARTESIAN_POINT('',(-9.385765442153,16.282392197975,0.));
#4073 = CARTESIAN_POINT('',(-9.363865276136,16.244399868582,0.));
#4074 = SURFACE_OF_LINEAR_EXTRUSION('',#4075,#4078);
#4075 = B_SPLINE_CURVE_WITH_KNOTS('',1,(#4076,#4077),.UNSPECIFIED.,.F.,
  .F.,(2,2),(0.,4.385241571817E-02),.PIECEWISE_BEZIER_KNOTS.);
#4076 = CARTESIAN_POINT('',(-9.385765442153,16.282392197975,0.));
#4077 = CARTESIAN_POINT('',(-9.363865276136,16.244399868582,0.));
#4078 = VECTOR('',#4079,1.);
#4079 = DIRECTION('',(-0.,-0.,-1.));
#4080 = ADVANCED_FACE('',(#4081),#4104,.F.);
#4081 = FACE_BOUND('',#4082,.F.);
#4082 = EDGE_LOOP('',(#4083,#4084,#4091,#4099));
#4083 = ORIENTED_EDGE('',*,*,#4062,.T.);
#4084 = ORIENTED_EDGE('',*,*,#4085,.T.);
#4085 = EDGE_CURVE('',#4056,#4086,#4088,.T.);
#4086 = VERTEX_POINT('',#4087);
#4087 = CARTESIAN_POINT('',(-10.22276038822,15.718068266964,10.));
#4088 = B_SPLINE_CURVE_WITH_KNOTS('',1,(#4089,#4090),.UNSPECIFIED.,.F.,
  .F.,(2,2),(0.,1.007335975944),.PIECEWISE_BEZIER_KNOTS.);
#4089 = CARTESIAN_POINT('',(-9.363865276136,16.244399868582,10.));
#4090 = CARTESIAN_POINT('',(-10.22276038822,15.718068266964,10.));
#4091 = ORIENTED_EDGE('',*,*,#4092,.F.);
#4092 = EDGE_CURVE('',#4093,#4086,#4095,.T.);
#4093 = VERTEX_POINT('',#4094);
#4094 = CARTESIAN_POINT('',(-10.22276038822,15.718068266964,0.));
#4095 = LINE('',#4096,#4097);
#4096 = CARTESIAN_POINT('',(-10.22276038822,15.718068266964,0.));
#4097 = VECTOR('',#4098,1.);
#4098 = DIRECTION('',(0.,0.,1.));
#4099 = ORIENTED_EDGE('',*,*,#4100,.F.);
#4100 = EDGE_CURVE('',#4063,#4093,#4101,.T.);
#4101 = B_SPLINE_CURVE_WITH_KNOTS('',1,(#4102,#4103),.UNSPECIFIED.,.F.,
  .F.,(2,2),(0.,1.007335975944),.PIECEWISE_BEZIER_KNOTS.);
#4102 = CARTESIAN_POINT('',(-9.363865276136,16.244399868582,0.));
#4103 = CARTESIAN_POINT('',(-10.22276038822,15.718068266964,0.));
#4104 = SURFACE_OF_LINEAR_EXTRUSION('',#4105,#4108);
#4105 = B_SPLINE_CURVE_WITH_KNOTS('',1,(#4106,#4107),.UNSPECIFIED.,.F.,
  .F.,(2,2),(0.,1.007335975944),.PIECEWISE_BEZIER_KNOTS.);
#4106 = CARTESIAN_POINT('',(-9.363865276136,16.244399868582,0.));
#4107 = CARTESIAN_POINT('',(-10.22276038822,15.718068266964,0.));
#4108 = VECTOR('',#4109,1.);
#4109 = DIRECTION('',(-0.,-0.,-1.));
#4110 = ADVANCED_FACE('',(#4111),#4134,.F.);
#4111 = FACE_BOUND('',#4112,.F.);
#4112 = EDGE_LOOP('',(#4113,#4114,#4121,#4129));
#4113 = ORIENTED_EDGE('',*,*,#4092,.T.);
#4114 = ORIENTED_EDGE('',*,*,#4115,.T.);
#4115 = EDGE_CURVE('',#4086,#4116,#4118,.T.);
#4116 = VERTEX_POINT('',#4117);
#4117 = CARTESIAN_POINT('',(-10.24666933426,15.754829614374,10.));
#4118 = B_SPLINE_CURVE_WITH_KNOTS('',1,(#4119,#4120),.UNSPECIFIED.,.F.,
  .F.,(2,2),(0.,4.385241571817E-02),.PIECEWISE_BEZIER_KNOTS.);
#4119 = CARTESIAN_POINT('',(-10.22276038822,15.718068266964,10.));
#4120 = CARTESIAN_POINT('',(-10.24666933426,15.754829614374,10.));
#4121 = ORIENTED_EDGE('',*,*,#4122,.F.);
#4122 = EDGE_CURVE('',#4123,#4116,#4125,.T.);
#4123 = VERTEX_POINT('',#4124);
#4124 = CARTESIAN_POINT('',(-10.24666933426,15.754829614374,0.));
#4125 = LINE('',#4126,#4127);
#4126 = CARTESIAN_POINT('',(-10.24666933426,15.754829614374,0.));
#4127 = VECTOR('',#4128,1.);
#4128 = DIRECTION('',(0.,0.,1.));
#4129 = ORIENTED_EDGE('',*,*,#4130,.F.);
#4130 = EDGE_CURVE('',#4093,#4123,#4131,.T.);
#4131 = B_SPLINE_CURVE_WITH_KNOTS('',1,(#4132,#4133),.UNSPECIFIED.,.F.,
  .F.,(2,2),(0.,4.385241571817E-02),.PIECEWISE_BEZIER_KNOTS.);
#4132 = CARTESIAN_POINT('',(-10.22276038822,15.718068266964,0.));
#4133 = CARTESIAN_POINT('',(-10.24666933426,15.754829614374,0.));
#4134 = SURFACE_OF_LINEAR_EXTRUSION('',#4135,#4138);
#4135 = B_SPLINE_CURVE_WITH_KNOTS('',1,(#4136,#4137),.UNSPECIFIED.,.F.,
  .F.,(2,2),(0.,4.385241571817E-02),.PIECEWISE_BEZIER_KNOTS.);
#4136 = CARTESIAN_POINT('',(-10.22276038822,15.718068266964,0.));
#4137 = CARTESIAN_POINT('',(-10.24666933426,15.754829614374,0.));
#4138 = VECTOR('',#4139,1.);
#4139 = DIRECTION('',(-0.,-0.,-1.));
#4140 = ADVANCED_FACE('',(#4141),#4204,.F.);
#4141 = FACE_BOUND('',#4142,.F.);
#4142 = EDGE_LOOP('',(#4143,#4144,#4171,#4179));
#4143 = ORIENTED_EDGE('',*,*,#4122,.T.);
#4144 = ORIENTED_EDGE('',*,*,#4145,.T.);
#4145 = EDGE_CURVE('',#4116,#4146,#4148,.T.);
#4146 = VERTEX_POINT('',#4147);
#4147 = CARTESIAN_POINT('',(-12.07677516096,17.179973856545,10.));
#4148 = B_SPLINE_CURVE_WITH_KNOTS('',3,(#4149,#4150,#4151,#4152,#4153,
    #4154,#4155,#4156,#4157,#4158,#4159,#4160,#4161,#4162,#4163,#4164,
    #4165,#4166,#4167,#4168,#4169,#4170),.UNSPECIFIED.,.F.,.F.,(4,1,1,1,
    1,1,1,1,1,1,1,1,1,1,1,1,1,1,1,4),(0.,6.469775801205E-03,
    2.587893822125E-02,5.822752025674E-02,0.103515526622,0.161742958887,
    0.232909817767,0.317016103646,0.414061816756,0.524046957245,
    0.646971525216,0.782835520741,0.931638943874,1.093381794658,
    1.268064073122,1.455685779293,1.656246913191,1.869747474833,
    2.096187464232,2.335566881401),.UNSPECIFIED.);
#4149 = CARTESIAN_POINT('',(-10.24666933426,15.754829614374,10.));
#4150 = CARTESIAN_POINT('',(-10.24786413345,15.756625166051,10.));
#4151 = CARTESIAN_POINT('',(-10.25269384855,15.763772711034,10.));
#4152 = CARTESIAN_POINT('',(-10.26399520656,15.779556396885,10.));
#4153 = CARTESIAN_POINT('',(-10.28342469004,15.805422979976,10.));
#4154 = CARTESIAN_POINT('',(-10.31156817878,15.840911992985,10.));
#4155 = CARTESIAN_POINT('',(-10.34890970097,15.885597227152,10.));
#4156 = CARTESIAN_POINT('',(-10.39595671615,15.939005764966,10.));
#4157 = CARTESIAN_POINT('',(-10.45318232764,16.000655562148,10.));
#4158 = CARTESIAN_POINT('',(-10.52104677086,16.070041738109,10.));
#4159 = CARTESIAN_POINT('',(-10.5999886161,16.146642509854,10.));
#4160 = CARTESIAN_POINT('',(-10.69042691401,16.229918076769,10.));
#4161 = CARTESIAN_POINT('',(-10.79275964177,16.31931193584,10.));
#4162 = CARTESIAN_POINT('',(-10.90736340916,16.414251416196,10.));
#4163 = CARTESIAN_POINT('',(-11.03459279832,16.514148485633,10.));
#4164 = CARTESIAN_POINT('',(-11.17477982966,16.618400509834,10.));
#4165 = CARTESIAN_POINT('',(-11.32823351846,16.726390986595,10.));
#4166 = CARTESIAN_POINT('',(-11.49523903687,16.837490570598,10.));
#4167 = CARTESIAN_POINT('',(-11.67605868247,16.951056955207,10.));
#4168 = CARTESIAN_POINT('',(-11.87092556157,17.066439530021,10.));
#4169 = CARTESIAN_POINT('',(-12.00658494762,17.142023386344,10.));
#4170 = CARTESIAN_POINT('',(-12.07677516096,17.179973856545,10.));
#4171 = ORIENTED_EDGE('',*,*,#4172,.F.);
#4172 = EDGE_CURVE('',#4173,#4146,#4175,.T.);
#4173 = VERTEX_POINT('',#4174);
#4174 = CARTESIAN_POINT('',(-12.07677516096,17.179973856545,0.));
#4175 = LINE('',#4176,#4177);
#4176 = CARTESIAN_POINT('',(-12.07677516096,17.179973856545,0.));
#4177 = VECTOR('',#4178,1.);
#4178 = DIRECTION('',(0.,0.,1.));
#4179 = ORIENTED_EDGE('',*,*,#4180,.F.);
#4180 = EDGE_CURVE('',#4123,#4173,#4181,.T.);
#4181 = B_SPLINE_CURVE_WITH_KNOTS('',3,(#4182,#4183,#4184,#4185,#4186,
    #4187,#4188,#4189,#4190,#4191,#4192,#4193,#4194,#4195,#4196,#4197,
    #4198,#4199,#4200,#4201,#4202,#4203),.UNSPECIFIED.,.F.,.F.,(4,1,1,1,
    1,1,1,1,1,1,1,1,1,1,1,1,1,1,1,4),(0.,6.469775801205E-03,
    2.587893822125E-02,5.822752025674E-02,0.103515526622,0.161742958887,
    0.232909817767,0.317016103646,0.414061816756,0.524046957245,
    0.646971525216,0.782835520741,0.931638943874,1.093381794658,
    1.268064073122,1.455685779293,1.656246913191,1.869747474833,
    2.096187464232,2.335566881401),.UNSPECIFIED.);
#4182 = CARTESIAN_POINT('',(-10.24666933426,15.754829614374,0.));
#4183 = CARTESIAN_POINT('',(-10.24786413345,15.756625166051,0.));
#4184 = CARTESIAN_POINT('',(-10.25269384855,15.763772711034,0.));
#4185 = CARTESIAN_POINT('',(-10.26399520656,15.779556396885,0.));
#4186 = CARTESIAN_POINT('',(-10.28342469004,15.805422979976,0.));
#4187 = CARTESIAN_POINT('',(-10.31156817878,15.840911992985,0.));
#4188 = CARTESIAN_POINT('',(-10.34890970097,15.885597227152,0.));
#4189 = CARTESIAN_POINT('',(-10.39595671615,15.939005764966,0.));
#4190 = CARTESIAN_POINT('',(-10.45318232764,16.000655562148,0.));
#4191 = CARTESIAN_POINT('',(-10.52104677086,16.070041738109,0.));
#4192 = CARTESIAN_POINT('',(-10.5999886161,16.146642509854,0.));
#4193 = CARTESIAN_POINT('',(-10.69042691401,16.229918076769,0.));
#4194 = CARTESIAN_POINT('',(-10.79275964177,16.31931193584,0.));
#4195 = CARTESIAN_POINT('',(-10.90736340916,16.414251416196,0.));
#4196 = CARTESIAN_POINT('',(-11.03459279832,16.514148485633,0.));
#4197 = CARTESIAN_POINT('',(-11.17477982966,16.618400509834,0.));
#4198 = CARTESIAN_POINT('',(-11.32823351846,16.726390986595,0.));
#4199 = CARTESIAN_POINT('',(-11.49523903687,16.837490570598,0.));
#4200 = CARTESIAN_POINT('',(-11.67605868247,16.951056955207,0.));
#4201 = CARTESIAN_POINT('',(-11.87092556157,17.066439530021,0.));
#4202 = CARTESIAN_POINT('',(-12.00658494762,17.142023386344,0.));
#4203 = CARTESIAN_POINT('',(-12.07677516096,17.179973856545,0.));
#4204 = SURFACE_OF_LINEAR_EXTRUSION('',#4205,#4228);
#4205 = B_SPLINE_CURVE_WITH_KNOTS('',3,(#4206,#4207,#4208,#4209,#4210,
    #4211,#4212,#4213,#4214,#4215,#4216,#4217,#4218,#4219,#4220,#4221,
    #4222,#4223,#4224,#4225,#4226,#4227),.UNSPECIFIED.,.F.,.F.,(4,1,1,1,
    1,1,1,1,1,1,1,1,1,1,1,1,1,1,1,4),(0.,6.469775801205E-03,
    2.587893822125E-02,5.822752025674E-02,0.103515526622,0.161742958887,
    0.232909817767,0.317016103646,0.414061816756,0.524046957245,
    0.646971525216,0.782835520741,0.931638943874,1.093381794658,
    1.268064073122,1.455685779293,1.656246913191,1.869747474833,
    2.096187464232,2.335566881401),.UNSPECIFIED.);
#4206 = CARTESIAN_POINT('',(-10.24666933426,15.754829614374,0.));
#4207 = CARTESIAN_POINT('',(-10.24786413345,15.756625166051,0.));
#4208 = CARTESIAN_POINT('',(-10.25269384855,15.763772711034,0.));
#4209 = CARTESIAN_POINT('',(-10.26399520656,15.779556396885,0.));
#4210 = CARTESIAN_POINT('',(-10.28342469004,15.805422979976,0.));
#4211 = CARTESIAN_POINT('',(-10.31156817878,15.840911992985,0.));
#4212 = CARTESIAN_POINT('',(-10.34890970097,15.885597227152,0.));
#4213 = CARTESIAN_POINT('',(-10.39595671615,15.939005764966,0.));
#4214 = CARTESIAN_POINT('',(-10.45318232764,16.000655562148,0.));
#4215 = CARTESIAN_POINT('',(-10.52104677086,16.070041738109,0.));
#4216 = CARTESIAN_POINT('',(-10.5999886161,16.146642509854,0.));
#4217 = CARTESIAN_POINT('',(-10.69042691401,16.229918076769,0.));
#4218 = CARTESIAN_POINT('',(-10.79275964177,16.31931193584,0.));
#4219 = CARTESIAN_POINT('',(-10.90736340916,16.414251416196,0.));
#4220 = CARTESIAN_POINT('',(-11.03459279832,16.514148485633,0.));
#4221 = CARTESIAN_POINT('',(-11.17477982966,16.618400509834,0.));
#4222 = CARTESIAN_POINT('',(-11.32823351846,16.726390986595,0.));
#4223 = CARTESIAN_POINT('',(-11.49523903687,16.837490570598,0.));
#4224 = CARTESIAN_POINT('',(-11.67605868247,16.951056955207,0.));
#4225 = CARTESIAN_POINT('',(-11.87092556157,17.066439530021,0.));
#4226 = CARTESIAN_POINT('',(-12.00658494762,17.142023386344,0.));
#4227 = CARTESIAN_POINT('',(-12.07677516096,17.179973856545,0.));
#4228 = VECTOR('',#4229,1.);
#4229 = DIRECTION('',(-0.,-0.,-1.));
#4230 = ADVANCED_FACE('',(#4231),#4254,.F.);
#4231 = FACE_BOUND('',#4232,.F.);
#4232 = EDGE_LOOP('',(#4233,#4234,#4241,#4249));
#4233 = ORIENTED_EDGE('',*,*,#4172,.T.);
#4234 = ORIENTED_EDGE('',*,*,#4235,.T.);
#4235 = EDGE_CURVE('',#4146,#4236,#4238,.T.);
#4236 = VERTEX_POINT('',#4237);
#4237 = CARTESIAN_POINT('',(-12.60719732406,16.794599597254,10.));
#4238 = B_SPLINE_CURVE_WITH_KNOTS('',1,(#4239,#4240),.UNSPECIFIED.,.F.,
  .F.,(2,2),(0.,0.655637850368),.PIECEWISE_BEZIER_KNOTS.);
#4239 = CARTESIAN_POINT('',(-12.07677516096,17.179973856545,10.));
#4240 = CARTESIAN_POINT('',(-12.60719732406,16.794599597254,10.));
#4241 = ORIENTED_EDGE('',*,*,#4242,.F.);
#4242 = EDGE_CURVE('',#4243,#4236,#4245,.T.);
#4243 = VERTEX_POINT('',#4244);
#4244 = CARTESIAN_POINT('',(-12.60719732406,16.794599597254,0.));
#4245 = LINE('',#4246,#4247);
#4246 = CARTESIAN_POINT('',(-12.60719732406,16.794599597254,0.));
#4247 = VECTOR('',#4248,1.);
#4248 = DIRECTION('',(0.,0.,1.));
#4249 = ORIENTED_EDGE('',*,*,#4250,.F.);
#4250 = EDGE_CURVE('',#4173,#4243,#4251,.T.);
#4251 = B_SPLINE_CURVE_WITH_KNOTS('',1,(#4252,#4253),.UNSPECIFIED.,.F.,
  .F.,(2,2),(0.,0.655637850368),.PIECEWISE_BEZIER_KNOTS.);
#4252 = CARTESIAN_POINT('',(-12.07677516096,17.179973856545,0.));
#4253 = CARTESIAN_POINT('',(-12.60719732406,16.794599597254,0.));
#4254 = SURFACE_OF_LINEAR_EXTRUSION('',#4255,#4258);
#4255 = B_SPLINE_CURVE_WITH_KNOTS('',1,(#4256,#4257),.UNSPECIFIED.,.F.,
  .F.,(2,2),(0.,0.655637850368),.PIECEWISE_BEZIER_KNOTS.);
#4256 = CARTESIAN_POINT('',(-12.07677516096,17.179973856545,0.));
#4257 = CARTESIAN_POINT('',(-12.60719732406,16.794599597254,0.));
#4258 = VECTOR('',#4259,1.);
#4259 = DIRECTION('',(-0.,-0.,-1.));
#4260 = ADVANCED_FACE('',(#4261),#4324,.F.);
#4261 = FACE_BOUND('',#4262,.F.);
#4262 = EDGE_LOOP('',(#4263,#4264,#4291,#4299));
#4263 = ORIENTED_EDGE('',*,*,#4242,.T.);
#4264 = ORIENTED_EDGE('',*,*,#4265,.T.);
#4265 = EDGE_CURVE('',#4236,#4266,#4268,.T.);
#4266 = VERTEX_POINT('',#4267);
#4267 = CARTESIAN_POINT('',(-11.81733840784,14.613671735001,10.));
#4268 = B_SPLINE_CURVE_WITH_KNOTS('',3,(#4269,#4270,#4271,#4272,#4273,
    #4274,#4275,#4276,#4277,#4278,#4279,#4280,#4281,#4282,#4283,#4284,
    #4285,#4286,#4287,#4288,#4289,#4290),.UNSPECIFIED.,.F.,.F.,(4,1,1,1,
    1,1,1,1,1,1,1,1,1,1,1,1,1,1,1,4),(0.,0.239379417168,0.465819406568,
    0.67931996821,0.879881102108,1.067502808279,1.242185086743,
    1.403927937526,1.55273136066,1.688595356185,1.811519924156,
    1.921505064645,2.018550777754,2.102657063634,2.173823922514,
    2.232051354779,2.277339361144,2.309687943179,2.329097105599,
    2.335566881401),.UNSPECIFIED.);
#4269 = CARTESIAN_POINT('',(-12.60719732406,16.794599597254,10.));
#4270 = CARTESIAN_POINT('',(-12.59279425084,16.716117397243,10.));
#4271 = CARTESIAN_POINT('',(-12.56283078749,16.563740958039,10.));
#4272 = CARTESIAN_POINT('',(-12.51331261513,16.342756366391,10.));
#4273 = CARTESIAN_POINT('',(-12.46118090842,16.135692721335,10.));
#4274 = CARTESIAN_POINT('',(-12.40712646844,15.94252937527,10.));
#4275 = CARTESIAN_POINT('',(-12.35184121951,15.763215352033,10.));
#4276 = CARTESIAN_POINT('',(-12.29601182763,15.597673915201,10.));
#4277 = CARTESIAN_POINT('',(-12.24032011222,15.445801683437,10.));
#4278 = CARTESIAN_POINT('',(-12.18544181252,15.307469110796,10.));
#4279 = CARTESIAN_POINT('',(-12.13204575229,15.182520681588,10.));
#4280 = CARTESIAN_POINT('',(-12.08079295272,15.070775183643,10.));
#4281 = CARTESIAN_POINT('',(-12.03233566135,14.972026087072,10.));
#4282 = CARTESIAN_POINT('',(-11.98731675283,14.886041658576,10.));
#4283 = CARTESIAN_POINT('',(-11.94636799796,14.812566032832,10.));
#4284 = CARTESIAN_POINT('',(-11.91011178727,14.751317516647,10.));
#4285 = CARTESIAN_POINT('',(-11.87915276908,14.701995121886,10.));
#4286 = CARTESIAN_POINT('',(-11.8540975283,14.664262365394,10.));
#4287 = CARTESIAN_POINT('',(-11.83550098649,14.637790614765,10.));
#4288 = CARTESIAN_POINT('',(-11.82398212089,14.622164957421,10.));
#4289 = CARTESIAN_POINT('',(-11.8186768657,14.615362912537,10.));
#4290 = CARTESIAN_POINT('',(-11.81733840784,14.613671735001,10.));
#4291 = ORIENTED_EDGE('',*,*,#4292,.F.);
#4292 = EDGE_CURVE('',#4293,#4266,#4295,.T.);
#4293 = VERTEX_POINT('',#4294);
#4294 = CARTESIAN_POINT('',(-11.81733840784,14.613671735001,0.));
#4295 = LINE('',#4296,#4297);
#4296 = CARTESIAN_POINT('',(-11.81733840784,14.613671735001,0.));
#4297 = VECTOR('',#4298,1.);
#4298 = DIRECTION('',(0.,0.,1.));
#4299 = ORIENTED_EDGE('',*,*,#4300,.F.);
#4300 = EDGE_CURVE('',#4243,#4293,#4301,.T.);
#4301 = B_SPLINE_CURVE_WITH_KNOTS('',3,(#4302,#4303,#4304,#4305,#4306,
    #4307,#4308,#4309,#4310,#4311,#4312,#4313,#4314,#4315,#4316,#4317,
    #4318,#4319,#4320,#4321,#4322,#4323),.UNSPECIFIED.,.F.,.F.,(4,1,1,1,
    1,1,1,1,1,1,1,1,1,1,1,1,1,1,1,4),(0.,0.239379417168,0.465819406568,
    0.67931996821,0.879881102108,1.067502808279,1.242185086743,
    1.403927937526,1.55273136066,1.688595356185,1.811519924156,
    1.921505064645,2.018550777754,2.102657063634,2.173823922514,
    2.232051354779,2.277339361144,2.309687943179,2.329097105599,
    2.335566881401),.UNSPECIFIED.);
#4302 = CARTESIAN_POINT('',(-12.60719732406,16.794599597254,0.));
#4303 = CARTESIAN_POINT('',(-12.59279425084,16.716117397243,0.));
#4304 = CARTESIAN_POINT('',(-12.56283078749,16.563740958039,0.));
#4305 = CARTESIAN_POINT('',(-12.51331261513,16.342756366391,0.));
#4306 = CARTESIAN_POINT('',(-12.46118090842,16.135692721335,0.));
#4307 = CARTESIAN_POINT('',(-12.40712646844,15.94252937527,0.));
#4308 = CARTESIAN_POINT('',(-12.35184121951,15.763215352033,0.));
#4309 = CARTESIAN_POINT('',(-12.29601182763,15.597673915201,0.));
#4310 = CARTESIAN_POINT('',(-12.24032011222,15.445801683437,0.));
#4311 = CARTESIAN_POINT('',(-12.18544181252,15.307469110796,0.));
#4312 = CARTESIAN_POINT('',(-12.13204575229,15.182520681588,0.));
#4313 = CARTESIAN_POINT('',(-12.08079295272,15.070775183643,0.));
#4314 = CARTESIAN_POINT('',(-12.03233566135,14.972026087072,0.));
#4315 = CARTESIAN_POINT('',(-11.98731675283,14.886041658576,0.));
#4316 = CARTESIAN_POINT('',(-11.94636799796,14.812566032832,0.));
#4317 = CARTESIAN_POINT('',(-11.91011178727,14.751317516647,0.));
#4318 = CARTESIAN_POINT('',(-11.87915276908,14.701995121886,0.));
#4319 = CARTESIAN_POINT('',(-11.8540975283,14.664262365394,0.));
#4320 = CARTESIAN_POINT('',(-11.83550098649,14.637790614765,0.));
#4321 = CARTESIAN_POINT('',(-11.82398212089,14.622164957421,0.));
#4322 = CARTESIAN_POINT('',(-11.8186768657,14.615362912537,0.));
#4323 = CARTESIAN_POINT('',(-11.81733840784,14.613671735001,0.));
#4324 = SURFACE_OF_LINEAR_EXTRUSION('',#4325,#4348);
#4325 = B_SPLINE_CURVE_WITH_KNOTS('',3,(#4326,#4327,#4328,#4329,#4330,
    #4331,#4332,#4333,#4334,#4335,#4336,#4337,#4338,#4339,#4340,#4341,
    #4342,#4343,#4344,#4345,#4346,#4347),.UNSPECIFIED.,.F.,.F.,(4,1,1,1,
    1,1,1,1,1,1,1,1,1,1,1,1,1,1,1,4),(0.,0.239379417168,0.465819406568,
    0.67931996821,0.879881102108,1.067502808279,1.242185086743,
    1.403927937526,1.55273136066,1.688595356185,1.811519924156,
    1.921505064645,2.018550777754,2.102657063634,2.173823922514,
    2.232051354779,2.277339361144,2.309687943179,2.329097105599,
    2.335566881401),.UNSPECIFIED.);
#4326 = CARTESIAN_POINT('',(-12.60719732406,16.794599597254,0.));
#4327 = CARTESIAN_POINT('',(-12.59279425084,16.716117397243,0.));
#4328 = CARTESIAN_POINT('',(-12.56283078749,16.563740958039,0.));
#4329 = CARTESIAN_POINT('',(-12.51331261513,16.342756366391,0.));
#4330 = CARTESIAN_POINT('',(-12.46118090842,16.135692721335,0.));
#4331 = CARTESIAN_POINT('',(-12.40712646844,15.94252937527,0.));
#4332 = CARTESIAN_POINT('',(-12.35184121951,15.763215352033,0.));
#4333 = CARTESIAN_POINT('',(-12.29601182763,15.597673915201,0.));
#4334 = CARTESIAN_POINT('',(-12.24032011222,15.445801683437,0.));
#4335 = CARTESIAN_POINT('',(-12.18544181252,15.307469110796,0.));
#4336 = CARTESIAN_POINT('',(-12.13204575229,15.182520681588,0.));
#4337 = CARTESIAN_POINT('',(-12.08079295272,15.070775183643,0.));
#4338 = CARTESIAN_POINT('',(-12.03233566135,14.972026087072,0.));
#4339 = CARTESIAN_POINT('',(-11.98731675283,14.886041658576,0.));
#4340 = CARTESIAN_POINT('',(-11.94636799796,14.812566032832,0.));
#4341 = CARTESIAN_POINT('',(-11.91011178727,14.751317516647,0.));
#4342 = CARTESIAN_POINT('',(-11.87915276908,14.701995121886,0.));
#4343 = CARTESIAN_POINT('',(-11.8540975283,14.664262365394,0.));
#4344 = CARTESIAN_POINT('',(-11.83550098649,14.637790614765,0.));
#4345 = CARTESIAN_POINT('',(-11.82398212089,14.622164957421,0.));
#4346 = CARTESIAN_POINT('',(-11.8186768657,14.615362912537,0.));
#4347 = CARTESIAN_POINT('',(-11.81733840784,14.613671735001,0.));
#4348 = VECTOR('',#4349,1.);
#4349 = DIRECTION('',(-0.,-0.,-1.));
#4350 = ADVANCED_FACE('',(#4351),#4374,.F.);
#4351 = FACE_BOUND('',#4352,.F.);
#4352 = EDGE_LOOP('',(#4353,#4354,#4361,#4369));
#4353 = ORIENTED_EDGE('',*,*,#4292,.T.);
#4354 = ORIENTED_EDGE('',*,*,#4355,.T.);
#4355 = EDGE_CURVE('',#4266,#4356,#4358,.T.);
#4356 = VERTEX_POINT('',#4357);
#4357 = CARTESIAN_POINT('',(-11.78976455948,14.579573094982,10.));
#4358 = B_SPLINE_CURVE_WITH_KNOTS('',1,(#4359,#4360),.UNSPECIFIED.,.F.,
  .F.,(2,2),(0.,4.385241571817E-02),.PIECEWISE_BEZIER_KNOTS.);
#4359 = CARTESIAN_POINT('',(-11.81733840784,14.613671735001,10.));
#4360 = CARTESIAN_POINT('',(-11.78976455948,14.579573094982,10.));
#4361 = ORIENTED_EDGE('',*,*,#4362,.F.);
#4362 = EDGE_CURVE('',#4363,#4356,#4365,.T.);
#4363 = VERTEX_POINT('',#4364);
#4364 = CARTESIAN_POINT('',(-11.78976455948,14.579573094982,0.));
#4365 = LINE('',#4366,#4367);
#4366 = CARTESIAN_POINT('',(-11.78976455948,14.579573094982,0.));
#4367 = VECTOR('',#4368,1.);
#4368 = DIRECTION('',(0.,0.,1.));
#4369 = ORIENTED_EDGE('',*,*,#4370,.F.);
#4370 = EDGE_CURVE('',#4293,#4363,#4371,.T.);
#4371 = B_SPLINE_CURVE_WITH_KNOTS('',1,(#4372,#4373),.UNSPECIFIED.,.F.,
  .F.,(2,2),(0.,4.385241571817E-02),.PIECEWISE_BEZIER_KNOTS.);
#4372 = CARTESIAN_POINT('',(-11.81733840784,14.613671735001,0.));
#4373 = CARTESIAN_POINT('',(-11.78976455948,14.579573094982,0.));
#4374 = SURFACE_OF_LINEAR_EXTRUSION('',#4375,#4378);
#4375 = B_SPLINE_CURVE_WITH_KNOTS('',1,(#4376,#4377),.UNSPECIFIED.,.F.,
  .F.,(2,2),(0.,4.385241571817E-02),.PIECEWISE_BEZIER_KNOTS.);
#4376 = CARTESIAN_POINT('',(-11.81733840784,14.613671735001,0.));
#4377 = CARTESIAN_POINT('',(-11.78976455948,14.579573094982,0.));
#4378 = VECTOR('',#4379,1.);
#4379 = DIRECTION('',(-0.,-0.,-1.));
#4380 = ADVANCED_FACE('',(#4381),#4404,.F.);
#4381 = FACE_BOUND('',#4382,.F.);
#4382 = EDGE_LOOP('',(#4383,#4384,#4391,#4399));
#4383 = ORIENTED_EDGE('',*,*,#4362,.T.);
#4384 = ORIENTED_EDGE('',*,*,#4385,.T.);
#4385 = EDGE_CURVE('',#4356,#4386,#4388,.T.);
#4386 = VERTEX_POINT('',#4387);
#4387 = CARTESIAN_POINT('',(-12.55574884495,13.925360711393,10.));
#4388 = B_SPLINE_CURVE_WITH_KNOTS('',1,(#4389,#4390),.UNSPECIFIED.,.F.,
  .F.,(2,2),(0.,1.007335975944),.PIECEWISE_BEZIER_KNOTS.);
#4389 = CARTESIAN_POINT('',(-11.78976455948,14.579573094982,10.));
#4390 = CARTESIAN_POINT('',(-12.55574884495,13.925360711393,10.));
#4391 = ORIENTED_EDGE('',*,*,#4392,.F.);
#4392 = EDGE_CURVE('',#4393,#4386,#4395,.T.);
#4393 = VERTEX_POINT('',#4394);
#4394 = CARTESIAN_POINT('',(-12.55574884495,13.925360711393,0.));
#4395 = LINE('',#4396,#4397);
#4396 = CARTESIAN_POINT('',(-12.55574884495,13.925360711393,0.));
#4397 = VECTOR('',#4398,1.);
#4398 = DIRECTION('',(0.,0.,1.));
#4399 = ORIENTED_EDGE('',*,*,#4400,.F.);
#4400 = EDGE_CURVE('',#4363,#4393,#4401,.T.);
#4401 = B_SPLINE_CURVE_WITH_KNOTS('',1,(#4402,#4403),.UNSPECIFIED.,.F.,
  .F.,(2,2),(0.,1.007335975944),.PIECEWISE_BEZIER_KNOTS.);
#4402 = CARTESIAN_POINT('',(-11.78976455948,14.579573094982,0.));
#4403 = CARTESIAN_POINT('',(-12.55574884495,13.925360711393,0.));
#4404 = SURFACE_OF_LINEAR_EXTRUSION('',#4405,#4408);
#4405 = B_SPLINE_CURVE_WITH_KNOTS('',1,(#4406,#4407),.UNSPECIFIED.,.F.,
  .F.,(2,2),(0.,1.007335975944),.PIECEWISE_BEZIER_KNOTS.);
#4406 = CARTESIAN_POINT('',(-11.78976455948,14.579573094982,0.));
#4407 = CARTESIAN_POINT('',(-12.55574884495,13.925360711393,0.));
#4408 = VECTOR('',#4409,1.);
#4409 = DIRECTION('',(-0.,-0.,-1.));
#4410 = ADVANCED_FACE('',(#4411),#4434,.F.);
#4411 = FACE_BOUND('',#4412,.F.);
#4412 = EDGE_LOOP('',(#4413,#4414,#4421,#4429));
#4413 = ORIENTED_EDGE('',*,*,#4392,.T.);
#4414 = ORIENTED_EDGE('',*,*,#4415,.T.);
#4415 = EDGE_CURVE('',#4386,#4416,#4418,.T.);
#4416 = VERTEX_POINT('',#4417);
#4417 = CARTESIAN_POINT('',(-12.58511417391,13.95792928243,10.));
#4418 = B_SPLINE_CURVE_WITH_KNOTS('',1,(#4419,#4420),.UNSPECIFIED.,.F.,
  .F.,(2,2),(0.,4.385241571817E-02),.PIECEWISE_BEZIER_KNOTS.);
#4419 = CARTESIAN_POINT('',(-12.55574884495,13.925360711393,10.));
#4420 = CARTESIAN_POINT('',(-12.58511417391,13.95792928243,10.));
#4421 = ORIENTED_EDGE('',*,*,#4422,.F.);
#4422 = EDGE_CURVE('',#4423,#4416,#4425,.T.);
#4423 = VERTEX_POINT('',#4424);
#4424 = CARTESIAN_POINT('',(-12.58511417391,13.95792928243,0.));
#4425 = LINE('',#4426,#4427);
#4426 = CARTESIAN_POINT('',(-12.58511417391,13.95792928243,0.));
#4427 = VECTOR('',#4428,1.);
#4428 = DIRECTION('',(0.,0.,1.));
#4429 = ORIENTED_EDGE('',*,*,#4430,.F.);
#4430 = EDGE_CURVE('',#4393,#4423,#4431,.T.);
#4431 = B_SPLINE_CURVE_WITH_KNOTS('',1,(#4432,#4433),.UNSPECIFIED.,.F.,
  .F.,(2,2),(0.,4.385241571817E-02),.PIECEWISE_BEZIER_KNOTS.);
#4432 = CARTESIAN_POINT('',(-12.55574884495,13.925360711393,0.));
#4433 = CARTESIAN_POINT('',(-12.58511417391,13.95792928243,0.));
#4434 = SURFACE_OF_LINEAR_EXTRUSION('',#4435,#4438);
#4435 = B_SPLINE_CURVE_WITH_KNOTS('',1,(#4436,#4437),.UNSPECIFIED.,.F.,
  .F.,(2,2),(0.,4.385241571817E-02),.PIECEWISE_BEZIER_KNOTS.);
#4436 = CARTESIAN_POINT('',(-12.55574884495,13.925360711393,0.));
#4437 = CARTESIAN_POINT('',(-12.58511417391,13.95792928243,0.));
#4438 = VECTOR('',#4439,1.);
#4439 = DIRECTION('',(-0.,-0.,-1.));
#4440 = ADVANCED_FACE('',(#4441),#4504,.F.);
#4441 = FACE_BOUND('',#4442,.F.);
#4442 = EDGE_LOOP('',(#4443,#4444,#4471,#4479));
#4443 = ORIENTED_EDGE('',*,*,#4422,.T.);
#4444 = ORIENTED_EDGE('',*,*,#4445,.T.);
#4445 = EDGE_CURVE('',#4416,#4446,#4448,.T.);
#4446 = VERTEX_POINT('',#4447);
#4447 = CARTESIAN_POINT('',(-14.61563003812,15.079236008123,10.));
#4448 = B_SPLINE_CURVE_WITH_KNOTS('',3,(#4449,#4450,#4451,#4452,#4453,
    #4454,#4455,#4456,#4457,#4458,#4459,#4460,#4461,#4462,#4463,#4464,
    #4465,#4466,#4467,#4468,#4469,#4470),.UNSPECIFIED.,.F.,.F.,(4,1,1,1,
    1,1,1,1,1,1,1,1,1,1,1,1,1,1,1,4),(0.,6.469775801205E-03,
    2.587893822125E-02,5.822752025674E-02,0.103515526622,0.161742958887,
    0.232909817767,0.317016103646,0.414061816756,0.524046957245,
    0.646971525216,0.782835520741,0.931638943874,1.093381794658,
    1.268064073122,1.455685779293,1.656246913191,1.869747474833,
    2.096187464232,2.335566881401),.UNSPECIFIED.);
#4449 = CARTESIAN_POINT('',(-12.58511417391,13.95792928243,10.));
#4450 = CARTESIAN_POINT('',(-12.5865751493,13.959515820114,10.));
#4451 = CARTESIAN_POINT('',(-12.59246352497,13.96581983306,10.));
#4452 = CARTESIAN_POINT('',(-12.60609485697,13.979641273652,10.));
#4453 = CARTESIAN_POINT('',(-12.62933155635,14.002149955328,10.));
#4454 = CARTESIAN_POINT('',(-12.66268025681,14.03279942809,10.));
#4455 = CARTESIAN_POINT('',(-12.70655235359,14.071093011827,10.));
#4456 = CARTESIAN_POINT('',(-12.76137507798,14.116484227264,10.));
#4457 = CARTESIAN_POINT('',(-12.82754030029,14.168422955219,10.));
#4458 = CARTESIAN_POINT('',(-12.90542360891,14.226338534343,10.));
#4459 = CARTESIAN_POINT('',(-12.99537654979,14.289646998148,10.));
#4460 = CARTESIAN_POINT('',(-13.09772857094,14.357749637893,10.));
#4461 = CARTESIAN_POINT('',(-13.21278569353,14.430034544695,10.));
#4462 = CARTESIAN_POINT('',(-13.34083030519,14.505877183461,10.));
#4463 = CARTESIAN_POINT('',(-13.48212063406,14.584641292774,10.));
#4464 = CARTESIAN_POINT('',(-13.63689034005,14.665679718307,10.));
#4465 = CARTESIAN_POINT('',(-13.80534819177,14.748335207383,10.));
#4466 = CARTESIAN_POINT('',(-13.9876773991,14.831941552216,10.));
#4467 = CARTESIAN_POINT('',(-14.18403655144,14.91582332165,10.));
#4468 = CARTESIAN_POINT('',(-14.39455410726,14.999301449517,10.));
#4469 = CARTESIAN_POINT('',(-14.54036722128,15.052732939659,10.));
#4470 = CARTESIAN_POINT('',(-14.61563003812,15.079236008123,10.));
#4471 = ORIENTED_EDGE('',*,*,#4472,.F.);
#4472 = EDGE_CURVE('',#4473,#4446,#4475,.T.);
#4473 = VERTEX_POINT('',#4474);
#4474 = CARTESIAN_POINT('',(-14.61563003812,15.079236008123,0.));
#4475 = LINE('',#4476,#4477);
#4476 = CARTESIAN_POINT('',(-14.61563003812,15.079236008123,0.));
#4477 = VECTOR('',#4478,1.);
#4478 = DIRECTION('',(0.,0.,1.));
#4479 = ORIENTED_EDGE('',*,*,#4480,.F.);
#4480 = EDGE_CURVE('',#4423,#4473,#4481,.T.);
#4481 = B_SPLINE_CURVE_WITH_KNOTS('',3,(#4482,#4483,#4484,#4485,#4486,
    #4487,#4488,#4489,#4490,#4491,#4492,#4493,#4494,#4495,#4496,#4497,
    #4498,#4499,#4500,#4501,#4502,#4503),.UNSPECIFIED.,.F.,.F.,(4,1,1,1,
    1,1,1,1,1,1,1,1,1,1,1,1,1,1,1,4),(0.,6.469775801205E-03,
    2.587893822125E-02,5.822752025674E-02,0.103515526622,0.161742958887,
    0.232909817767,0.317016103646,0.414061816756,0.524046957245,
    0.646971525216,0.782835520741,0.931638943874,1.093381794658,
    1.268064073122,1.455685779293,1.656246913191,1.869747474833,
    2.096187464232,2.335566881401),.UNSPECIFIED.);
#4482 = CARTESIAN_POINT('',(-12.58511417391,13.95792928243,0.));
#4483 = CARTESIAN_POINT('',(-12.5865751493,13.959515820114,0.));
#4484 = CARTESIAN_POINT('',(-12.59246352497,13.96581983306,0.));
#4485 = CARTESIAN_POINT('',(-12.60609485697,13.979641273652,0.));
#4486 = CARTESIAN_POINT('',(-12.62933155635,14.002149955328,0.));
#4487 = CARTESIAN_POINT('',(-12.66268025681,14.03279942809,0.));
#4488 = CARTESIAN_POINT('',(-12.70655235359,14.071093011827,0.));
#4489 = CARTESIAN_POINT('',(-12.76137507798,14.116484227264,0.));
#4490 = CARTESIAN_POINT('',(-12.82754030029,14.168422955219,0.));
#4491 = CARTESIAN_POINT('',(-12.90542360891,14.226338534343,0.));
#4492 = CARTESIAN_POINT('',(-12.99537654979,14.289646998148,0.));
#4493 = CARTESIAN_POINT('',(-13.09772857094,14.357749637893,0.));
#4494 = CARTESIAN_POINT('',(-13.21278569353,14.430034544695,0.));
#4495 = CARTESIAN_POINT('',(-13.34083030519,14.505877183461,0.));
#4496 = CARTESIAN_POINT('',(-13.48212063406,14.584641292774,0.));
#4497 = CARTESIAN_POINT('',(-13.63689034005,14.665679718307,0.));
#4498 = CARTESIAN_POINT('',(-13.80534819177,14.748335207383,0.));
#4499 = CARTESIAN_POINT('',(-13.9876773991,14.831941552216,0.));
#4500 = CARTESIAN_POINT('',(-14.18403655144,14.91582332165,0.));
#4501 = CARTESIAN_POINT('',(-14.39455410726,14.999301449517,0.));
#4502 = CARTESIAN_POINT('',(-14.54036722128,15.052732939659,0.));
#4503 = CARTESIAN_POINT('',(-14.61563003812,15.079236008123,0.));
#4504 = SURFACE_OF_LINEAR_EXTRUSION('',#4505,#4528);
#4505 = B_SPLINE_CURVE_WITH_KNOTS('',3,(#4506,#4507,#4508,#4509,#4510,
    #4511,#4512,#4513,#4514,#4515,#4516,#4517,#4518,#4519,#4520,#4521,
    #4522,#4523,#4524,#4525,#4526,#4527),.UNSPECIFIED.,.F.,.F.,(4,1,1,1,
    1,1,1,1,1,1,1,1,1,1,1,1,1,1,1,4),(0.,6.469775801205E-03,
    2.587893822125E-02,5.822752025674E-02,0.103515526622,0.161742958887,
    0.232909817767,0.317016103646,0.414061816756,0.524046957245,
    0.646971525216,0.782835520741,0.931638943874,1.093381794658,
    1.268064073122,1.455685779293,1.656246913191,1.869747474833,
    2.096187464232,2.335566881401),.UNSPECIFIED.);
#4506 = CARTESIAN_POINT('',(-12.58511417391,13.95792928243,0.));
#4507 = CARTESIAN_POINT('',(-12.5865751493,13.959515820114,0.));
#4508 = CARTESIAN_POINT('',(-12.59246352497,13.96581983306,0.));
#4509 = CARTESIAN_POINT('',(-12.60609485697,13.979641273652,0.));
#4510 = CARTESIAN_POINT('',(-12.62933155635,14.002149955328,0.));
#4511 = CARTESIAN_POINT('',(-12.66268025681,14.03279942809,0.));
#4512 = CARTESIAN_POINT('',(-12.70655235359,14.071093011827,0.));
#4513 = CARTESIAN_POINT('',(-12.76137507798,14.116484227264,0.));
#4514 = CARTESIAN_POINT('',(-12.82754030029,14.168422955219,0.));
#4515 = CARTESIAN_POINT('',(-12.90542360891,14.226338534343,0.));
#4516 = CARTESIAN_POINT('',(-12.99537654979,14.289646998148,0.));
#4517 = CARTESIAN_POINT('',(-13.09772857094,14.357749637893,0.));
#4518 = CARTESIAN_POINT('',(-13.21278569353,14.430034544695,0.));
#4519 = CARTESIAN_POINT('',(-13.34083030519,14.505877183461,0.));
#4520 = CARTESIAN_POINT('',(-13.48212063406,14.584641292774,0.));
#4521 = CARTESIAN_POINT('',(-13.63689034005,14.665679718307,0.));
#4522 = CARTESIAN_POINT('',(-13.80534819177,14.748335207383,0.));
#4523 = CARTESIAN_POINT('',(-13.9876773991,14.831941552216,0.));
#4524 = CARTESIAN_POINT('',(-14.18403655144,14.91582332165,0.));
#4525 = CARTESIAN_POINT('',(-14.39455410726,14.999301449517,0.));
#4526 = CARTESIAN_POINT('',(-14.54036722128,15.052732939659,0.));
#4527 = CARTESIAN_POINT('',(-14.61563003812,15.079236008123,0.));
#4528 = VECTOR('',#4529,1.);
#4529 = DIRECTION('',(-0.,-0.,-1.));
#4530 = ADVANCED_FACE('',(#4531),#4554,.F.);
#4531 = FACE_BOUND('',#4532,.F.);
#4532 = EDGE_LOOP('',(#4533,#4534,#4541,#4549));
#4533 = ORIENTED_EDGE('',*,*,#4472,.T.);
#4534 = ORIENTED_EDGE('',*,*,#4535,.T.);
#4535 = EDGE_CURVE('',#4446,#4536,#4538,.T.);
#4536 = VERTEX_POINT('',#4537);
#4537 = CARTESIAN_POINT('',(-15.07923600812,14.615630038125,10.));
#4538 = B_SPLINE_CURVE_WITH_KNOTS('',1,(#4539,#4540),.UNSPECIFIED.,.F.,
  .F.,(2,2),(0.,0.655637850368),.PIECEWISE_BEZIER_KNOTS.);
#4539 = CARTESIAN_POINT('',(-14.61563003812,15.079236008123,10.));
#4540 = CARTESIAN_POINT('',(-15.07923600812,14.615630038125,10.));
#4541 = ORIENTED_EDGE('',*,*,#4542,.F.);
#4542 = EDGE_CURVE('',#4543,#4536,#4545,.T.);
#4543 = VERTEX_POINT('',#4544);
#4544 = CARTESIAN_POINT('',(-15.07923600812,14.615630038125,0.));
#4545 = LINE('',#4546,#4547);
#4546 = CARTESIAN_POINT('',(-15.07923600812,14.615630038125,0.));
#4547 = VECTOR('',#4548,1.);
#4548 = DIRECTION('',(0.,0.,1.));
#4549 = ORIENTED_EDGE('',*,*,#4550,.F.);
#4550 = EDGE_CURVE('',#4473,#4543,#4551,.T.);
#4551 = B_SPLINE_CURVE_WITH_KNOTS('',1,(#4552,#4553),.UNSPECIFIED.,.F.,
  .F.,(2,2),(0.,0.655637850368),.PIECEWISE_BEZIER_KNOTS.);
#4552 = CARTESIAN_POINT('',(-14.61563003812,15.079236008123,0.));
#4553 = CARTESIAN_POINT('',(-15.07923600812,14.615630038125,0.));
#4554 = SURFACE_OF_LINEAR_EXTRUSION('',#4555,#4558);
#4555 = B_SPLINE_CURVE_WITH_KNOTS('',1,(#4556,#4557),.UNSPECIFIED.,.F.,
  .F.,(2,2),(0.,0.655637850368),.PIECEWISE_BEZIER_KNOTS.);
#4556 = CARTESIAN_POINT('',(-14.61563003812,15.079236008123,0.));
#4557 = CARTESIAN_POINT('',(-15.07923600812,14.615630038125,0.));
#4558 = VECTOR('',#4559,1.);
#4559 = DIRECTION('',(-0.,-0.,-1.));
#4560 = ADVANCED_FACE('',(#4561),#4624,.F.);
#4561 = FACE_BOUND('',#4562,.F.);
#4562 = EDGE_LOOP('',(#4563,#4564,#4591,#4599));
#4563 = ORIENTED_EDGE('',*,*,#4542,.T.);
#4564 = ORIENTED_EDGE('',*,*,#4565,.T.);
#4565 = EDGE_CURVE('',#4536,#4566,#4568,.T.);
#4566 = VERTEX_POINT('',#4567);
#4567 = CARTESIAN_POINT('',(-13.95792928243,12.585114173915,10.));
#4568 = B_SPLINE_CURVE_WITH_KNOTS('',3,(#4569,#4570,#4571,#4572,#4573,
    #4574,#4575,#4576,#4577,#4578,#4579,#4580,#4581,#4582,#4583,#4584,
    #4585,#4586,#4587,#4588,#4589,#4590),.UNSPECIFIED.,.F.,.F.,(4,1,1,1,
    1,1,1,1,1,1,1,1,1,1,1,1,1,1,1,4),(0.,0.239379417168,0.465819406568,
    0.67931996821,0.879881102108,1.067502808279,1.242185086743,
    1.403927937526,1.55273136066,1.688595356185,1.811519924156,
    1.921505064645,2.018550777754,2.102657063634,2.173823922514,
    2.232051354779,2.277339361144,2.309687943179,2.329097105599,
    2.335566881401),.UNSPECIFIED.);
#4569 = CARTESIAN_POINT('',(-15.07923600812,14.615630038125,10.));
#4570 = CARTESIAN_POINT('',(-15.05273293965,14.540367221284,10.));
#4571 = CARTESIAN_POINT('',(-14.99930144951,14.39455410726,10.));
#4572 = CARTESIAN_POINT('',(-14.91582332165,14.184036551441,10.));
#4573 = CARTESIAN_POINT('',(-14.83194155221,13.987677399109,10.));
#4574 = CARTESIAN_POINT('',(-14.74833520738,13.805348191772,10.));
#4575 = CARTESIAN_POINT('',(-14.6656797183,13.636890340056,10.));
#4576 = CARTESIAN_POINT('',(-14.58464129277,13.482120634064,10.));
#4577 = CARTESIAN_POINT('',(-14.50587718346,13.340830305199,10.));
#4578 = CARTESIAN_POINT('',(-14.43003454469,13.212785693533,10.));
#4579 = CARTESIAN_POINT('',(-14.35774963789,13.097728570945,10.));
#4580 = CARTESIAN_POINT('',(-14.28964699814,12.995376549793,10.));
#4581 = CARTESIAN_POINT('',(-14.22633853434,12.905423608919,10.));
#4582 = CARTESIAN_POINT('',(-14.16842295521,12.827540300292,10.));
#4583 = CARTESIAN_POINT('',(-14.11648422726,12.761375077989,10.));
#4584 = CARTESIAN_POINT('',(-14.07109301182,12.706552353598,10.));
#4585 = CARTESIAN_POINT('',(-14.03279942809,12.66268025681,10.));
#4586 = CARTESIAN_POINT('',(-14.00214995532,12.629331556352,10.));
#4587 = CARTESIAN_POINT('',(-13.97964127365,12.606094856971,10.));
#4588 = CARTESIAN_POINT('',(-13.96581983306,12.592463524976,10.));
#4589 = CARTESIAN_POINT('',(-13.95951582011,12.586575149309,10.));
#4590 = CARTESIAN_POINT('',(-13.95792928243,12.585114173915,10.));
#4591 = ORIENTED_EDGE('',*,*,#4592,.F.);
#4592 = EDGE_CURVE('',#4593,#4566,#4595,.T.);
#4593 = VERTEX_POINT('',#4594);
#4594 = CARTESIAN_POINT('',(-13.95792928243,12.585114173915,0.));
#4595 = LINE('',#4596,#4597);
#4596 = CARTESIAN_POINT('',(-13.95792928243,12.585114173915,0.));
#4597 = VECTOR('',#4598,1.);
#4598 = DIRECTION('',(0.,0.,1.));
#4599 = ORIENTED_EDGE('',*,*,#4600,.F.);
#4600 = EDGE_CURVE('',#4543,#4593,#4601,.T.);
#4601 = B_SPLINE_CURVE_WITH_KNOTS('',3,(#4602,#4603,#4604,#4605,#4606,
    #4607,#4608,#4609,#4610,#4611,#4612,#4613,#4614,#4615,#4616,#4617,
    #4618,#4619,#4620,#4621,#4622,#4623),.UNSPECIFIED.,.F.,.F.,(4,1,1,1,
    1,1,1,1,1,1,1,1,1,1,1,1,1,1,1,4),(0.,0.239379417168,0.465819406568,
    0.67931996821,0.879881102108,1.067502808279,1.242185086743,
    1.403927937526,1.55273136066,1.688595356185,1.811519924156,
    1.921505064645,2.018550777754,2.102657063634,2.173823922514,
    2.232051354779,2.277339361144,2.309687943179,2.329097105599,
    2.335566881401),.UNSPECIFIED.);
#4602 = CARTESIAN_POINT('',(-15.07923600812,14.615630038125,0.));
#4603 = CARTESIAN_POINT('',(-15.05273293965,14.540367221284,0.));
#4604 = CARTESIAN_POINT('',(-14.99930144951,14.39455410726,0.));
#4605 = CARTESIAN_POINT('',(-14.91582332165,14.184036551441,0.));
#4606 = CARTESIAN_POINT('',(-14.83194155221,13.987677399109,0.));
#4607 = CARTESIAN_POINT('',(-14.74833520738,13.805348191772,0.));
#4608 = CARTESIAN_POINT('',(-14.6656797183,13.636890340056,0.));
#4609 = CARTESIAN_POINT('',(-14.58464129277,13.482120634064,0.));
#4610 = CARTESIAN_POINT('',(-14.50587718346,13.340830305199,0.));
#4611 = CARTESIAN_POINT('',(-14.43003454469,13.212785693533,0.));
#4612 = CARTESIAN_POINT('',(-14.35774963789,13.097728570945,0.));
#4613 = CARTESIAN_POINT('',(-14.28964699814,12.995376549793,0.));
#4614 = CARTESIAN_POINT('',(-14.22633853434,12.905423608919,0.));
#4615 = CARTESIAN_POINT('',(-14.16842295521,12.827540300292,0.));
#4616 = CARTESIAN_POINT('',(-14.11648422726,12.761375077989,0.));
#4617 = CARTESIAN_POINT('',(-14.07109301182,12.706552353598,0.));
#4618 = CARTESIAN_POINT('',(-14.03279942809,12.66268025681,0.));
#4619 = CARTESIAN_POINT('',(-14.00214995532,12.629331556352,0.));
#4620 = CARTESIAN_POINT('',(-13.97964127365,12.606094856971,0.));
#4621 = CARTESIAN_POINT('',(-13.96581983306,12.592463524976,0.));
#4622 = CARTESIAN_POINT('',(-13.95951582011,12.586575149309,0.));
#4623 = CARTESIAN_POINT('',(-13.95792928243,12.585114173915,0.));
#4624 = SURFACE_OF_LINEAR_EXTRUSION('',#4625,#4648);
#4625 = B_SPLINE_CURVE_WITH_KNOTS('',3,(#4626,#4627,#4628,#4629,#4630,
    #4631,#4632,#4633,#4634,#4635,#4636,#4637,#4638,#4639,#4640,#4641,
    #4642,#4643,#4644,#4645,#4646,#4647),.UNSPECIFIED.,.F.,.F.,(4,1,1,1,
    1,1,1,1,1,1,1,1,1,1,1,1,1,1,1,4),(0.,0.239379417168,0.465819406568,
    0.67931996821,0.879881102108,1.067502808279,1.242185086743,
    1.403927937526,1.55273136066,1.688595356185,1.811519924156,
    1.921505064645,2.018550777754,2.102657063634,2.173823922514,
    2.232051354779,2.277339361144,2.309687943179,2.329097105599,
    2.335566881401),.UNSPECIFIED.);
#4626 = CARTESIAN_POINT('',(-15.07923600812,14.615630038125,0.));
#4627 = CARTESIAN_POINT('',(-15.05273293965,14.540367221284,0.));
#4628 = CARTESIAN_POINT('',(-14.99930144951,14.39455410726,0.));
#4629 = CARTESIAN_POINT('',(-14.91582332165,14.184036551441,0.));
#4630 = CARTESIAN_POINT('',(-14.83194155221,13.987677399109,0.));
#4631 = CARTESIAN_POINT('',(-14.74833520738,13.805348191772,0.));
#4632 = CARTESIAN_POINT('',(-14.6656797183,13.636890340056,0.));
#4633 = CARTESIAN_POINT('',(-14.58464129277,13.482120634064,0.));
#4634 = CARTESIAN_POINT('',(-14.50587718346,13.340830305199,0.));
#4635 = CARTESIAN_POINT('',(-14.43003454469,13.212785693533,0.));
#4636 = CARTESIAN_POINT('',(-14.35774963789,13.097728570945,0.));
#4637 = CARTESIAN_POINT('',(-14.28964699814,12.995376549793,0.));
#4638 = CARTESIAN_POINT('',(-14.22633853434,12.905423608919,0.));
#4639 = CARTESIAN_POINT('',(-14.16842295521,12.827540300292,0.));
#4640 = CARTESIAN_POINT('',(-14.11648422726,12.761375077989,0.));
#4641 = CARTESIAN_POINT('',(-14.07109301182,12.706552353598,0.));
#4642 = CARTESIAN_POINT('',(-14.03279942809,12.66268025681,0.));
#4643 = CARTESIAN_POINT('',(-14.00214995532,12.629331556352,0.));
#4644 = CARTESIAN_POINT('',(-13.97964127365,12.606094856971,0.));
#4645 = CARTESIAN_POINT('',(-13.96581983306,12.592463524976,0.));
#4646 = CARTESIAN_POINT('',(-13.95951582011,12.586575149309,0.));
#4647 = CARTESIAN_POINT('',(-13.95792928243,12.585114173915,0.));
#4648 = VECTOR('',#4649,1.);
#4649 = DIRECTION('',(-0.,-0.,-1.));
#4650 = ADVANCED_FACE('',(#4651),#4674,.F.);
#4651 = FACE_BOUND('',#4652,.F.);
#4652 = EDGE_LOOP('',(#4653,#4654,#4661,#4669));
#4653 = ORIENTED_EDGE('',*,*,#4592,.T.);
#4654 = ORIENTED_EDGE('',*,*,#4655,.T.);
#4655 = EDGE_CURVE('',#4566,#4656,#4658,.T.);
#4656 = VERTEX_POINT('',#4657);
#4657 = CARTESIAN_POINT('',(-13.92536071139,12.555748844955,10.));
#4658 = B_SPLINE_CURVE_WITH_KNOTS('',1,(#4659,#4660),.UNSPECIFIED.,.F.,
  .F.,(2,2),(0.,4.385241571817E-02),.PIECEWISE_BEZIER_KNOTS.);
#4659 = CARTESIAN_POINT('',(-13.95792928243,12.585114173915,10.));
#4660 = CARTESIAN_POINT('',(-13.92536071139,12.555748844955,10.));
#4661 = ORIENTED_EDGE('',*,*,#4662,.F.);
#4662 = EDGE_CURVE('',#4663,#4656,#4665,.T.);
#4663 = VERTEX_POINT('',#4664);
#4664 = CARTESIAN_POINT('',(-13.92536071139,12.555748844955,0.));
#4665 = LINE('',#4666,#4667);
#4666 = CARTESIAN_POINT('',(-13.92536071139,12.555748844955,0.));
#4667 = VECTOR('',#4668,1.);
#4668 = DIRECTION('',(0.,0.,1.));
#4669 = ORIENTED_EDGE('',*,*,#4670,.F.);
#4670 = EDGE_CURVE('',#4593,#4663,#4671,.T.);
#4671 = B_SPLINE_CURVE_WITH_KNOTS('',1,(#4672,#4673),.UNSPECIFIED.,.F.,
  .F.,(2,2),(0.,4.385241571817E-02),.PIECEWISE_BEZIER_KNOTS.);
#4672 = CARTESIAN_POINT('',(-13.95792928243,12.585114173915,0.));
#4673 = CARTESIAN_POINT('',(-13.92536071139,12.555748844955,0.));
#4674 = SURFACE_OF_LINEAR_EXTRUSION('',#4675,#4678);
#4675 = B_SPLINE_CURVE_WITH_KNOTS('',1,(#4676,#4677),.UNSPECIFIED.,.F.,
  .F.,(2,2),(0.,4.385241571817E-02),.PIECEWISE_BEZIER_KNOTS.);
#4676 = CARTESIAN_POINT('',(-13.95792928243,12.585114173915,0.));
#4677 = CARTESIAN_POINT('',(-13.92536071139,12.555748844955,0.));
#4678 = VECTOR('',#4679,1.);
#4679 = DIRECTION('',(-0.,-0.,-1.));
#4680 = ADVANCED_FACE('',(#4681),#4704,.F.);
#4681 = FACE_BOUND('',#4682,.F.);
#4682 = EDGE_LOOP('',(#4683,#4684,#4691,#4699));
#4683 = ORIENTED_EDGE('',*,*,#4662,.T.);
#4684 = ORIENTED_EDGE('',*,*,#4685,.T.);
#4685 = EDGE_CURVE('',#4656,#4686,#4688,.T.);
#4686 = VERTEX_POINT('',#4687);
#4687 = CARTESIAN_POINT('',(-14.57957309498,11.789764559484,10.));
#4688 = B_SPLINE_CURVE_WITH_KNOTS('',1,(#4689,#4690),.UNSPECIFIED.,.F.,
  .F.,(2,2),(0.,1.007335975944),.PIECEWISE_BEZIER_KNOTS.);
#4689 = CARTESIAN_POINT('',(-13.92536071139,12.555748844955,10.));
#4690 = CARTESIAN_POINT('',(-14.57957309498,11.789764559484,10.));
#4691 = ORIENTED_EDGE('',*,*,#4692,.F.);
#4692 = EDGE_CURVE('',#4693,#4686,#4695,.T.);
#4693 = VERTEX_POINT('',#4694);
#4694 = CARTESIAN_POINT('',(-14.57957309498,11.789764559484,0.));
#4695 = LINE('',#4696,#4697);
#4696 = CARTESIAN_POINT('',(-14.57957309498,11.789764559484,0.));
#4697 = VECTOR('',#4698,1.);
#4698 = DIRECTION('',(0.,0.,1.));
#4699 = ORIENTED_EDGE('',*,*,#4700,.F.);
#4700 = EDGE_CURVE('',#4663,#4693,#4701,.T.);
#4701 = B_SPLINE_CURVE_WITH_KNOTS('',1,(#4702,#4703),.UNSPECIFIED.,.F.,
  .F.,(2,2),(0.,1.007335975944),.PIECEWISE_BEZIER_KNOTS.);
#4702 = CARTESIAN_POINT('',(-13.92536071139,12.555748844955,0.));
#4703 = CARTESIAN_POINT('',(-14.57957309498,11.789764559484,0.));
#4704 = SURFACE_OF_LINEAR_EXTRUSION('',#4705,#4708);
#4705 = B_SPLINE_CURVE_WITH_KNOTS('',1,(#4706,#4707),.UNSPECIFIED.,.F.,
  .F.,(2,2),(0.,1.007335975944),.PIECEWISE_BEZIER_KNOTS.);
#4706 = CARTESIAN_POINT('',(-13.92536071139,12.555748844955,0.));
#4707 = CARTESIAN_POINT('',(-14.57957309498,11.789764559484,0.));
#4708 = VECTOR('',#4709,1.);
#4709 = DIRECTION('',(-0.,-0.,-1.));
#4710 = ADVANCED_FACE('',(#4711),#4734,.F.);
#4711 = FACE_BOUND('',#4712,.F.);
#4712 = EDGE_LOOP('',(#4713,#4714,#4721,#4729));
#4713 = ORIENTED_EDGE('',*,*,#4692,.T.);
#4714 = ORIENTED_EDGE('',*,*,#4715,.T.);
#4715 = EDGE_CURVE('',#4686,#4716,#4718,.T.);
#4716 = VERTEX_POINT('',#4717);
#4717 = CARTESIAN_POINT('',(-14.613671735,11.817338407841,10.));
#4718 = B_SPLINE_CURVE_WITH_KNOTS('',1,(#4719,#4720),.UNSPECIFIED.,.F.,
  .F.,(2,2),(0.,4.385241571817E-02),.PIECEWISE_BEZIER_KNOTS.);
#4719 = CARTESIAN_POINT('',(-14.57957309498,11.789764559484,10.));
#4720 = CARTESIAN_POINT('',(-14.613671735,11.817338407841,10.));
#4721 = ORIENTED_EDGE('',*,*,#4722,.F.);
#4722 = EDGE_CURVE('',#4723,#4716,#4725,.T.);
#4723 = VERTEX_POINT('',#4724);
#4724 = CARTESIAN_POINT('',(-14.613671735,11.817338407841,0.));
#4725 = LINE('',#4726,#4727);
#4726 = CARTESIAN_POINT('',(-14.613671735,11.817338407841,0.));
#4727 = VECTOR('',#4728,1.);
#4728 = DIRECTION('',(0.,0.,1.));
#4729 = ORIENTED_EDGE('',*,*,#4730,.F.);
#4730 = EDGE_CURVE('',#4693,#4723,#4731,.T.);
#4731 = B_SPLINE_CURVE_WITH_KNOTS('',1,(#4732,#4733),.UNSPECIFIED.,.F.,
  .F.,(2,2),(0.,4.385241571817E-02),.PIECEWISE_BEZIER_KNOTS.);
#4732 = CARTESIAN_POINT('',(-14.57957309498,11.789764559484,0.));
#4733 = CARTESIAN_POINT('',(-14.613671735,11.817338407841,0.));
#4734 = SURFACE_OF_LINEAR_EXTRUSION('',#4735,#4738);
#4735 = B_SPLINE_CURVE_WITH_KNOTS('',1,(#4736,#4737),.UNSPECIFIED.,.F.,
  .F.,(2,2),(0.,4.385241571817E-02),.PIECEWISE_BEZIER_KNOTS.);
#4736 = CARTESIAN_POINT('',(-14.57957309498,11.789764559484,0.));
#4737 = CARTESIAN_POINT('',(-14.613671735,11.817338407841,0.));
#4738 = VECTOR('',#4739,1.);
#4739 = DIRECTION('',(-0.,-0.,-1.));
#4740 = ADVANCED_FACE('',(#4741),#4804,.F.);
#4741 = FACE_BOUND('',#4742,.F.);
#4742 = EDGE_LOOP('',(#4743,#4744,#4771,#4779));
#4743 = ORIENTED_EDGE('',*,*,#4722,.T.);
#4744 = ORIENTED_EDGE('',*,*,#4745,.T.);
#4745 = EDGE_CURVE('',#4716,#4746,#4748,.T.);
#4746 = VERTEX_POINT('',#4747);
#4747 = CARTESIAN_POINT('',(-16.79459959725,12.607197324065,10.));
#4748 = B_SPLINE_CURVE_WITH_KNOTS('',3,(#4749,#4750,#4751,#4752,#4753,
    #4754,#4755,#4756,#4757,#4758,#4759,#4760,#4761,#4762,#4763,#4764,
    #4765,#4766,#4767,#4768,#4769,#4770),.UNSPECIFIED.,.F.,.F.,(4,1,1,1,
    1,1,1,1,1,1,1,1,1,1,1,1,1,1,1,4),(0.,6.469775801205E-03,
    2.587893822125E-02,5.822752025674E-02,0.103515526622,0.161742958887,
    0.232909817767,0.317016103646,0.414061816756,0.524046957245,
    0.646971525216,0.782835520741,0.931638943874,1.093381794658,
    1.268064073122,1.455685779293,1.656246913191,1.869747474833,
    2.096187464232,2.335566881401),.UNSPECIFIED.);
#4749 = CARTESIAN_POINT('',(-14.613671735,11.817338407841,10.));
#4750 = CARTESIAN_POINT('',(-14.61536291253,11.818676865709,10.));
#4751 = CARTESIAN_POINT('',(-14.62216495742,11.823982120898,10.));
#4752 = CARTESIAN_POINT('',(-14.63779061476,11.835500986492,10.));
#4753 = CARTESIAN_POINT('',(-14.66426236539,11.854097528309,10.));
#4754 = CARTESIAN_POINT('',(-14.70199512188,11.879152769085,10.));
#4755 = CARTESIAN_POINT('',(-14.75131751664,11.91011178727,10.));
#4756 = CARTESIAN_POINT('',(-14.81256603283,11.946367997961,10.));
#4757 = CARTESIAN_POINT('',(-14.88604165857,11.987316752832,10.));
#4758 = CARTESIAN_POINT('',(-14.97202608707,12.032335661352,10.));
#4759 = CARTESIAN_POINT('',(-15.07077518364,12.080792952728,10.));
#4760 = CARTESIAN_POINT('',(-15.18252068158,12.132045752293,10.));
#4761 = CARTESIAN_POINT('',(-15.30746911079,12.185441812522,10.));
#4762 = CARTESIAN_POINT('',(-15.44580168343,12.240320112224,10.));
#4763 = CARTESIAN_POINT('',(-15.5976739152,12.296011827638,10.));
#4764 = CARTESIAN_POINT('',(-15.76321535203,12.351841219516,10.));
#4765 = CARTESIAN_POINT('',(-15.94252937527,12.407126468447,10.));
#4766 = CARTESIAN_POINT('',(-16.13569272133,12.461180908428,10.));
#4767 = CARTESIAN_POINT('',(-16.34275636639,12.513312615135,10.));
#4768 = CARTESIAN_POINT('',(-16.56374095803,12.562830787498,10.));
#4769 = CARTESIAN_POINT('',(-16.71611739724,12.592794250843,10.));
#4770 = CARTESIAN_POINT('',(-16.79459959725,12.607197324065,10.));
#4771 = ORIENTED_EDGE('',*,*,#4772,.F.);
#4772 = EDGE_CURVE('',#4773,#4746,#4775,.T.);
#4773 = VERTEX_POINT('',#4774);
#4774 = CARTESIAN_POINT('',(-16.79459959725,12.607197324065,0.));
#4775 = LINE('',#4776,#4777);
#4776 = CARTESIAN_POINT('',(-16.79459959725,12.607197324065,0.));
#4777 = VECTOR('',#4778,1.);
#4778 = DIRECTION('',(0.,0.,1.));
#4779 = ORIENTED_EDGE('',*,*,#4780,.F.);
#4780 = EDGE_CURVE('',#4723,#4773,#4781,.T.);
#4781 = B_SPLINE_CURVE_WITH_KNOTS('',3,(#4782,#4783,#4784,#4785,#4786,
    #4787,#4788,#4789,#4790,#4791,#4792,#4793,#4794,#4795,#4796,#4797,
    #4798,#4799,#4800,#4801,#4802,#4803),.UNSPECIFIED.,.F.,.F.,(4,1,1,1,
    1,1,1,1,1,1,1,1,1,1,1,1,1,1,1,4),(0.,6.469775801205E-03,
    2.587893822125E-02,5.822752025674E-02,0.103515526622,0.161742958887,
    0.232909817767,0.317016103646,0.414061816756,0.524046957245,
    0.646971525216,0.782835520741,0.931638943874,1.093381794658,
    1.268064073122,1.455685779293,1.656246913191,1.869747474833,
    2.096187464232,2.335566881401),.UNSPECIFIED.);
#4782 = CARTESIAN_POINT('',(-14.613671735,11.817338407841,0.));
#4783 = CARTESIAN_POINT('',(-14.61536291253,11.818676865709,0.));
#4784 = CARTESIAN_POINT('',(-14.62216495742,11.823982120898,0.));
#4785 = CARTESIAN_POINT('',(-14.63779061476,11.835500986492,0.));
#4786 = CARTESIAN_POINT('',(-14.66426236539,11.854097528309,0.));
#4787 = CARTESIAN_POINT('',(-14.70199512188,11.879152769085,0.));
#4788 = CARTESIAN_POINT('',(-14.75131751664,11.91011178727,0.));
#4789 = CARTESIAN_POINT('',(-14.81256603283,11.946367997961,0.));
#4790 = CARTESIAN_POINT('',(-14.88604165857,11.987316752832,0.));
#4791 = CARTESIAN_POINT('',(-14.97202608707,12.032335661352,0.));
#4792 = CARTESIAN_POINT('',(-15.07077518364,12.080792952728,0.));
#4793 = CARTESIAN_POINT('',(-15.18252068158,12.132045752293,0.));
#4794 = CARTESIAN_POINT('',(-15.30746911079,12.185441812522,0.));
#4795 = CARTESIAN_POINT('',(-15.44580168343,12.240320112224,0.));
#4796 = CARTESIAN_POINT('',(-15.5976739152,12.296011827638,0.));
#4797 = CARTESIAN_POINT('',(-15.76321535203,12.351841219516,0.));
#4798 = CARTESIAN_POINT('',(-15.94252937527,12.407126468447,0.));
#4799 = CARTESIAN_POINT('',(-16.13569272133,12.461180908428,0.));
#4800 = CARTESIAN_POINT('',(-16.34275636639,12.513312615135,0.));
#4801 = CARTESIAN_POINT('',(-16.56374095803,12.562830787498,0.));
#4802 = CARTESIAN_POINT('',(-16.71611739724,12.592794250843,0.));
#4803 = CARTESIAN_POINT('',(-16.79459959725,12.607197324065,0.));
#4804 = SURFACE_OF_LINEAR_EXTRUSION('',#4805,#4828);
#4805 = B_SPLINE_CURVE_WITH_KNOTS('',3,(#4806,#4807,#4808,#4809,#4810,
    #4811,#4812,#4813,#4814,#4815,#4816,#4817,#4818,#4819,#4820,#4821,
    #4822,#4823,#4824,#4825,#4826,#4827),.UNSPECIFIED.,.F.,.F.,(4,1,1,1,
    1,1,1,1,1,1,1,1,1,1,1,1,1,1,1,4),(0.,6.469775801205E-03,
    2.587893822125E-02,5.822752025674E-02,0.103515526622,0.161742958887,
    0.232909817767,0.317016103646,0.414061816756,0.524046957245,
    0.646971525216,0.782835520741,0.931638943874,1.093381794658,
    1.268064073122,1.455685779293,1.656246913191,1.869747474833,
    2.096187464232,2.335566881401),.UNSPECIFIED.);
#4806 = CARTESIAN_POINT('',(-14.613671735,11.817338407841,0.));
#4807 = CARTESIAN_POINT('',(-14.61536291253,11.818676865709,0.));
#4808 = CARTESIAN_POINT('',(-14.62216495742,11.823982120898,0.));
#4809 = CARTESIAN_POINT('',(-14.63779061476,11.835500986492,0.));
#4810 = CARTESIAN_POINT('',(-14.66426236539,11.854097528309,0.));
#4811 = CARTESIAN_POINT('',(-14.70199512188,11.879152769085,0.));
#4812 = CARTESIAN_POINT('',(-14.75131751664,11.91011178727,0.));
#4813 = CARTESIAN_POINT('',(-14.81256603283,11.946367997961,0.));
#4814 = CARTESIAN_POINT('',(-14.88604165857,11.987316752832,0.));
#4815 = CARTESIAN_POINT('',(-14.97202608707,12.032335661352,0.));
#4816 = CARTESIAN_POINT('',(-15.07077518364,12.080792952728,0.));
#4817 = CARTESIAN_POINT('',(-15.18252068158,12.132045752293,0.));
#4818 = CARTESIAN_POINT('',(-15.30746911079,12.185441812522,0.));
#4819 = CARTESIAN_POINT('',(-15.44580168343,12.240320112224,0.));
#4820 = CARTESIAN_POINT('',(-15.5976739152,12.296011827638,0.));
#4821 = CARTESIAN_POINT('',(-15.76321535203,12.351841219516,0.));
#4822 = CARTESIAN_POINT('',(-15.94252937527,12.407126468447,0.));
#4823 = CARTESIAN_POINT('',(-16.13569272133,12.461180908428,0.));
#4824 = CARTESIAN_POINT('',(-16.34275636639,12.513312615135,0.));
#4825 = CARTESIAN_POINT('',(-16.56374095803,12.562830787498,0.));
#4826 = CARTESIAN_POINT('',(-16.71611739724,12.592794250843,0.));
#4827 = CARTESIAN_POINT('',(-16.79459959725,12.607197324065,0.));
#4828 = VECTOR('',#4829,1.);
#4829 = DIRECTION('',(-0.,-0.,-1.));
#4830 = ADVANCED_FACE('',(#4831),#4854,.F.);
#4831 = FACE_BOUND('',#4832,.F.);
#4832 = EDGE_LOOP('',(#4833,#4834,#4841,#4849));
#4833 = ORIENTED_EDGE('',*,*,#4772,.T.);
#4834 = ORIENTED_EDGE('',*,*,#4835,.T.);
#4835 = EDGE_CURVE('',#4746,#4836,#4838,.T.);
#4836 = VERTEX_POINT('',#4837);
#4837 = CARTESIAN_POINT('',(-17.17997385654,12.076775160962,10.));
#4838 = B_SPLINE_CURVE_WITH_KNOTS('',1,(#4839,#4840),.UNSPECIFIED.,.F.,
  .F.,(2,2),(0.,0.655637850368),.PIECEWISE_BEZIER_KNOTS.);
#4839 = CARTESIAN_POINT('',(-16.79459959725,12.607197324065,10.));
#4840 = CARTESIAN_POINT('',(-17.17997385654,12.076775160962,10.));
#4841 = ORIENTED_EDGE('',*,*,#4842,.F.);
#4842 = EDGE_CURVE('',#4843,#4836,#4845,.T.);
#4843 = VERTEX_POINT('',#4844);
#4844 = CARTESIAN_POINT('',(-17.17997385654,12.076775160962,0.));
#4845 = LINE('',#4846,#4847);
#4846 = CARTESIAN_POINT('',(-17.17997385654,12.076775160962,0.));
#4847 = VECTOR('',#4848,1.);
#4848 = DIRECTION('',(0.,0.,1.));
#4849 = ORIENTED_EDGE('',*,*,#4850,.F.);
#4850 = EDGE_CURVE('',#4773,#4843,#4851,.T.);
#4851 = B_SPLINE_CURVE_WITH_KNOTS('',1,(#4852,#4853),.UNSPECIFIED.,.F.,
  .F.,(2,2),(0.,0.655637850368),.PIECEWISE_BEZIER_KNOTS.);
#4852 = CARTESIAN_POINT('',(-16.79459959725,12.607197324065,0.));
#4853 = CARTESIAN_POINT('',(-17.17997385654,12.076775160962,0.));
#4854 = SURFACE_OF_LINEAR_EXTRUSION('',#4855,#4858);
#4855 = B_SPLINE_CURVE_WITH_KNOTS('',1,(#4856,#4857),.UNSPECIFIED.,.F.,
  .F.,(2,2),(0.,0.655637850368),.PIECEWISE_BEZIER_KNOTS.);
#4856 = CARTESIAN_POINT('',(-16.79459959725,12.607197324065,0.));
#4857 = CARTESIAN_POINT('',(-17.17997385654,12.076775160962,0.));
#4858 = VECTOR('',#4859,1.);
#4859 = DIRECTION('',(-0.,-0.,-1.));
#4860 = ADVANCED_FACE('',(#4861),#4924,.F.);
#4861 = FACE_BOUND('',#4862,.F.);
#4862 = EDGE_LOOP('',(#4863,#4864,#4891,#4899));
#4863 = ORIENTED_EDGE('',*,*,#4842,.T.);
#4864 = ORIENTED_EDGE('',*,*,#4865,.T.);
#4865 = EDGE_CURVE('',#4836,#4866,#4868,.T.);
#4866 = VERTEX_POINT('',#4867);
#4867 = CARTESIAN_POINT('',(-15.75482961437,10.246669334269,10.));
#4868 = B_SPLINE_CURVE_WITH_KNOTS('',3,(#4869,#4870,#4871,#4872,#4873,
    #4874,#4875,#4876,#4877,#4878,#4879,#4880,#4881,#4882,#4883,#4884,
    #4885,#4886,#4887,#4888,#4889,#4890),.UNSPECIFIED.,.F.,.F.,(4,1,1,1,
    1,1,1,1,1,1,1,1,1,1,1,1,1,1,1,4),(0.,0.239379417168,0.465819406568,
    0.67931996821,0.879881102108,1.067502808279,1.242185086743,
    1.403927937526,1.55273136066,1.688595356185,1.811519924156,
    1.921505064645,2.018550777754,2.102657063634,2.173823922514,
    2.232051354779,2.277339361144,2.309687943179,2.329097105599,
    2.335566881401),.UNSPECIFIED.);
#4869 = CARTESIAN_POINT('',(-17.17997385654,12.076775160962,10.));
#4870 = CARTESIAN_POINT('',(-17.14202338634,12.006584947625,10.));
#4871 = CARTESIAN_POINT('',(-17.06643953002,11.870925561574,10.));
#4872 = CARTESIAN_POINT('',(-16.9510569552,11.676058682477,10.));
#4873 = CARTESIAN_POINT('',(-16.83749057059,11.495239036877,10.));
#4874 = CARTESIAN_POINT('',(-16.72639098659,11.328233518468,10.));
#4875 = CARTESIAN_POINT('',(-16.61840050983,11.174779829663,10.));
#4876 = CARTESIAN_POINT('',(-16.51414848563,11.034592798323,10.));
#4877 = CARTESIAN_POINT('',(-16.41425141619,10.907363409169,10.));
#4878 = CARTESIAN_POINT('',(-16.31931193584,10.792759641773,10.));
#4879 = CARTESIAN_POINT('',(-16.22991807676,10.690426914017,10.));
#4880 = CARTESIAN_POINT('',(-16.14664250985,10.599988616105,10.));
#4881 = CARTESIAN_POINT('',(-16.0700417381,10.521046770869,10.));
#4882 = CARTESIAN_POINT('',(-16.00065556214,10.453182327649,10.));
#4883 = CARTESIAN_POINT('',(-15.93900576496,10.39595671615,10.));
#4884 = CARTESIAN_POINT('',(-15.88559722715,10.348909700974,10.));
#4885 = CARTESIAN_POINT('',(-15.84091199298,10.311568178786,10.));
#4886 = CARTESIAN_POINT('',(-15.80542297997,10.283424690044,10.));
#4887 = CARTESIAN_POINT('',(-15.77955639688,10.263995206568,10.));
#4888 = CARTESIAN_POINT('',(-15.76377271103,10.252693848555,10.));
#4889 = CARTESIAN_POINT('',(-15.75662516605,10.247864133456,10.));
#4890 = CARTESIAN_POINT('',(-15.75482961437,10.246669334269,10.));
#4891 = ORIENTED_EDGE('',*,*,#4892,.F.);
#4892 = EDGE_CURVE('',#4893,#4866,#4895,.T.);
#4893 = VERTEX_POINT('',#4894);
#4894 = CARTESIAN_POINT('',(-15.75482961437,10.246669334269,0.));
#4895 = LINE('',#4896,#4897);
#4896 = CARTESIAN_POINT('',(-15.75482961437,10.246669334269,0.));
#4897 = VECTOR('',#4898,1.);
#4898 = DIRECTION('',(0.,0.,1.));
#4899 = ORIENTED_EDGE('',*,*,#4900,.F.);
#4900 = EDGE_CURVE('',#4843,#4893,#4901,.T.);
#4901 = B_SPLINE_CURVE_WITH_KNOTS('',3,(#4902,#4903,#4904,#4905,#4906,
    #4907,#4908,#4909,#4910,#4911,#4912,#4913,#4914,#4915,#4916,#4917,
    #4918,#4919,#4920,#4921,#4922,#4923),.UNSPECIFIED.,.F.,.F.,(4,1,1,1,
    1,1,1,1,1,1,1,1,1,1,1,1,1,1,1,4),(0.,0.239379417168,0.465819406568,
    0.67931996821,0.879881102108,1.067502808279,1.242185086743,
    1.403927937526,1.55273136066,1.688595356185,1.811519924156,
    1.921505064645,2.018550777754,2.102657063634,2.173823922514,
    2.232051354779,2.277339361144,2.309687943179,2.329097105599,
    2.335566881401),.UNSPECIFIED.);
#4902 = CARTESIAN_POINT('',(-17.17997385654,12.076775160962,0.));
#4903 = CARTESIAN_POINT('',(-17.14202338634,12.006584947625,0.));
#4904 = CARTESIAN_POINT('',(-17.06643953002,11.870925561574,0.));
#4905 = CARTESIAN_POINT('',(-16.9510569552,11.676058682477,0.));
#4906 = CARTESIAN_POINT('',(-16.83749057059,11.495239036877,0.));
#4907 = CARTESIAN_POINT('',(-16.72639098659,11.328233518468,0.));
#4908 = CARTESIAN_POINT('',(-16.61840050983,11.174779829663,0.));
#4909 = CARTESIAN_POINT('',(-16.51414848563,11.034592798323,0.));
#4910 = CARTESIAN_POINT('',(-16.41425141619,10.907363409169,0.));
#4911 = CARTESIAN_POINT('',(-16.31931193584,10.792759641773,0.));
#4912 = CARTESIAN_POINT('',(-16.22991807676,10.690426914017,0.));
#4913 = CARTESIAN_POINT('',(-16.14664250985,10.599988616105,0.));
#4914 = CARTESIAN_POINT('',(-16.0700417381,10.521046770869,0.));
#4915 = CARTESIAN_POINT('',(-16.00065556214,10.453182327649,0.));
#4916 = CARTESIAN_POINT('',(-15.93900576496,10.39595671615,0.));
#4917 = CARTESIAN_POINT('',(-15.88559722715,10.348909700974,0.));
#4918 = CARTESIAN_POINT('',(-15.84091199298,10.311568178786,0.));
#4919 = CARTESIAN_POINT('',(-15.80542297997,10.283424690044,0.));
#4920 = CARTESIAN_POINT('',(-15.77955639688,10.263995206568,0.));
#4921 = CARTESIAN_POINT('',(-15.76377271103,10.252693848555,0.));
#4922 = CARTESIAN_POINT('',(-15.75662516605,10.247864133456,0.));
#4923 = CARTESIAN_POINT('',(-15.75482961437,10.246669334269,0.));
#4924 = SURFACE_OF_LINEAR_EXTRUSION('',#4925,#4948);
#4925 = B_SPLINE_CURVE_WITH_KNOTS('',3,(#4926,#4927,#4928,#4929,#4930,
    #4931,#4932,#4933,#4934,#4935,#4936,#4937,#4938,#4939,#4940,#4941,
    #4942,#4943,#4944,#4945,#4946,#4947),.UNSPECIFIED.,.F.,.F.,(4,1,1,1,
    1,1,1,1,1,1,1,1,1,1,1,1,1,1,1,4),(0.,0.239379417168,0.465819406568,
    0.67931996821,0.879881102108,1.067502808279,1.242185086743,
    1.403927937526,1.55273136066,1.688595356185,1.811519924156,
    1.921505064645,2.018550777754,2.102657063634,2.173823922514,
    2.232051354779,2.277339361144,2.309687943179,2.329097105599,
    2.335566881401),.UNSPECIFIED.);
#4926 = CARTESIAN_POINT('',(-17.17997385654,12.076775160962,0.));
#4927 = CARTESIAN_POINT('',(-17.14202338634,12.006584947625,0.));
#4928 = CARTESIAN_POINT('',(-17.06643953002,11.870925561574,0.));
#4929 = CARTESIAN_POINT('',(-16.9510569552,11.676058682477,0.));
#4930 = CARTESIAN_POINT('',(-16.83749057059,11.495239036877,0.));
#4931 = CARTESIAN_POINT('',(-16.72639098659,11.328233518468,0.));
#4932 = CARTESIAN_POINT('',(-16.61840050983,11.174779829663,0.));
#4933 = CARTESIAN_POINT('',(-16.51414848563,11.034592798323,0.));
#4934 = CARTESIAN_POINT('',(-16.41425141619,10.907363409169,0.));
#4935 = CARTESIAN_POINT('',(-16.31931193584,10.792759641773,0.));
#4936 = CARTESIAN_POINT('',(-16.22991807676,10.690426914017,0.));
#4937 = CARTESIAN_POINT('',(-16.14664250985,10.599988616105,0.));
#4938 = CARTESIAN_POINT('',(-16.0700417381,10.521046770869,0.));
#4939 = CARTESIAN_POINT('',(-16.00065556214,10.453182327649,0.));
#4940 = CARTESIAN_POINT('',(-15.93900576496,10.39595671615,0.));
#4941 = CARTESIAN_POINT('',(-15.88559722715,10.348909700974,0.));
#4942 = CARTESIAN_POINT('',(-15.84091199298,10.311568178786,0.));
#4943 = CARTESIAN_POINT('',(-15.80542297997,10.283424690044,0.));
#4944 = CARTESIAN_POINT('',(-15.77955639688,10.263995206568,0.));
#4945 = CARTESIAN_POINT('',(-15.76377271103,10.252693848555,0.));
#4946 = CARTESIAN_POINT('',(-15.75662516605,10.247864133456,0.));
#4947 = CARTESIAN_POINT('',(-15.75482961437,10.246669334269,0.));
#4948 = VECTOR('',#4949,1.);
#4949 = DIRECTION('',(-0.,-0.,-1.));
#4950 = ADVANCED_FACE('',(#4951),#4974,.F.);
#4951 = FACE_BOUND('',#4952,.F.);
#4952 = EDGE_LOOP('',(#4953,#4954,#4961,#4969));
#4953 = ORIENTED_EDGE('',*,*,#4892,.T.);
#4954 = ORIENTED_EDGE('',*,*,#4955,.T.);
#4955 = EDGE_CURVE('',#4866,#4956,#4958,.T.);
#4956 = VERTEX_POINT('',#4957);
#4957 = CARTESIAN_POINT('',(-15.71806826696,10.222760388224,10.));
#4958 = B_SPLINE_CURVE_WITH_KNOTS('',1,(#4959,#4960),.UNSPECIFIED.,.F.,
  .F.,(2,2),(0.,4.385241571817E-02),.PIECEWISE_BEZIER_KNOTS.);
#4959 = CARTESIAN_POINT('',(-15.75482961437,10.246669334269,10.));
#4960 = CARTESIAN_POINT('',(-15.71806826696,10.222760388224,10.));
#4961 = ORIENTED_EDGE('',*,*,#4962,.F.);
#4962 = EDGE_CURVE('',#4963,#4956,#4965,.T.);
#4963 = VERTEX_POINT('',#4964);
#4964 = CARTESIAN_POINT('',(-15.71806826696,10.222760388224,0.));
#4965 = LINE('',#4966,#4967);
#4966 = CARTESIAN_POINT('',(-15.71806826696,10.222760388224,0.));
#4967 = VECTOR('',#4968,1.);
#4968 = DIRECTION('',(0.,0.,1.));
#4969 = ORIENTED_EDGE('',*,*,#4970,.F.);
#4970 = EDGE_CURVE('',#4893,#4963,#4971,.T.);
#4971 = B_SPLINE_CURVE_WITH_KNOTS('',1,(#4972,#4973),.UNSPECIFIED.,.F.,
  .F.,(2,2),(0.,4.385241571817E-02),.PIECEWISE_BEZIER_KNOTS.);
#4972 = CARTESIAN_POINT('',(-15.75482961437,10.246669334269,0.));
#4973 = CARTESIAN_POINT('',(-15.71806826696,10.222760388224,0.));
#4974 = SURFACE_OF_LINEAR_EXTRUSION('',#4975,#4978);
#4975 = B_SPLINE_CURVE_WITH_KNOTS('',1,(#4976,#4977),.UNSPECIFIED.,.F.,
  .F.,(2,2),(0.,4.385241571817E-02),.PIECEWISE_BEZIER_KNOTS.);
#4976 = CARTESIAN_POINT('',(-15.75482961437,10.246669334269,0.));
#4977 = CARTESIAN_POINT('',(-15.71806826696,10.222760388224,0.));
#4978 = VECTOR('',#4979,1.);
#4979 = DIRECTION('',(-0.,-0.,-1.));
#4980 = ADVANCED_FACE('',(#4981),#5004,.F.);
#4981 = FACE_BOUND('',#4982,.F.);
#4982 = EDGE_LOOP('',(#4983,#4984,#4991,#4999));
#4983 = ORIENTED_EDGE('',*,*,#4962,.T.);
#4984 = ORIENTED_EDGE('',*,*,#4985,.T.);
#4985 = EDGE_CURVE('',#4956,#4986,#4988,.T.);
#4986 = VERTEX_POINT('',#4987);
#4987 = CARTESIAN_POINT('',(-16.24439986858,9.363865276136,10.));
#4988 = B_SPLINE_CURVE_WITH_KNOTS('',1,(#4989,#4990),.UNSPECIFIED.,.F.,
  .F.,(2,2),(0.,1.007335975944),.PIECEWISE_BEZIER_KNOTS.);
#4989 = CARTESIAN_POINT('',(-15.71806826696,10.222760388224,10.));
#4990 = CARTESIAN_POINT('',(-16.24439986858,9.363865276136,10.));
#4991 = ORIENTED_EDGE('',*,*,#4992,.F.);
#4992 = EDGE_CURVE('',#4993,#4986,#4995,.T.);
#4993 = VERTEX_POINT('',#4994);
#4994 = CARTESIAN_POINT('',(-16.24439986858,9.363865276136,0.));
#4995 = LINE('',#4996,#4997);
#4996 = CARTESIAN_POINT('',(-16.24439986858,9.363865276136,0.));
#4997 = VECTOR('',#4998,1.);
#4998 = DIRECTION('',(0.,0.,1.));
#4999 = ORIENTED_EDGE('',*,*,#5000,.F.);
#5000 = EDGE_CURVE('',#4963,#4993,#5001,.T.);
#5001 = B_SPLINE_CURVE_WITH_KNOTS('',1,(#5002,#5003),.UNSPECIFIED.,.F.,
  .F.,(2,2),(0.,1.007335975944),.PIECEWISE_BEZIER_KNOTS.);
#5002 = CARTESIAN_POINT('',(-15.71806826696,10.222760388224,0.));
#5003 = CARTESIAN_POINT('',(-16.24439986858,9.363865276136,0.));
#5004 = SURFACE_OF_LINEAR_EXTRUSION('',#5005,#5008);
#5005 = B_SPLINE_CURVE_WITH_KNOTS('',1,(#5006,#5007),.UNSPECIFIED.,.F.,
  .F.,(2,2),(0.,1.007335975944),.PIECEWISE_BEZIER_KNOTS.);
#5006 = CARTESIAN_POINT('',(-15.71806826696,10.222760388224,0.));
#5007 = CARTESIAN_POINT('',(-16.24439986858,9.363865276136,0.));
#5008 = VECTOR('',#5009,1.);
#5009 = DIRECTION('',(-0.,-0.,-1.));
#5010 = ADVANCED_FACE('',(#5011),#5034,.F.);
#5011 = FACE_BOUND('',#5012,.F.);
#5012 = EDGE_LOOP('',(#5013,#5014,#5021,#5029));
#5013 = ORIENTED_EDGE('',*,*,#4992,.T.);
#5014 = ORIENTED_EDGE('',*,*,#5015,.T.);
#5015 = EDGE_CURVE('',#4986,#5016,#5018,.T.);
#5016 = VERTEX_POINT('',#5017);
#5017 = CARTESIAN_POINT('',(-16.28239219797,9.385765442153,10.));
#5018 = B_SPLINE_CURVE_WITH_KNOTS('',1,(#5019,#5020),.UNSPECIFIED.,.F.,
  .F.,(2,2),(0.,4.385241571817E-02),.PIECEWISE_BEZIER_KNOTS.);
#5019 = CARTESIAN_POINT('',(-16.24439986858,9.363865276136,10.));
#5020 = CARTESIAN_POINT('',(-16.28239219797,9.385765442153,10.));
#5021 = ORIENTED_EDGE('',*,*,#5022,.F.);
#5022 = EDGE_CURVE('',#5023,#5016,#5025,.T.);
#5023 = VERTEX_POINT('',#5024);
#5024 = CARTESIAN_POINT('',(-16.28239219797,9.385765442153,0.));
#5025 = LINE('',#5026,#5027);
#5026 = CARTESIAN_POINT('',(-16.28239219797,9.385765442153,0.));
#5027 = VECTOR('',#5028,1.);
#5028 = DIRECTION('',(0.,0.,1.));
#5029 = ORIENTED_EDGE('',*,*,#5030,.F.);
#5030 = EDGE_CURVE('',#4993,#5023,#5031,.T.);
#5031 = B_SPLINE_CURVE_WITH_KNOTS('',1,(#5032,#5033),.UNSPECIFIED.,.F.,
  .F.,(2,2),(0.,4.385241571817E-02),.PIECEWISE_BEZIER_KNOTS.);
#5032 = CARTESIAN_POINT('',(-16.24439986858,9.363865276136,0.));
#5033 = CARTESIAN_POINT('',(-16.28239219797,9.385765442153,0.));
#5034 = SURFACE_OF_LINEAR_EXTRUSION('',#5035,#5038);
#5035 = B_SPLINE_CURVE_WITH_KNOTS('',1,(#5036,#5037),.UNSPECIFIED.,.F.,
  .F.,(2,2),(0.,4.385241571817E-02),.PIECEWISE_BEZIER_KNOTS.);
#5036 = CARTESIAN_POINT('',(-16.24439986858,9.363865276136,0.));
#5037 = CARTESIAN_POINT('',(-16.28239219797,9.385765442153,0.));
#5038 = VECTOR('',#5039,1.);
#5039 = DIRECTION('',(-0.,-0.,-1.));
#5040 = ADVANCED_FACE('',(#5041),#5104,.F.);
#5041 = FACE_BOUND('',#5042,.F.);
#5042 = EDGE_LOOP('',(#5043,#5044,#5071,#5079));
#5043 = ORIENTED_EDGE('',*,*,#5022,.T.);
#5044 = ORIENTED_EDGE('',*,*,#5045,.T.);
#5045 = EDGE_CURVE('',#5016,#5046,#5048,.T.);
#5046 = VERTEX_POINT('',#5047);
#5047 = CARTESIAN_POINT('',(-18.56003037621,9.824727601,10.));
#5048 = B_SPLINE_CURVE_WITH_KNOTS('',3,(#5049,#5050,#5051,#5052,#5053,
    #5054,#5055,#5056,#5057,#5058,#5059,#5060,#5061,#5062,#5063,#5064,
    #5065,#5066,#5067,#5068,#5069,#5070),.UNSPECIFIED.,.F.,.F.,(4,1,1,1,
    1,1,1,1,1,1,1,1,1,1,1,1,1,1,1,4),(0.,6.469775801205E-03,
    2.587893822125E-02,5.822752025674E-02,0.103515526622,0.161742958887,
    0.232909817767,0.317016103646,0.414061816756,0.524046957245,
    0.646971525216,0.782835520741,0.931638943874,1.093381794658,
    1.268064073122,1.455685779293,1.656246913191,1.869747474833,
    2.096187464232,2.335566881401),.UNSPECIFIED.);
#5049 = CARTESIAN_POINT('',(-16.28239219797,9.385765442153,10.));
#5050 = CARTESIAN_POINT('',(-16.28427193525,9.386822862931,10.));
#5051 = CARTESIAN_POINT('',(-16.29182016043,9.390998727372,10.));
#5052 = CARTESIAN_POINT('',(-16.30905538758,9.399931385269,10.));
#5053 = CARTESIAN_POINT('',(-16.3381103671,9.414157878648,10.));
#5054 = CARTESIAN_POINT('',(-16.37929807393,9.433001944258,10.));
#5055 = CARTESIAN_POINT('',(-16.43285628562,9.455864083116,10.));
#5056 = CARTESIAN_POINT('',(-16.49902245185,9.482092540825,10.));
#5057 = CARTESIAN_POINT('',(-16.57799926728,9.511043028367,10.));
#5058 = CARTESIAN_POINT('',(-16.66996759365,9.542056751345,10.));
#5059 = CARTESIAN_POINT('',(-16.77508131543,9.574469690958,10.));
#5060 = CARTESIAN_POINT('',(-16.89346874515,9.607610636321,10.));
#5061 = CARTESIAN_POINT('',(-17.02523183597,9.640803061761,10.));
#5062 = CARTESIAN_POINT('',(-17.17044616255,9.673365736529,10.));
#5063 = CARTESIAN_POINT('',(-17.32916069883,9.704613743181,10.));
#5064 = CARTESIAN_POINT('',(-17.50139768693,9.733859396489,10.));
#5065 = CARTESIAN_POINT('',(-17.68715257532,9.760413098966,10.));
#5066 = CARTESIAN_POINT('',(-17.88639373746,9.783584634385,10.));
#5067 = CARTESIAN_POINT('',(-18.0990632811,9.802682622732,10.));
#5068 = CARTESIAN_POINT('',(-18.32507353452,9.817021537845,10.));
#5069 = CARTESIAN_POINT('',(-18.48026128526,9.822779174484,10.));
#5070 = CARTESIAN_POINT('',(-18.56003037621,9.824727601,10.));
#5071 = ORIENTED_EDGE('',*,*,#5072,.F.);
#5072 = EDGE_CURVE('',#5073,#5046,#5075,.T.);
#5073 = VERTEX_POINT('',#5074);
#5074 = CARTESIAN_POINT('',(-18.56003037621,9.824727601,0.));
#5075 = LINE('',#5076,#5077);
#5076 = CARTESIAN_POINT('',(-18.56003037621,9.824727601,0.));
#5077 = VECTOR('',#5078,1.);
#5078 = DIRECTION('',(0.,0.,1.));
#5079 = ORIENTED_EDGE('',*,*,#5080,.F.);
#5080 = EDGE_CURVE('',#5023,#5073,#5081,.T.);
#5081 = B_SPLINE_CURVE_WITH_KNOTS('',3,(#5082,#5083,#5084,#5085,#5086,
    #5087,#5088,#5089,#5090,#5091,#5092,#5093,#5094,#5095,#5096,#5097,
    #5098,#5099,#5100,#5101,#5102,#5103),.UNSPECIFIED.,.F.,.F.,(4,1,1,1,
    1,1,1,1,1,1,1,1,1,1,1,1,1,1,1,4),(0.,6.469775801205E-03,
    2.587893822125E-02,5.822752025674E-02,0.103515526622,0.161742958887,
    0.232909817767,0.317016103646,0.414061816756,0.524046957245,
    0.646971525216,0.782835520741,0.931638943874,1.093381794658,
    1.268064073122,1.455685779293,1.656246913191,1.869747474833,
    2.096187464232,2.335566881401),.UNSPECIFIED.);
#5082 = CARTESIAN_POINT('',(-16.28239219797,9.385765442153,0.));
#5083 = CARTESIAN_POINT('',(-16.28427193525,9.386822862931,0.));
#5084 = CARTESIAN_POINT('',(-16.29182016043,9.390998727372,0.));
#5085 = CARTESIAN_POINT('',(-16.30905538758,9.399931385269,0.));
#5086 = CARTESIAN_POINT('',(-16.3381103671,9.414157878648,0.));
#5087 = CARTESIAN_POINT('',(-16.37929807393,9.433001944258,0.));
#5088 = CARTESIAN_POINT('',(-16.43285628562,9.455864083116,0.));
#5089 = CARTESIAN_POINT('',(-16.49902245185,9.482092540825,0.));
#5090 = CARTESIAN_POINT('',(-16.57799926728,9.511043028367,0.));
#5091 = CARTESIAN_POINT('',(-16.66996759365,9.542056751345,0.));
#5092 = CARTESIAN_POINT('',(-16.77508131543,9.574469690958,0.));
#5093 = CARTESIAN_POINT('',(-16.89346874515,9.607610636321,0.));
#5094 = CARTESIAN_POINT('',(-17.02523183597,9.640803061761,0.));
#5095 = CARTESIAN_POINT('',(-17.17044616255,9.673365736529,0.));
#5096 = CARTESIAN_POINT('',(-17.32916069883,9.704613743181,0.));
#5097 = CARTESIAN_POINT('',(-17.50139768693,9.733859396489,0.));
#5098 = CARTESIAN_POINT('',(-17.68715257532,9.760413098966,0.));
#5099 = CARTESIAN_POINT('',(-17.88639373746,9.783584634385,0.));
#5100 = CARTESIAN_POINT('',(-18.0990632811,9.802682622732,0.));
#5101 = CARTESIAN_POINT('',(-18.32507353452,9.817021537845,0.));
#5102 = CARTESIAN_POINT('',(-18.48026128526,9.822779174484,0.));
#5103 = CARTESIAN_POINT('',(-18.56003037621,9.824727601,0.));
#5104 = SURFACE_OF_LINEAR_EXTRUSION('',#5105,#5128);
#5105 = B_SPLINE_CURVE_WITH_KNOTS('',3,(#5106,#5107,#5108,#5109,#5110,
    #5111,#5112,#5113,#5114,#5115,#5116,#5117,#5118,#5119,#5120,#5121,
    #5122,#5123,#5124,#5125,#5126,#5127),.UNSPECIFIED.,.F.,.F.,(4,1,1,1,
    1,1,1,1,1,1,1,1,1,1,1,1,1,1,1,4),(0.,6.469775801205E-03,
    2.587893822125E-02,5.822752025674E-02,0.103515526622,0.161742958887,
    0.232909817767,0.317016103646,0.414061816756,0.524046957245,
    0.646971525216,0.782835520741,0.931638943874,1.093381794658,
    1.268064073122,1.455685779293,1.656246913191,1.869747474833,
    2.096187464232,2.335566881401),.UNSPECIFIED.);
#5106 = CARTESIAN_POINT('',(-16.28239219797,9.385765442153,0.));
#5107 = CARTESIAN_POINT('',(-16.28427193525,9.386822862931,0.));
#5108 = CARTESIAN_POINT('',(-16.29182016043,9.390998727372,0.));
#5109 = CARTESIAN_POINT('',(-16.30905538758,9.399931385269,0.));
#5110 = CARTESIAN_POINT('',(-16.3381103671,9.414157878648,0.));
#5111 = CARTESIAN_POINT('',(-16.37929807393,9.433001944258,0.));
#5112 = CARTESIAN_POINT('',(-16.43285628562,9.455864083116,0.));
#5113 = CARTESIAN_POINT('',(-16.49902245185,9.482092540825,0.));
#5114 = CARTESIAN_POINT('',(-16.57799926728,9.511043028367,0.));
#5115 = CARTESIAN_POINT('',(-16.66996759365,9.542056751345,0.));
#5116 = CARTESIAN_POINT('',(-16.77508131543,9.574469690958,0.));
#5117 = CARTESIAN_POINT('',(-16.89346874515,9.607610636321,0.));
#5118 = CARTESIAN_POINT('',(-17.02523183597,9.640803061761,0.));
#5119 = CARTESIAN_POINT('',(-17.17044616255,9.673365736529,0.));
#5120 = CARTESIAN_POINT('',(-17.32916069883,9.704613743181,0.));
#5121 = CARTESIAN_POINT('',(-17.50139768693,9.733859396489,0.));
#5122 = CARTESIAN_POINT('',(-17.68715257532,9.760413098966,0.));
#5123 = CARTESIAN_POINT('',(-17.88639373746,9.783584634385,0.));
#5124 = CARTESIAN_POINT('',(-18.0990632811,9.802682622732,0.));
#5125 = CARTESIAN_POINT('',(-18.32507353452,9.817021537845,0.));
#5126 = CARTESIAN_POINT('',(-18.48026128526,9.822779174484,0.));
#5127 = CARTESIAN_POINT('',(-18.56003037621,9.824727601,0.));
#5128 = VECTOR('',#5129,1.);
#5129 = DIRECTION('',(-0.,-0.,-1.));
#5130 = ADVANCED_FACE('',(#5131),#5154,.F.);
#5131 = FACE_BOUND('',#5132,.F.);
#5132 = EDGE_LOOP('',(#5133,#5134,#5141,#5149));
#5133 = ORIENTED_EDGE('',*,*,#5072,.T.);
#5134 = ORIENTED_EDGE('',*,*,#5135,.T.);
#5135 = EDGE_CURVE('',#5046,#5136,#5138,.T.);
#5136 = VERTEX_POINT('',#5137);
#5137 = CARTESIAN_POINT('',(-18.85768373155,9.240549998817,10.));
#5138 = B_SPLINE_CURVE_WITH_KNOTS('',1,(#5139,#5140),.UNSPECIFIED.,.F.,
  .F.,(2,2),(0.,0.655637850368),.PIECEWISE_BEZIER_KNOTS.);
#5139 = CARTESIAN_POINT('',(-18.56003037621,9.824727601,10.));
#5140 = CARTESIAN_POINT('',(-18.85768373155,9.240549998817,10.));
#5141 = ORIENTED_EDGE('',*,*,#5142,.F.);
#5142 = EDGE_CURVE('',#5143,#5136,#5145,.T.);
#5143 = VERTEX_POINT('',#5144);
#5144 = CARTESIAN_POINT('',(-18.85768373155,9.240549998817,0.));
#5145 = LINE('',#5146,#5147);
#5146 = CARTESIAN_POINT('',(-18.85768373155,9.240549998817,0.));
#5147 = VECTOR('',#5148,1.);
#5148 = DIRECTION('',(0.,0.,1.));
#5149 = ORIENTED_EDGE('',*,*,#5150,.F.);
#5150 = EDGE_CURVE('',#5073,#5143,#5151,.T.);
#5151 = B_SPLINE_CURVE_WITH_KNOTS('',1,(#5152,#5153),.UNSPECIFIED.,.F.,
  .F.,(2,2),(0.,0.655637850368),.PIECEWISE_BEZIER_KNOTS.);
#5152 = CARTESIAN_POINT('',(-18.56003037621,9.824727601,0.));
#5153 = CARTESIAN_POINT('',(-18.85768373155,9.240549998817,0.));
#5154 = SURFACE_OF_LINEAR_EXTRUSION('',#5155,#5158);
#5155 = B_SPLINE_CURVE_WITH_KNOTS('',1,(#5156,#5157),.UNSPECIFIED.,.F.,
  .F.,(2,2),(0.,0.655637850368),.PIECEWISE_BEZIER_KNOTS.);
#5156 = CARTESIAN_POINT('',(-18.56003037621,9.824727601,0.));
#5157 = CARTESIAN_POINT('',(-18.85768373155,9.240549998817,0.));
#5158 = VECTOR('',#5159,1.);
#5159 = DIRECTION('',(-0.,-0.,-1.));
#5160 = ADVANCED_FACE('',(#5161),#5224,.F.);
#5161 = FACE_BOUND('',#5162,.F.);
#5162 = EDGE_LOOP('',(#5163,#5164,#5191,#5199));
#5163 = ORIENTED_EDGE('',*,*,#5142,.T.);
#5164 = ORIENTED_EDGE('',*,*,#5165,.T.);
#5165 = EDGE_CURVE('',#5136,#5166,#5168,.T.);
#5166 = VERTEX_POINT('',#5167);
#5167 = CARTESIAN_POINT('',(-17.16379375393,7.655917488866,10.));
#5168 = B_SPLINE_CURVE_WITH_KNOTS('',3,(#5169,#5170,#5171,#5172,#5173,
    #5174,#5175,#5176,#5177,#5178,#5179,#5180,#5181,#5182,#5183,#5184,
    #5185,#5186,#5187,#5188,#5189,#5190),.UNSPECIFIED.,.F.,.F.,(4,1,1,1,
    1,1,1,1,1,1,1,1,1,1,1,1,1,1,1,4),(0.,0.239379417168,0.465819406568,
    0.67931996821,0.879881102108,1.067502808279,1.242185086743,
    1.403927937526,1.55273136066,1.688595356185,1.811519924156,
    1.921505064645,2.018550777754,2.102657063634,2.173823922514,
    2.232051354779,2.277339361144,2.309687943179,2.329097105599,
    2.335566881401),.UNSPECIFIED.);
#5169 = CARTESIAN_POINT('',(-18.85768373155,9.240549998817,10.));
#5170 = CARTESIAN_POINT('',(-18.80922032614,9.177160704985,10.));
#5171 = CARTESIAN_POINT('',(-18.71334522903,9.054995431219,10.));
#5172 = CARTESIAN_POINT('',(-18.56889930919,8.880577498132,10.));
#5173 = CARTESIAN_POINT('',(-18.4284446907,8.719749739046,10.));
#5174 = CARTESIAN_POINT('',(-18.292587508,8.572180139688,10.));
#5175 = CARTESIAN_POINT('',(-18.16192112749,8.437509152896,10.));
#5176 = CARTESIAN_POINT('',(-18.03702253545,8.315356666174,10.));
#5177 = CARTESIAN_POINT('',(-17.91845230328,8.205321026542,10.));
#5178 = CARTESIAN_POINT('',(-17.80675370643,8.106980028517,10.));
#5179 = CARTESIAN_POINT('',(-17.70245206858,8.019891466973,10.));
#5180 = CARTESIAN_POINT('',(-17.60605409533,7.943593783344,10.));
#5181 = CARTESIAN_POINT('',(-17.51804718087,7.877606843968,10.));
#5182 = CARTESIAN_POINT('',(-17.438898926,7.821432313977,10.));
#5183 = CARTESIAN_POINT('',(-17.3690560822,7.774555397758,10.));
#5184 = CARTESIAN_POINT('',(-17.30894531747,7.73644254545,10.));
#5185 = CARTESIAN_POINT('',(-17.25896873163,7.706551070066,10.));
#5186 = CARTESIAN_POINT('',(-17.21951403566,7.684305779138,10.));
#5187 = CARTESIAN_POINT('',(-17.19092647228,7.669161929933,10.));
#5188 = CARTESIAN_POINT('',(-17.1735691879,7.660468822843,10.));
#5189 = CARTESIAN_POINT('',(-17.16575410715,7.656816691927,10.));
#5190 = CARTESIAN_POINT('',(-17.16379375393,7.655917488866,10.));
#5191 = ORIENTED_EDGE('',*,*,#5192,.F.);
#5192 = EDGE_CURVE('',#5193,#5166,#5195,.T.);
#5193 = VERTEX_POINT('',#5194);
#5194 = CARTESIAN_POINT('',(-17.16379375393,7.655917488866,0.));
#5195 = LINE('',#5196,#5197);
#5196 = CARTESIAN_POINT('',(-17.16379375393,7.655917488866,0.));
#5197 = VECTOR('',#5198,1.);
#5198 = DIRECTION('',(0.,0.,1.));
#5199 = ORIENTED_EDGE('',*,*,#5200,.F.);
#5200 = EDGE_CURVE('',#5143,#5193,#5201,.T.);
#5201 = B_SPLINE_CURVE_WITH_KNOTS('',3,(#5202,#5203,#5204,#5205,#5206,
    #5207,#5208,#5209,#5210,#5211,#5212,#5213,#5214,#5215,#5216,#5217,
    #5218,#5219,#5220,#5221,#5222,#5223),.UNSPECIFIED.,.F.,.F.,(4,1,1,1,
    1,1,1,1,1,1,1,1,1,1,1,1,1,1,1,4),(0.,0.239379417168,0.465819406568,
    0.67931996821,0.879881102108,1.067502808279,1.242185086743,
    1.403927937526,1.55273136066,1.688595356185,1.811519924156,
    1.921505064645,2.018550777754,2.102657063634,2.173823922514,
    2.232051354779,2.277339361144,2.309687943179,2.329097105599,
    2.335566881401),.UNSPECIFIED.);
#5202 = CARTESIAN_POINT('',(-18.85768373155,9.240549998817,0.));
#5203 = CARTESIAN_POINT('',(-18.80922032614,9.177160704985,0.));
#5204 = CARTESIAN_POINT('',(-18.71334522903,9.054995431219,0.));
#5205 = CARTESIAN_POINT('',(-18.56889930919,8.880577498132,0.));
#5206 = CARTESIAN_POINT('',(-18.4284446907,8.719749739046,0.));
#5207 = CARTESIAN_POINT('',(-18.292587508,8.572180139688,0.));
#5208 = CARTESIAN_POINT('',(-18.16192112749,8.437509152896,0.));
#5209 = CARTESIAN_POINT('',(-18.03702253545,8.315356666174,0.));
#5210 = CARTESIAN_POINT('',(-17.91845230328,8.205321026542,0.));
#5211 = CARTESIAN_POINT('',(-17.80675370643,8.106980028517,0.));
#5212 = CARTESIAN_POINT('',(-17.70245206858,8.019891466973,0.));
#5213 = CARTESIAN_POINT('',(-17.60605409533,7.943593783344,0.));
#5214 = CARTESIAN_POINT('',(-17.51804718087,7.877606843968,0.));
#5215 = CARTESIAN_POINT('',(-17.438898926,7.821432313977,0.));
#5216 = CARTESIAN_POINT('',(-17.3690560822,7.774555397758,0.));
#5217 = CARTESIAN_POINT('',(-17.30894531747,7.73644254545,0.));
#5218 = CARTESIAN_POINT('',(-17.25896873163,7.706551070066,0.));
#5219 = CARTESIAN_POINT('',(-17.21951403566,7.684305779138,0.));
#5220 = CARTESIAN_POINT('',(-17.19092647228,7.669161929933,0.));
#5221 = CARTESIAN_POINT('',(-17.1735691879,7.660468822843,0.));
#5222 = CARTESIAN_POINT('',(-17.16575410715,7.656816691927,0.));
#5223 = CARTESIAN_POINT('',(-17.16379375393,7.655917488866,0.));
#5224 = SURFACE_OF_LINEAR_EXTRUSION('',#5225,#5248);
#5225 = B_SPLINE_CURVE_WITH_KNOTS('',3,(#5226,#5227,#5228,#5229,#5230,
    #5231,#5232,#5233,#5234,#5235,#5236,#5237,#5238,#5239,#5240,#5241,
    #5242,#5243,#5244,#5245,#5246,#5247),.UNSPECIFIED.,.F.,.F.,(4,1,1,1,
    1,1,1,1,1,1,1,1,1,1,1,1,1,1,1,4),(0.,0.239379417168,0.465819406568,
    0.67931996821,0.879881102108,1.067502808279,1.242185086743,
    1.403927937526,1.55273136066,1.688595356185,1.811519924156,
    1.921505064645,2.018550777754,2.102657063634,2.173823922514,
    2.232051354779,2.277339361144,2.309687943179,2.329097105599,
    2.335566881401),.UNSPECIFIED.);
#5226 = CARTESIAN_POINT('',(-18.85768373155,9.240549998817,0.));
#5227 = CARTESIAN_POINT('',(-18.80922032614,9.177160704985,0.));
#5228 = CARTESIAN_POINT('',(-18.71334522903,9.054995431219,0.));
#5229 = CARTESIAN_POINT('',(-18.56889930919,8.880577498132,0.));
#5230 = CARTESIAN_POINT('',(-18.4284446907,8.719749739046,0.));
#5231 = CARTESIAN_POINT('',(-18.292587508,8.572180139688,0.));
#5232 = CARTESIAN_POINT('',(-18.16192112749,8.437509152896,0.));
#5233 = CARTESIAN_POINT('',(-18.03702253545,8.315356666174,0.));
#5234 = CARTESIAN_POINT('',(-17.91845230328,8.205321026542,0.));
#5235 = CARTESIAN_POINT('',(-17.80675370643,8.106980028517,0.));
#5236 = CARTESIAN_POINT('',(-17.70245206858,8.019891466973,0.));
#5237 = CARTESIAN_POINT('',(-17.60605409533,7.943593783344,0.));
#5238 = CARTESIAN_POINT('',(-17.51804718087,7.877606843968,0.));
#5239 = CARTESIAN_POINT('',(-17.438898926,7.821432313977,0.));
#5240 = CARTESIAN_POINT('',(-17.3690560822,7.774555397758,0.));
#5241 = CARTESIAN_POINT('',(-17.30894531747,7.73644254545,0.));
#5242 = CARTESIAN_POINT('',(-17.25896873163,7.706551070066,0.));
#5243 = CARTESIAN_POINT('',(-17.21951403566,7.684305779138,0.));
#5244 = CARTESIAN_POINT('',(-17.19092647228,7.669161929933,0.));
#5245 = CARTESIAN_POINT('',(-17.1735691879,7.660468822843,0.));
#5246 = CARTESIAN_POINT('',(-17.16575410715,7.656816691927,0.));
#5247 = CARTESIAN_POINT('',(-17.16379375393,7.655917488866,0.));
#5248 = VECTOR('',#5249,1.);
#5249 = DIRECTION('',(-0.,-0.,-1.));
#5250 = ADVANCED_FACE('',(#5251),#5274,.F.);
#5251 = FACE_BOUND('',#5252,.F.);
#5252 = EDGE_LOOP('',(#5253,#5254,#5261,#5269));
#5253 = ORIENTED_EDGE('',*,*,#5192,.T.);
#5254 = ORIENTED_EDGE('',*,*,#5255,.T.);
#5255 = EDGE_CURVE('',#5166,#5256,#5258,.T.);
#5256 = VERTEX_POINT('',#5257);
#5257 = CARTESIAN_POINT('',(-17.12374481652,7.638053643338,10.));
#5258 = B_SPLINE_CURVE_WITH_KNOTS('',1,(#5259,#5260),.UNSPECIFIED.,.F.,
  .F.,(2,2),(0.,4.385241571817E-02),.PIECEWISE_BEZIER_KNOTS.);
#5259 = CARTESIAN_POINT('',(-17.16379375393,7.655917488866,10.));
#5260 = CARTESIAN_POINT('',(-17.12374481652,7.638053643338,10.));
#5261 = ORIENTED_EDGE('',*,*,#5262,.F.);
#5262 = EDGE_CURVE('',#5263,#5256,#5265,.T.);
#5263 = VERTEX_POINT('',#5264);
#5264 = CARTESIAN_POINT('',(-17.12374481652,7.638053643338,0.));
#5265 = LINE('',#5266,#5267);
#5266 = CARTESIAN_POINT('',(-17.12374481652,7.638053643338,0.));
#5267 = VECTOR('',#5268,1.);
#5268 = DIRECTION('',(0.,0.,1.));
#5269 = ORIENTED_EDGE('',*,*,#5270,.F.);
#5270 = EDGE_CURVE('',#5193,#5263,#5271,.T.);
#5271 = B_SPLINE_CURVE_WITH_KNOTS('',1,(#5272,#5273),.UNSPECIFIED.,.F.,
  .F.,(2,2),(0.,4.385241571817E-02),.PIECEWISE_BEZIER_KNOTS.);
#5272 = CARTESIAN_POINT('',(-17.16379375393,7.655917488866,0.));
#5273 = CARTESIAN_POINT('',(-17.12374481652,7.638053643338,0.));
#5274 = SURFACE_OF_LINEAR_EXTRUSION('',#5275,#5278);
#5275 = B_SPLINE_CURVE_WITH_KNOTS('',1,(#5276,#5277),.UNSPECIFIED.,.F.,
  .F.,(2,2),(0.,4.385241571817E-02),.PIECEWISE_BEZIER_KNOTS.);
#5276 = CARTESIAN_POINT('',(-17.16379375393,7.655917488866,0.));
#5277 = CARTESIAN_POINT('',(-17.12374481652,7.638053643338,0.));
#5278 = VECTOR('',#5279,1.);
#5279 = DIRECTION('',(-0.,-0.,-1.));
#5280 = ADVANCED_FACE('',(#5281),#5304,.F.);
#5281 = FACE_BOUND('',#5282,.F.);
#5282 = EDGE_LOOP('',(#5283,#5284,#5291,#5299));
#5283 = ORIENTED_EDGE('',*,*,#5262,.T.);
#5284 = ORIENTED_EDGE('',*,*,#5285,.T.);
#5285 = EDGE_CURVE('',#5256,#5286,#5288,.T.);
#5286 = VERTEX_POINT('',#5287);
#5287 = CARTESIAN_POINT('',(-17.50923560534,6.707396552802,10.));
#5288 = B_SPLINE_CURVE_WITH_KNOTS('',1,(#5289,#5290),.UNSPECIFIED.,.F.,
  .F.,(2,2),(0.,1.007335975944),.PIECEWISE_BEZIER_KNOTS.);
#5289 = CARTESIAN_POINT('',(-17.12374481652,7.638053643338,10.));
#5290 = CARTESIAN_POINT('',(-17.50923560534,6.707396552802,10.));
#5291 = ORIENTED_EDGE('',*,*,#5292,.F.);
#5292 = EDGE_CURVE('',#5293,#5286,#5295,.T.);
#5293 = VERTEX_POINT('',#5294);
#5294 = CARTESIAN_POINT('',(-17.50923560534,6.707396552802,0.));
#5295 = LINE('',#5296,#5297);
#5296 = CARTESIAN_POINT('',(-17.50923560534,6.707396552802,0.));
#5297 = VECTOR('',#5298,1.);
#5298 = DIRECTION('',(0.,0.,1.));
#5299 = ORIENTED_EDGE('',*,*,#5300,.F.);
#5300 = EDGE_CURVE('',#5263,#5293,#5301,.T.);
#5301 = B_SPLINE_CURVE_WITH_KNOTS('',1,(#5302,#5303),.UNSPECIFIED.,.F.,
  .F.,(2,2),(0.,1.007335975944),.PIECEWISE_BEZIER_KNOTS.);
#5302 = CARTESIAN_POINT('',(-17.12374481652,7.638053643338,0.));
#5303 = CARTESIAN_POINT('',(-17.50923560534,6.707396552802,0.));
#5304 = SURFACE_OF_LINEAR_EXTRUSION('',#5305,#5308);
#5305 = B_SPLINE_CURVE_WITH_KNOTS('',1,(#5306,#5307),.UNSPECIFIED.,.F.,
  .F.,(2,2),(0.,1.007335975944),.PIECEWISE_BEZIER_KNOTS.);
#5306 = CARTESIAN_POINT('',(-17.12374481652,7.638053643338,0.));
#5307 = CARTESIAN_POINT('',(-17.50923560534,6.707396552802,0.));
#5308 = VECTOR('',#5309,1.);
#5309 = DIRECTION('',(-0.,-0.,-1.));
#5310 = ADVANCED_FACE('',(#5311),#5334,.F.);
#5311 = FACE_BOUND('',#5312,.F.);
#5312 = EDGE_LOOP('',(#5313,#5314,#5321,#5329));
#5313 = ORIENTED_EDGE('',*,*,#5292,.T.);
#5314 = ORIENTED_EDGE('',*,*,#5315,.T.);
#5315 = EDGE_CURVE('',#5286,#5316,#5318,.T.);
#5316 = VERTEX_POINT('',#5317);
#5317 = CARTESIAN_POINT('',(-17.55018612687,6.72308378171,10.));
#5318 = B_SPLINE_CURVE_WITH_KNOTS('',1,(#5319,#5320),.UNSPECIFIED.,.F.,
  .F.,(2,2),(0.,4.385241571817E-02),.PIECEWISE_BEZIER_KNOTS.);
#5319 = CARTESIAN_POINT('',(-17.50923560534,6.707396552802,10.));
#5320 = CARTESIAN_POINT('',(-17.55018612687,6.72308378171,10.));
#5321 = ORIENTED_EDGE('',*,*,#5322,.F.);
#5322 = EDGE_CURVE('',#5323,#5316,#5325,.T.);
#5323 = VERTEX_POINT('',#5324);
#5324 = CARTESIAN_POINT('',(-17.55018612687,6.72308378171,0.));
#5325 = LINE('',#5326,#5327);
#5326 = CARTESIAN_POINT('',(-17.55018612687,6.72308378171,0.));
#5327 = VECTOR('',#5328,1.);
#5328 = DIRECTION('',(0.,0.,1.));
#5329 = ORIENTED_EDGE('',*,*,#5330,.F.);
#5330 = EDGE_CURVE('',#5293,#5323,#5331,.T.);
#5331 = B_SPLINE_CURVE_WITH_KNOTS('',1,(#5332,#5333),.UNSPECIFIED.,.F.,
  .F.,(2,2),(0.,4.385241571817E-02),.PIECEWISE_BEZIER_KNOTS.);
#5332 = CARTESIAN_POINT('',(-17.50923560534,6.707396552802,0.));
#5333 = CARTESIAN_POINT('',(-17.55018612687,6.72308378171,0.));
#5334 = SURFACE_OF_LINEAR_EXTRUSION('',#5335,#5338);
#5335 = B_SPLINE_CURVE_WITH_KNOTS('',1,(#5336,#5337),.UNSPECIFIED.,.F.,
  .F.,(2,2),(0.,4.385241571817E-02),.PIECEWISE_BEZIER_KNOTS.);
#5336 = CARTESIAN_POINT('',(-17.50923560534,6.707396552802,0.));
#5337 = CARTESIAN_POINT('',(-17.55018612687,6.72308378171,0.));
#5338 = VECTOR('',#5339,1.);
#5339 = DIRECTION('',(-0.,-0.,-1.));
#5340 = ADVANCED_FACE('',(#5341),#5404,.F.);
#5341 = FACE_BOUND('',#5342,.F.);
#5342 = EDGE_LOOP('',(#5343,#5344,#5371,#5379));
#5343 = ORIENTED_EDGE('',*,*,#5322,.T.);
#5344 = ORIENTED_EDGE('',*,*,#5345,.T.);
#5345 = EDGE_CURVE('',#5316,#5346,#5348,.T.);
#5346 = VERTEX_POINT('',#5347);
#5347 = CARTESIAN_POINT('',(-19.86845161011,6.800340477997,10.));
#5348 = B_SPLINE_CURVE_WITH_KNOTS('',3,(#5349,#5350,#5351,#5352,#5353,
    #5354,#5355,#5356,#5357,#5358,#5359,#5360,#5361,#5362,#5363,#5364,
    #5365,#5366,#5367,#5368,#5369,#5370),.UNSPECIFIED.,.F.,.F.,(4,1,1,1,
    1,1,1,1,1,1,1,1,1,1,1,1,1,1,1,4),(0.,6.469775801205E-03,
    2.587893822125E-02,5.822752025674E-02,0.103515526622,0.161742958887,
    0.232909817767,0.317016103646,0.414061816756,0.524046957245,
    0.646971525216,0.782835520741,0.931638943874,1.093381794658,
    1.268064073122,1.455685779293,1.656246913191,1.869747474833,
    2.096187464232,2.335566881401),.UNSPECIFIED.);
#5349 = CARTESIAN_POINT('',(-17.55018612687,6.72308378171,10.));
#5350 = CARTESIAN_POINT('',(-17.55220813851,6.723834128188,10.));
#5351 = CARTESIAN_POINT('',(-17.56031668164,6.72677777824,10.));
#5352 = CARTESIAN_POINT('',(-17.5787370901,6.732904276756,10.));
#5353 = CARTESIAN_POINT('',(-17.60965986849,6.742410418217,10.));
#5354 = CARTESIAN_POINT('',(-17.65328834763,6.754579305224,10.));
#5355 = CARTESIAN_POINT('',(-17.70976359531,6.768781623022,10.));
#5356 = CARTESIAN_POINT('',(-17.779218181,6.784336496074,10.));
#5357 = CARTESIAN_POINT('',(-17.86175151481,6.800575859201,10.));
#5358 = CARTESIAN_POINT('',(-17.95743917363,6.816820735849,10.));
#5359 = CARTESIAN_POINT('',(-18.06632927194,6.832391209554,10.));
#5360 = CARTESIAN_POINT('',(-18.188443542,6.84660426065,10.));
#5361 = CARTESIAN_POINT('',(-18.32377684984,6.858775743629,10.));
#5362 = CARTESIAN_POINT('',(-18.4722972717,6.868220992341,10.));
#5363 = CARTESIAN_POINT('',(-18.63394603387,6.874255860601,10.));
#5364 = CARTESIAN_POINT('',(-18.80863752696,6.876197650293,10.));
#5365 = CARTESIAN_POINT('',(-18.99625937868,6.873365966034,10.));
#5366 = CARTESIAN_POINT('',(-19.19667237824,6.865084036788,10.));
#5367 = CARTESIAN_POINT('',(-19.40971119048,6.850678050919,10.));
#5368 = CARTESIAN_POINT('',(-19.63518198316,6.829484637105,10.));
#5369 = CARTESIAN_POINT('',(-19.78935980798,6.810894674914,10.));
#5370 = CARTESIAN_POINT('',(-19.86845161011,6.800340477997,10.));
#5371 = ORIENTED_EDGE('',*,*,#5372,.F.);
#5372 = EDGE_CURVE('',#5373,#5346,#5375,.T.);
#5373 = VERTEX_POINT('',#5374);
#5374 = CARTESIAN_POINT('',(-19.86845161011,6.800340477997,0.));
#5375 = LINE('',#5376,#5377);
#5376 = CARTESIAN_POINT('',(-19.86845161011,6.800340477997,0.));
#5377 = VECTOR('',#5378,1.);
#5378 = DIRECTION('',(0.,0.,1.));
#5379 = ORIENTED_EDGE('',*,*,#5380,.F.);
#5380 = EDGE_CURVE('',#5323,#5373,#5381,.T.);
#5381 = B_SPLINE_CURVE_WITH_KNOTS('',3,(#5382,#5383,#5384,#5385,#5386,
    #5387,#5388,#5389,#5390,#5391,#5392,#5393,#5394,#5395,#5396,#5397,
    #5398,#5399,#5400,#5401,#5402,#5403),.UNSPECIFIED.,.F.,.F.,(4,1,1,1,
    1,1,1,1,1,1,1,1,1,1,1,1,1,1,1,4),(0.,6.469775801205E-03,
    2.587893822125E-02,5.822752025674E-02,0.103515526622,0.161742958887,
    0.232909817767,0.317016103646,0.414061816756,0.524046957245,
    0.646971525216,0.782835520741,0.931638943874,1.093381794658,
    1.268064073122,1.455685779293,1.656246913191,1.869747474833,
    2.096187464232,2.335566881401),.UNSPECIFIED.);
#5382 = CARTESIAN_POINT('',(-17.55018612687,6.72308378171,0.));
#5383 = CARTESIAN_POINT('',(-17.55220813851,6.723834128188,0.));
#5384 = CARTESIAN_POINT('',(-17.56031668164,6.72677777824,0.));
#5385 = CARTESIAN_POINT('',(-17.5787370901,6.732904276756,0.));
#5386 = CARTESIAN_POINT('',(-17.60965986849,6.742410418217,0.));
#5387 = CARTESIAN_POINT('',(-17.65328834763,6.754579305224,0.));
#5388 = CARTESIAN_POINT('',(-17.70976359531,6.768781623022,0.));
#5389 = CARTESIAN_POINT('',(-17.779218181,6.784336496074,0.));
#5390 = CARTESIAN_POINT('',(-17.86175151481,6.800575859201,0.));
#5391 = CARTESIAN_POINT('',(-17.95743917363,6.816820735849,0.));
#5392 = CARTESIAN_POINT('',(-18.06632927194,6.832391209554,0.));
#5393 = CARTESIAN_POINT('',(-18.188443542,6.84660426065,0.));
#5394 = CARTESIAN_POINT('',(-18.32377684984,6.858775743629,0.));
#5395 = CARTESIAN_POINT('',(-18.4722972717,6.868220992341,0.));
#5396 = CARTESIAN_POINT('',(-18.63394603387,6.874255860601,0.));
#5397 = CARTESIAN_POINT('',(-18.80863752696,6.876197650293,0.));
#5398 = CARTESIAN_POINT('',(-18.99625937868,6.873365966034,0.));
#5399 = CARTESIAN_POINT('',(-19.19667237824,6.865084036788,0.));
#5400 = CARTESIAN_POINT('',(-19.40971119048,6.850678050919,0.));
#5401 = CARTESIAN_POINT('',(-19.63518198316,6.829484637105,0.));
#5402 = CARTESIAN_POINT('',(-19.78935980798,6.810894674914,0.));
#5403 = CARTESIAN_POINT('',(-19.86845161011,6.800340477997,0.));
#5404 = SURFACE_OF_LINEAR_EXTRUSION('',#5405,#5428);
#5405 = B_SPLINE_CURVE_WITH_KNOTS('',3,(#5406,#5407,#5408,#5409,#5410,
    #5411,#5412,#5413,#5414,#5415,#5416,#5417,#5418,#5419,#5420,#5421,
    #5422,#5423,#5424,#5425,#5426,#5427),.UNSPECIFIED.,.F.,.F.,(4,1,1,1,
    1,1,1,1,1,1,1,1,1,1,1,1,1,1,1,4),(0.,6.469775801205E-03,
    2.587893822125E-02,5.822752025674E-02,0.103515526622,0.161742958887,
    0.232909817767,0.317016103646,0.414061816756,0.524046957245,
    0.646971525216,0.782835520741,0.931638943874,1.093381794658,
    1.268064073122,1.455685779293,1.656246913191,1.869747474833,
    2.096187464232,2.335566881401),.UNSPECIFIED.);
#5406 = CARTESIAN_POINT('',(-17.55018612687,6.72308378171,0.));
#5407 = CARTESIAN_POINT('',(-17.55220813851,6.723834128188,0.));
#5408 = CARTESIAN_POINT('',(-17.56031668164,6.72677777824,0.));
#5409 = CARTESIAN_POINT('',(-17.5787370901,6.732904276756,0.));
#5410 = CARTESIAN_POINT('',(-17.60965986849,6.742410418217,0.));
#5411 = CARTESIAN_POINT('',(-17.65328834763,6.754579305224,0.));
#5412 = CARTESIAN_POINT('',(-17.70976359531,6.768781623022,0.));
#5413 = CARTESIAN_POINT('',(-17.779218181,6.784336496074,0.));
#5414 = CARTESIAN_POINT('',(-17.86175151481,6.800575859201,0.));
#5415 = CARTESIAN_POINT('',(-17.95743917363,6.816820735849,0.));
#5416 = CARTESIAN_POINT('',(-18.06632927194,6.832391209554,0.));
#5417 = CARTESIAN_POINT('',(-18.188443542,6.84660426065,0.));
#5418 = CARTESIAN_POINT('',(-18.32377684984,6.858775743629,0.));
#5419 = CARTESIAN_POINT('',(-18.4722972717,6.868220992341,0.));
#5420 = CARTESIAN_POINT('',(-18.63394603387,6.874255860601,0.));
#5421 = CARTESIAN_POINT('',(-18.80863752696,6.876197650293,0.));
#5422 = CARTESIAN_POINT('',(-18.99625937868,6.873365966034,0.));
#5423 = CARTESIAN_POINT('',(-19.19667237824,6.865084036788,0.));
#5424 = CARTESIAN_POINT('',(-19.40971119048,6.850678050919,0.));
#5425 = CARTESIAN_POINT('',(-19.63518198316,6.829484637105,0.));
#5426 = CARTESIAN_POINT('',(-19.78935980798,6.810894674914,0.));
#5427 = CARTESIAN_POINT('',(-19.86845161011,6.800340477997,0.));
#5428 = VECTOR('',#5429,1.);
#5429 = DIRECTION('',(-0.,-0.,-1.));
#5430 = ADVANCED_FACE('',(#5431),#5454,.F.);
#5431 = FACE_BOUND('',#5432,.F.);
#5432 = EDGE_LOOP('',(#5433,#5434,#5441,#5449));
#5433 = ORIENTED_EDGE('',*,*,#5372,.T.);
#5434 = ORIENTED_EDGE('',*,*,#5435,.T.);
#5435 = EDGE_CURVE('',#5346,#5436,#5438,.T.);
#5436 = VERTEX_POINT('',#5437);
#5437 = CARTESIAN_POINT('',(-20.07105484803,6.176791828074,10.));
#5438 = B_SPLINE_CURVE_WITH_KNOTS('',1,(#5439,#5440),.UNSPECIFIED.,.F.,
  .F.,(2,2),(0.,0.655637850368),.PIECEWISE_BEZIER_KNOTS.);
#5439 = CARTESIAN_POINT('',(-19.86845161011,6.800340477997,10.));
#5440 = CARTESIAN_POINT('',(-20.07105484803,6.176791828074,10.));
#5441 = ORIENTED_EDGE('',*,*,#5442,.F.);
#5442 = EDGE_CURVE('',#5443,#5436,#5445,.T.);
#5443 = VERTEX_POINT('',#5444);
#5444 = CARTESIAN_POINT('',(-20.07105484803,6.176791828074,0.));
#5445 = LINE('',#5446,#5447);
#5446 = CARTESIAN_POINT('',(-20.07105484803,6.176791828074,0.));
#5447 = VECTOR('',#5448,1.);
#5448 = DIRECTION('',(0.,0.,1.));
#5449 = ORIENTED_EDGE('',*,*,#5450,.F.);
#5450 = EDGE_CURVE('',#5373,#5443,#5451,.T.);
#5451 = B_SPLINE_CURVE_WITH_KNOTS('',1,(#5452,#5453),.UNSPECIFIED.,.F.,
  .F.,(2,2),(0.,0.655637850368),.PIECEWISE_BEZIER_KNOTS.);
#5452 = CARTESIAN_POINT('',(-19.86845161011,6.800340477997,0.));
#5453 = CARTESIAN_POINT('',(-20.07105484803,6.176791828074,0.));
#5454 = SURFACE_OF_LINEAR_EXTRUSION('',#5455,#5458);
#5455 = B_SPLINE_CURVE_WITH_KNOTS('',1,(#5456,#5457),.UNSPECIFIED.,.F.,
  .F.,(2,2),(0.,0.655637850368),.PIECEWISE_BEZIER_KNOTS.);
#5456 = CARTESIAN_POINT('',(-19.86845161011,6.800340477997,0.));
#5457 = CARTESIAN_POINT('',(-20.07105484803,6.176791828074,0.));
#5458 = VECTOR('',#5459,1.);
#5459 = DIRECTION('',(-0.,-0.,-1.));
#5460 = ADVANCED_FACE('',(#5461),#5524,.F.);
#5461 = FACE_BOUND('',#5462,.F.);
#5462 = EDGE_LOOP('',(#5463,#5464,#5491,#5499));
#5463 = ORIENTED_EDGE('',*,*,#5442,.T.);
#5464 = ORIENTED_EDGE('',*,*,#5465,.T.);
#5465 = EDGE_CURVE('',#5436,#5466,#5468,.T.);
#5466 = VERTEX_POINT('',#5467);
#5467 = CARTESIAN_POINT('',(-18.1501283279,4.876651546355,10.));
#5468 = B_SPLINE_CURVE_WITH_KNOTS('',3,(#5469,#5470,#5471,#5472,#5473,
    #5474,#5475,#5476,#5477,#5478,#5479,#5480,#5481,#5482,#5483,#5484,
    #5485,#5486,#5487,#5488,#5489,#5490),.UNSPECIFIED.,.F.,.F.,(4,1,1,1,
    1,1,1,1,1,1,1,1,1,1,1,1,1,1,1,4),(0.,0.239379417168,0.465819406568,
    0.67931996821,0.879881102108,1.067502808279,1.242185086743,
    1.403927937526,1.55273136066,1.688595356185,1.811519924156,
    1.921505064645,2.018550777754,2.102657063634,2.173823922514,
    2.232051354779,2.277339361144,2.309687943179,2.329097105599,
    2.335566881401),.UNSPECIFIED.);
#5469 = CARTESIAN_POINT('',(-20.07105484803,6.176791828074,10.));
#5470 = CARTESIAN_POINT('',(-20.01327183728,6.121764308537,10.));
#5471 = CARTESIAN_POINT('',(-19.89946626247,6.016101261541,10.));
#5472 = CARTESIAN_POINT('',(-19.72951373554,5.866427022837,10.));
#5473 = CARTESIAN_POINT('',(-19.56562934202,5.72955126345,10.));
#5474 = CARTESIAN_POINT('',(-19.40835981535,5.605051236435,10.));
#5475 = CARTESIAN_POINT('',(-19.25823497104,5.492478998297,10.));
#5476 = CARTESIAN_POINT('',(-19.11576522901,5.391368855817,10.));
#5477 = CARTESIAN_POINT('',(-18.98144142673,5.301236408342,10.));
#5478 = CARTESIAN_POINT('',(-18.85573410354,5.221579661435,10.));
#5479 = CARTESIAN_POINT('',(-18.7390929394,5.151879675518,10.));
#5480 = CARTESIAN_POINT('',(-18.63194619784,5.09160130836,10.));
#5481 = CARTESIAN_POINT('',(-18.53470016297,5.040194092291,10.));
#5482 = CARTESIAN_POINT('',(-18.44773872191,4.997092678888,10.));
#5483 = CARTESIAN_POINT('',(-18.37142259411,4.961718723202,10.));
#5484 = CARTESIAN_POINT('',(-18.30608972897,4.933478498676,10.));
#5485 = CARTESIAN_POINT('',(-18.25205238088,4.911773097426,10.));
#5486 = CARTESIAN_POINT('',(-18.2096035075,4.8959737572,10.));
#5487 = CARTESIAN_POINT('',(-18.17899888451,4.885488434094,10.));
#5488 = CARTESIAN_POINT('',(-18.16049539555,4.879617631074,10.));
#5489 = CARTESIAN_POINT('',(-18.15220521227,4.877233011926,10.));
#5490 = CARTESIAN_POINT('',(-18.1501283279,4.876651546355,10.));
#5491 = ORIENTED_EDGE('',*,*,#5492,.F.);
#5492 = EDGE_CURVE('',#5493,#5466,#5495,.T.);
#5493 = VERTEX_POINT('',#5494);
#5494 = CARTESIAN_POINT('',(-18.1501283279,4.876651546355,0.));
#5495 = LINE('',#5496,#5497);
#5496 = CARTESIAN_POINT('',(-18.1501283279,4.876651546355,0.));
#5497 = VECTOR('',#5498,1.);
#5498 = DIRECTION('',(0.,0.,1.));
#5499 = ORIENTED_EDGE('',*,*,#5500,.F.);
#5500 = EDGE_CURVE('',#5443,#5493,#5501,.T.);
#5501 = B_SPLINE_CURVE_WITH_KNOTS('',3,(#5502,#5503,#5504,#5505,#5506,
    #5507,#5508,#5509,#5510,#5511,#5512,#5513,#5514,#5515,#5516,#5517,
    #5518,#5519,#5520,#5521,#5522,#5523),.UNSPECIFIED.,.F.,.F.,(4,1,1,1,
    1,1,1,1,1,1,1,1,1,1,1,1,1,1,1,4),(0.,0.239379417168,0.465819406568,
    0.67931996821,0.879881102108,1.067502808279,1.242185086743,
    1.403927937526,1.55273136066,1.688595356185,1.811519924156,
    1.921505064645,2.018550777754,2.102657063634,2.173823922514,
    2.232051354779,2.277339361144,2.309687943179,2.329097105599,
    2.335566881401),.UNSPECIFIED.);
#5502 = CARTESIAN_POINT('',(-20.07105484803,6.176791828074,0.));
#5503 = CARTESIAN_POINT('',(-20.01327183728,6.121764308537,0.));
#5504 = CARTESIAN_POINT('',(-19.89946626247,6.016101261541,0.));
#5505 = CARTESIAN_POINT('',(-19.72951373554,5.866427022837,0.));
#5506 = CARTESIAN_POINT('',(-19.56562934202,5.72955126345,0.));
#5507 = CARTESIAN_POINT('',(-19.40835981535,5.605051236435,0.));
#5508 = CARTESIAN_POINT('',(-19.25823497104,5.492478998297,0.));
#5509 = CARTESIAN_POINT('',(-19.11576522901,5.391368855817,0.));
#5510 = CARTESIAN_POINT('',(-18.98144142673,5.301236408342,0.));
#5511 = CARTESIAN_POINT('',(-18.85573410354,5.221579661435,0.));
#5512 = CARTESIAN_POINT('',(-18.7390929394,5.151879675518,0.));
#5513 = CARTESIAN_POINT('',(-18.63194619784,5.09160130836,0.));
#5514 = CARTESIAN_POINT('',(-18.53470016297,5.040194092291,0.));
#5515 = CARTESIAN_POINT('',(-18.44773872191,4.997092678888,0.));
#5516 = CARTESIAN_POINT('',(-18.37142259411,4.961718723202,0.));
#5517 = CARTESIAN_POINT('',(-18.30608972897,4.933478498676,0.));
#5518 = CARTESIAN_POINT('',(-18.25205238088,4.911773097426,0.));
#5519 = CARTESIAN_POINT('',(-18.2096035075,4.8959737572,0.));
#5520 = CARTESIAN_POINT('',(-18.17899888451,4.885488434094,0.));
#5521 = CARTESIAN_POINT('',(-18.16049539555,4.879617631074,0.));
#5522 = CARTESIAN_POINT('',(-18.15220521227,4.877233011926,0.));
#5523 = CARTESIAN_POINT('',(-18.1501283279,4.876651546355,0.));
#5524 = SURFACE_OF_LINEAR_EXTRUSION('',#5525,#5548);
#5525 = B_SPLINE_CURVE_WITH_KNOTS('',3,(#5526,#5527,#5528,#5529,#5530,
    #5531,#5532,#5533,#5534,#5535,#5536,#5537,#5538,#5539,#5540,#5541,
    #5542,#5543,#5544,#5545,#5546,#5547),.UNSPECIFIED.,.F.,.F.,(4,1,1,1,
    1,1,1,1,1,1,1,1,1,1,1,1,1,1,1,4),(0.,0.239379417168,0.465819406568,
    0.67931996821,0.879881102108,1.067502808279,1.242185086743,
    1.403927937526,1.55273136066,1.688595356185,1.811519924156,
    1.921505064645,2.018550777754,2.102657063634,2.173823922514,
    2.232051354779,2.277339361144,2.309687943179,2.329097105599,
    2.335566881401),.UNSPECIFIED.);
#5526 = CARTESIAN_POINT('',(-20.07105484803,6.176791828074,0.));
#5527 = CARTESIAN_POINT('',(-20.01327183728,6.121764308537,0.));
#5528 = CARTESIAN_POINT('',(-19.89946626247,6.016101261541,0.));
#5529 = CARTESIAN_POINT('',(-19.72951373554,5.866427022837,0.));
#5530 = CARTESIAN_POINT('',(-19.56562934202,5.72955126345,0.));
#5531 = CARTESIAN_POINT('',(-19.40835981535,5.605051236435,0.));
#5532 = CARTESIAN_POINT('',(-19.25823497104,5.492478998297,0.));
#5533 = CARTESIAN_POINT('',(-19.11576522901,5.391368855817,0.));
#5534 = CARTESIAN_POINT('',(-18.98144142673,5.301236408342,0.));
#5535 = CARTESIAN_POINT('',(-18.85573410354,5.221579661435,0.));
#5536 = CARTESIAN_POINT('',(-18.7390929394,5.151879675518,0.));
#5537 = CARTESIAN_POINT('',(-18.63194619784,5.09160130836,0.));
#5538 = CARTESIAN_POINT('',(-18.53470016297,5.040194092291,0.));
#5539 = CARTESIAN_POINT('',(-18.44773872191,4.997092678888,0.));
#5540 = CARTESIAN_POINT('',(-18.37142259411,4.961718723202,0.));
#5541 = CARTESIAN_POINT('',(-18.30608972897,4.933478498676,0.));
#5542 = CARTESIAN_POINT('',(-18.25205238088,4.911773097426,0.));
#5543 = CARTESIAN_POINT('',(-18.2096035075,4.8959737572,0.));
#5544 = CARTESIAN_POINT('',(-18.17899888451,4.885488434094,0.));
#5545 = CARTESIAN_POINT('',(-18.16049539555,4.879617631074,0.));
#5546 = CARTESIAN_POINT('',(-18.15220521227,4.877233011926,0.));
#5547 = CARTESIAN_POINT('',(-18.1501283279,4.876651546355,0.));
#5548 = VECTOR('',#5549,1.);
#5549 = DIRECTION('',(-0.,-0.,-1.));
#5550 = ADVANCED_FACE('',(#5551),#5574,.F.);
#5551 = FACE_BOUND('',#5552,.F.);
#5552 = EDGE_LOOP('',(#5553,#5554,#5561,#5569));
#5553 = ORIENTED_EDGE('',*,*,#5492,.T.);
#5554 = ORIENTED_EDGE('',*,*,#5555,.T.);
#5555 = EDGE_CURVE('',#5466,#5556,#5558,.T.);
#5556 = VERTEX_POINT('',#5557);
#5557 = CARTESIAN_POINT('',(-18.10777793825,4.865272668507,10.));
#5558 = B_SPLINE_CURVE_WITH_KNOTS('',1,(#5559,#5560),.UNSPECIFIED.,.F.,
  .F.,(2,2),(0.,4.385241571817E-02),.PIECEWISE_BEZIER_KNOTS.);
#5559 = CARTESIAN_POINT('',(-18.1501283279,4.876651546355,10.));
#5560 = CARTESIAN_POINT('',(-18.10777793825,4.865272668507,10.));
#5561 = ORIENTED_EDGE('',*,*,#5562,.F.);
#5562 = EDGE_CURVE('',#5563,#5556,#5565,.T.);
#5563 = VERTEX_POINT('',#5564);
#5564 = CARTESIAN_POINT('',(-18.10777793825,4.865272668507,0.));
#5565 = LINE('',#5566,#5567);
#5566 = CARTESIAN_POINT('',(-18.10777793825,4.865272668507,0.));
#5567 = VECTOR('',#5568,1.);
#5568 = DIRECTION('',(0.,0.,1.));
#5569 = ORIENTED_EDGE('',*,*,#5570,.F.);
#5570 = EDGE_CURVE('',#5493,#5563,#5571,.T.);
#5571 = B_SPLINE_CURVE_WITH_KNOTS('',1,(#5572,#5573),.UNSPECIFIED.,.F.,
  .F.,(2,2),(0.,4.385241571817E-02),.PIECEWISE_BEZIER_KNOTS.);
#5572 = CARTESIAN_POINT('',(-18.1501283279,4.876651546355,0.));
#5573 = CARTESIAN_POINT('',(-18.10777793825,4.865272668507,0.));
#5574 = SURFACE_OF_LINEAR_EXTRUSION('',#5575,#5578);
#5575 = B_SPLINE_CURVE_WITH_KNOTS('',1,(#5576,#5577),.UNSPECIFIED.,.F.,
  .F.,(2,2),(0.,4.385241571817E-02),.PIECEWISE_BEZIER_KNOTS.);
#5576 = CARTESIAN_POINT('',(-18.1501283279,4.876651546355,0.));
#5577 = CARTESIAN_POINT('',(-18.10777793825,4.865272668507,0.));
#5578 = VECTOR('',#5579,1.);
#5579 = DIRECTION('',(-0.,-0.,-1.));
#5580 = ADVANCED_FACE('',(#5581),#5604,.F.);
#5581 = FACE_BOUND('',#5582,.F.);
#5582 = EDGE_LOOP('',(#5583,#5584,#5591,#5599));
#5583 = ORIENTED_EDGE('',*,*,#5562,.T.);
#5584 = ORIENTED_EDGE('',*,*,#5585,.T.);
#5585 = EDGE_CURVE('',#5556,#5586,#5588,.T.);
#5586 = VERTEX_POINT('',#5587);
#5587 = CARTESIAN_POINT('',(-18.34293585168,3.885769465765,10.));
#5588 = B_SPLINE_CURVE_WITH_KNOTS('',1,(#5589,#5590),.UNSPECIFIED.,.F.,
  .F.,(2,2),(0.,1.007335975944),.PIECEWISE_BEZIER_KNOTS.);
#5589 = CARTESIAN_POINT('',(-18.10777793825,4.865272668507,10.));
#5590 = CARTESIAN_POINT('',(-18.34293585168,3.885769465765,10.));
#5591 = ORIENTED_EDGE('',*,*,#5592,.F.);
#5592 = EDGE_CURVE('',#5593,#5586,#5595,.T.);
#5593 = VERTEX_POINT('',#5594);
#5594 = CARTESIAN_POINT('',(-18.34293585168,3.885769465765,0.));
#5595 = LINE('',#5596,#5597);
#5596 = CARTESIAN_POINT('',(-18.34293585168,3.885769465765,0.));
#5597 = VECTOR('',#5598,1.);
#5598 = DIRECTION('',(0.,0.,1.));
#5599 = ORIENTED_EDGE('',*,*,#5600,.F.);
#5600 = EDGE_CURVE('',#5563,#5593,#5601,.T.);
#5601 = B_SPLINE_CURVE_WITH_KNOTS('',1,(#5602,#5603),.UNSPECIFIED.,.F.,
  .F.,(2,2),(0.,1.007335975944),.PIECEWISE_BEZIER_KNOTS.);
#5602 = CARTESIAN_POINT('',(-18.10777793825,4.865272668507,0.));
#5603 = CARTESIAN_POINT('',(-18.34293585168,3.885769465765,0.));
#5604 = SURFACE_OF_LINEAR_EXTRUSION('',#5605,#5608);
#5605 = B_SPLINE_CURVE_WITH_KNOTS('',1,(#5606,#5607),.UNSPECIFIED.,.F.,
  .F.,(2,2),(0.,1.007335975944),.PIECEWISE_BEZIER_KNOTS.);
#5606 = CARTESIAN_POINT('',(-18.10777793825,4.865272668507,0.));
#5607 = CARTESIAN_POINT('',(-18.34293585168,3.885769465765,0.));
#5608 = VECTOR('',#5609,1.);
#5609 = DIRECTION('',(-0.,-0.,-1.));
#5610 = ADVANCED_FACE('',(#5611),#5634,.F.);
#5611 = FACE_BOUND('',#5612,.F.);
#5612 = EDGE_LOOP('',(#5613,#5614,#5621,#5629));
#5613 = ORIENTED_EDGE('',*,*,#5592,.T.);
#5614 = ORIENTED_EDGE('',*,*,#5615,.T.);
#5615 = EDGE_CURVE('',#5586,#5616,#5618,.T.);
#5616 = VERTEX_POINT('',#5617);
#5617 = CARTESIAN_POINT('',(-18.3858362276,3.894857485925,10.));
#5618 = B_SPLINE_CURVE_WITH_KNOTS('',1,(#5619,#5620),.UNSPECIFIED.,.F.,
  .F.,(2,2),(0.,4.385241571817E-02),.PIECEWISE_BEZIER_KNOTS.);
#5619 = CARTESIAN_POINT('',(-18.34293585168,3.885769465765,10.));
#5620 = CARTESIAN_POINT('',(-18.3858362276,3.894857485925,10.));
#5621 = ORIENTED_EDGE('',*,*,#5622,.F.);
#5622 = EDGE_CURVE('',#5623,#5616,#5625,.T.);
#5623 = VERTEX_POINT('',#5624);
#5624 = CARTESIAN_POINT('',(-18.3858362276,3.894857485925,0.));
#5625 = LINE('',#5626,#5627);
#5626 = CARTESIAN_POINT('',(-18.3858362276,3.894857485925,0.));
#5627 = VECTOR('',#5628,1.);
#5628 = DIRECTION('',(0.,0.,1.));
#5629 = ORIENTED_EDGE('',*,*,#5630,.F.);
#5630 = EDGE_CURVE('',#5593,#5623,#5631,.T.);
#5631 = B_SPLINE_CURVE_WITH_KNOTS('',1,(#5632,#5633),.UNSPECIFIED.,.F.,
  .F.,(2,2),(0.,4.385241571817E-02),.PIECEWISE_BEZIER_KNOTS.);
#5632 = CARTESIAN_POINT('',(-18.34293585168,3.885769465765,0.));
#5633 = CARTESIAN_POINT('',(-18.3858362276,3.894857485925,0.));
#5634 = SURFACE_OF_LINEAR_EXTRUSION('',#5635,#5638);
#5635 = B_SPLINE_CURVE_WITH_KNOTS('',1,(#5636,#5637),.UNSPECIFIED.,.F.,
  .F.,(2,2),(0.,4.385241571817E-02),.PIECEWISE_BEZIER_KNOTS.);
#5636 = CARTESIAN_POINT('',(-18.34293585168,3.885769465765,0.));
#5637 = CARTESIAN_POINT('',(-18.3858362276,3.894857485925,0.));
#5638 = VECTOR('',#5639,1.);
#5639 = DIRECTION('',(-0.,-0.,-1.));
#5640 = ADVANCED_FACE('',(#5641),#5704,.F.);
#5641 = FACE_BOUND('',#5642,.F.);
#5642 = EDGE_LOOP('',(#5643,#5644,#5671,#5679));
#5643 = ORIENTED_EDGE('',*,*,#5622,.T.);
#5644 = ORIENTED_EDGE('',*,*,#5645,.T.);
#5645 = EDGE_CURVE('',#5616,#5646,#5648,.T.);
#5646 = VERTEX_POINT('',#5647);
#5647 = CARTESIAN_POINT('',(-20.68764562575,3.608506403389,10.));
#5648 = B_SPLINE_CURVE_WITH_KNOTS('',3,(#5649,#5650,#5651,#5652,#5653,
    #5654,#5655,#5656,#5657,#5658,#5659,#5660,#5661,#5662,#5663,#5664,
    #5665,#5666,#5667,#5668,#5669,#5670),.UNSPECIFIED.,.F.,.F.,(4,1,1,1,
    1,1,1,1,1,1,1,1,1,1,1,1,1,1,1,4),(0.,6.469775801205E-03,
    2.587893822125E-02,5.822752025674E-02,0.103515526622,0.161742958887,
    0.232909817767,0.317016103646,0.414061816756,0.524046957245,
    0.646971525216,0.782835520741,0.931638943874,1.093381794658,
    1.268064073122,1.455685779293,1.656246913191,1.869747474833,
    2.096187464232,2.335566881401),.UNSPECIFIED.);
#5649 = CARTESIAN_POINT('',(-18.3858362276,3.894857485925,10.));
#5650 = CARTESIAN_POINT('',(-18.38795072497,3.895282282084,10.));
#5651 = CARTESIAN_POINT('',(-18.39641992679,3.896921235313,10.));
#5652 = CARTESIAN_POINT('',(-18.41557194498,3.900090719722,10.));
#5653 = CARTESIAN_POINT('',(-18.44760110081,3.904642436512,10.));
#5654 = CARTESIAN_POINT('',(-18.4925960743,3.909836506532,10.));
#5655 = CARTESIAN_POINT('',(-18.55059774996,3.915029295071,10.));
#5656 = CARTESIAN_POINT('',(-18.62163055269,3.919527570868,10.));
#5657 = CARTESIAN_POINT('',(-18.70568816028,3.922655942565,10.));
#5658 = CARTESIAN_POINT('',(-18.80273900383,3.923731970105,10.));
#5659 = CARTESIAN_POINT('',(-18.91272424306,3.922076581165,10.));
#5660 = CARTESIAN_POINT('',(-19.03555849486,3.917011765505,10.));
#5661 = CARTESIAN_POINT('',(-19.17112966454,3.907862603717,10.));
#5662 = CARTESIAN_POINT('',(-19.31929911598,3.893957853004,10.));
#5663 = CARTESIAN_POINT('',(-19.47990177503,3.874630984386,10.));
#5664 = CARTESIAN_POINT('',(-19.65274628879,3.849221097156,10.));
#5665 = CARTESIAN_POINT('',(-19.83761523117,3.817073751625,10.));
#5666 = CARTESIAN_POINT('',(-20.03426523497,3.777542286298,10.));
#5667 = CARTESIAN_POINT('',(-20.24242759321,3.729987049395,10.));
#5668 = CARTESIAN_POINT('',(-20.46180708593,3.673783158838,10.));
#5669 = CARTESIAN_POINT('',(-20.6111786151,3.631303344384,10.));
#5670 = CARTESIAN_POINT('',(-20.68764562575,3.608506403389,10.));
#5671 = ORIENTED_EDGE('',*,*,#5672,.F.);
#5672 = EDGE_CURVE('',#5673,#5646,#5675,.T.);
#5673 = VERTEX_POINT('',#5674);
#5674 = CARTESIAN_POINT('',(-20.68764562575,3.608506403389,0.));
#5675 = LINE('',#5676,#5677);
#5676 = CARTESIAN_POINT('',(-20.68764562575,3.608506403389,0.));
#5677 = VECTOR('',#5678,1.);
#5678 = DIRECTION('',(0.,0.,1.));
#5679 = ORIENTED_EDGE('',*,*,#5680,.F.);
#5680 = EDGE_CURVE('',#5623,#5673,#5681,.T.);
#5681 = B_SPLINE_CURVE_WITH_KNOTS('',3,(#5682,#5683,#5684,#5685,#5686,
    #5687,#5688,#5689,#5690,#5691,#5692,#5693,#5694,#5695,#5696,#5697,
    #5698,#5699,#5700,#5701,#5702,#5703),.UNSPECIFIED.,.F.,.F.,(4,1,1,1,
    1,1,1,1,1,1,1,1,1,1,1,1,1,1,1,4),(0.,6.469775801205E-03,
    2.587893822125E-02,5.822752025674E-02,0.103515526622,0.161742958887,
    0.232909817767,0.317016103646,0.414061816756,0.524046957245,
    0.646971525216,0.782835520741,0.931638943874,1.093381794658,
    1.268064073122,1.455685779293,1.656246913191,1.869747474833,
    2.096187464232,2.335566881401),.UNSPECIFIED.);
#5682 = CARTESIAN_POINT('',(-18.3858362276,3.894857485925,0.));
#5683 = CARTESIAN_POINT('',(-18.38795072497,3.895282282084,0.));
#5684 = CARTESIAN_POINT('',(-18.39641992679,3.896921235313,0.));
#5685 = CARTESIAN_POINT('',(-18.41557194498,3.900090719722,0.));
#5686 = CARTESIAN_POINT('',(-18.44760110081,3.904642436512,0.));
#5687 = CARTESIAN_POINT('',(-18.4925960743,3.909836506532,0.));
#5688 = CARTESIAN_POINT('',(-18.55059774996,3.915029295071,0.));
#5689 = CARTESIAN_POINT('',(-18.62163055269,3.919527570868,0.));
#5690 = CARTESIAN_POINT('',(-18.70568816028,3.922655942565,0.));
#5691 = CARTESIAN_POINT('',(-18.80273900383,3.923731970105,0.));
#5692 = CARTESIAN_POINT('',(-18.91272424306,3.922076581165,0.));
#5693 = CARTESIAN_POINT('',(-19.03555849486,3.917011765505,0.));
#5694 = CARTESIAN_POINT('',(-19.17112966454,3.907862603717,0.));
#5695 = CARTESIAN_POINT('',(-19.31929911598,3.893957853004,0.));
#5696 = CARTESIAN_POINT('',(-19.47990177503,3.874630984386,0.));
#5697 = CARTESIAN_POINT('',(-19.65274628879,3.849221097156,0.));
#5698 = CARTESIAN_POINT('',(-19.83761523117,3.817073751625,0.));
#5699 = CARTESIAN_POINT('',(-20.03426523497,3.777542286298,0.));
#5700 = CARTESIAN_POINT('',(-20.24242759321,3.729987049395,0.));
#5701 = CARTESIAN_POINT('',(-20.46180708593,3.673783158838,0.));
#5702 = CARTESIAN_POINT('',(-20.6111786151,3.631303344384,0.));
#5703 = CARTESIAN_POINT('',(-20.68764562575,3.608506403389,0.));
#5704 = SURFACE_OF_LINEAR_EXTRUSION('',#5705,#5728);
#5705 = B_SPLINE_CURVE_WITH_KNOTS('',3,(#5706,#5707,#5708,#5709,#5710,
    #5711,#5712,#5713,#5714,#5715,#5716,#5717,#5718,#5719,#5720,#5721,
    #5722,#5723,#5724,#5725,#5726,#5727),.UNSPECIFIED.,.F.,.F.,(4,1,1,1,
    1,1,1,1,1,1,1,1,1,1,1,1,1,1,1,4),(0.,6.469775801205E-03,
    2.587893822125E-02,5.822752025674E-02,0.103515526622,0.161742958887,
    0.232909817767,0.317016103646,0.414061816756,0.524046957245,
    0.646971525216,0.782835520741,0.931638943874,1.093381794658,
    1.268064073122,1.455685779293,1.656246913191,1.869747474833,
    2.096187464232,2.335566881401),.UNSPECIFIED.);
#5706 = CARTESIAN_POINT('',(-18.3858362276,3.894857485925,0.));
#5707 = CARTESIAN_POINT('',(-18.38795072497,3.895282282084,0.));
#5708 = CARTESIAN_POINT('',(-18.39641992679,3.896921235313,0.));
#5709 = CARTESIAN_POINT('',(-18.41557194498,3.900090719722,0.));
#5710 = CARTESIAN_POINT('',(-18.44760110081,3.904642436512,0.));
#5711 = CARTESIAN_POINT('',(-18.4925960743,3.909836506532,0.));
#5712 = CARTESIAN_POINT('',(-18.55059774996,3.915029295071,0.));
#5713 = CARTESIAN_POINT('',(-18.62163055269,3.919527570868,0.));
#5714 = CARTESIAN_POINT('',(-18.70568816028,3.922655942565,0.));
#5715 = CARTESIAN_POINT('',(-18.80273900383,3.923731970105,0.));
#5716 = CARTESIAN_POINT('',(-18.91272424306,3.922076581165,0.));
#5717 = CARTESIAN_POINT('',(-19.03555849486,3.917011765505,0.));
#5718 = CARTESIAN_POINT('',(-19.17112966454,3.907862603717,0.));
#5719 = CARTESIAN_POINT('',(-19.31929911598,3.893957853004,0.));
#5720 = CARTESIAN_POINT('',(-19.47990177503,3.874630984386,0.));
#5721 = CARTESIAN_POINT('',(-19.65274628879,3.849221097156,0.));
#5722 = CARTESIAN_POINT('',(-19.83761523117,3.817073751625,0.));
#5723 = CARTESIAN_POINT('',(-20.03426523497,3.777542286298,0.));
#5724 = CARTESIAN_POINT('',(-20.24242759321,3.729987049395,0.));
#5725 = CARTESIAN_POINT('',(-20.46180708593,3.673783158838,0.));
#5726 = CARTESIAN_POINT('',(-20.6111786151,3.631303344384,0.));
#5727 = CARTESIAN_POINT('',(-20.68764562575,3.608506403389,0.));
#5728 = VECTOR('',#5729,1.);
#5729 = DIRECTION('',(-0.,-0.,-1.));
#5730 = ADVANCED_FACE('',(#5731),#5754,.F.);
#5731 = FACE_BOUND('',#5732,.F.);
#5732 = EDGE_LOOP('',(#5733,#5734,#5741,#5749));
#5733 = ORIENTED_EDGE('',*,*,#5672,.T.);
#5734 = ORIENTED_EDGE('',*,*,#5735,.T.);
#5735 = EDGE_CURVE('',#5646,#5736,#5738,.T.);
#5736 = VERTEX_POINT('',#5737);
#5737 = CARTESIAN_POINT('',(-20.79020998213,2.960940542928,10.));
#5738 = B_SPLINE_CURVE_WITH_KNOTS('',1,(#5739,#5740),.UNSPECIFIED.,.F.,
  .F.,(2,2),(0.,0.655637850368),.PIECEWISE_BEZIER_KNOTS.);
#5739 = CARTESIAN_POINT('',(-20.68764562575,3.608506403389,10.));
#5740 = CARTESIAN_POINT('',(-20.79020998213,2.960940542928,10.));
#5741 = ORIENTED_EDGE('',*,*,#5742,.F.);
#5742 = EDGE_CURVE('',#5743,#5736,#5745,.T.);
#5743 = VERTEX_POINT('',#5744);
#5744 = CARTESIAN_POINT('',(-20.79020998213,2.960940542928,0.));
#5745 = LINE('',#5746,#5747);
#5746 = CARTESIAN_POINT('',(-20.79020998213,2.960940542928,0.));
#5747 = VECTOR('',#5748,1.);
#5748 = DIRECTION('',(0.,0.,1.));
#5749 = ORIENTED_EDGE('',*,*,#5750,.F.);
#5750 = EDGE_CURVE('',#5673,#5743,#5751,.T.);
#5751 = B_SPLINE_CURVE_WITH_KNOTS('',1,(#5752,#5753),.UNSPECIFIED.,.F.,
  .F.,(2,2),(0.,0.655637850368),.PIECEWISE_BEZIER_KNOTS.);
#5752 = CARTESIAN_POINT('',(-20.68764562575,3.608506403389,0.));
#5753 = CARTESIAN_POINT('',(-20.79020998213,2.960940542928,0.));
#5754 = SURFACE_OF_LINEAR_EXTRUSION('',#5755,#5758);
#5755 = B_SPLINE_CURVE_WITH_KNOTS('',1,(#5756,#5757),.UNSPECIFIED.,.F.,
  .F.,(2,2),(0.,0.655637850368),.PIECEWISE_BEZIER_KNOTS.);
#5756 = CARTESIAN_POINT('',(-20.68764562575,3.608506403389,0.));
#5757 = CARTESIAN_POINT('',(-20.79020998213,2.960940542928,0.));
#5758 = VECTOR('',#5759,1.);
#5759 = DIRECTION('',(-0.,-0.,-1.));
#5760 = ADVANCED_FACE('',(#5761),#5824,.F.);
#5761 = FACE_BOUND('',#5762,.F.);
#5762 = EDGE_LOOP('',(#5763,#5764,#5791,#5799));
#5763 = ORIENTED_EDGE('',*,*,#5742,.T.);
#5764 = ORIENTED_EDGE('',*,*,#5765,.T.);
#5765 = EDGE_CURVE('',#5736,#5766,#5768,.T.);
#5766 = VERTEX_POINT('',#5767);
#5767 = CARTESIAN_POINT('',(-18.68954650561,1.977306258093,10.));
#5768 = B_SPLINE_CURVE_WITH_KNOTS('',3,(#5769,#5770,#5771,#5772,#5773,
    #5774,#5775,#5776,#5777,#5778,#5779,#5780,#5781,#5782,#5783,#5784,
    #5785,#5786,#5787,#5788,#5789,#5790),.UNSPECIFIED.,.F.,.F.,(4,1,1,1,
    1,1,1,1,1,1,1,1,1,1,1,1,1,1,1,4),(0.,0.239379417168,0.465819406568,
    0.67931996821,0.879881102108,1.067502808279,1.242185086743,
    1.403927937526,1.55273136066,1.688595356185,1.811519924156,
    1.921505064645,2.018550777754,2.102657063634,2.173823922514,
    2.232051354779,2.277339361144,2.309687943179,2.329097105599,
    2.335566881401),.UNSPECIFIED.);
#5769 = CARTESIAN_POINT('',(-20.79020998213,2.960940542928,10.));
#5770 = CARTESIAN_POINT('',(-20.72453017555,2.915629757843,10.));
#5771 = CARTESIAN_POINT('',(-20.59559639398,2.829070712508,10.));
#5772 = CARTESIAN_POINT('',(-20.40432205522,2.707825644685,10.));
#5773 = CARTESIAN_POINT('',(-20.22104326434,2.598272220457,10.));
#5774 = CARTESIAN_POINT('',(-20.04623389139,2.499907369641,10.));
#5775 = CARTESIAN_POINT('',(-19.88034715518,2.412205782267,10.));
#5776 = CARTESIAN_POINT('',(-19.72381434104,2.334627651303,10.));
#5777 = CARTESIAN_POINT('',(-19.57704446646,2.266617755974,10.));
#5778 = CARTESIAN_POINT('',(-19.44042374843,2.207606673659,10.));
#5779 = CARTESIAN_POINT('',(-19.31431515056,2.157011508344,10.));
#5780 = CARTESIAN_POINT('',(-19.19905794907,2.114236711108,10.));
#5781 = CARTESIAN_POINT('',(-19.09496731392,2.078675034616,10.));
#5782 = CARTESIAN_POINT('',(-19.00233396596,2.049708037646,10.));
#5783 = CARTESIAN_POINT('',(-18.92142371049,2.026708066681,10.));
#5784 = CARTESIAN_POINT('',(-18.85247745692,2.009035837989,10.));
#5785 = CARTESIAN_POINT('',(-18.79570992542,1.996050969886,10.));
#5786 = CARTESIAN_POINT('',(-18.75131210678,1.987086612555,10.));
#5787 = CARTESIAN_POINT('',(-18.71944401157,1.981517999,10.));
#5788 = CARTESIAN_POINT('',(-18.70024993533,1.978614058706,10.));
#5789 = CARTESIAN_POINT('',(-18.69168878135,1.977555668562,10.));
#5790 = CARTESIAN_POINT('',(-18.68954650561,1.977306258093,10.));
#5791 = ORIENTED_EDGE('',*,*,#5792,.F.);
#5792 = EDGE_CURVE('',#5793,#5766,#5795,.T.);
#5793 = VERTEX_POINT('',#5794);
#5794 = CARTESIAN_POINT('',(-18.68954650561,1.977306258093,0.));
#5795 = LINE('',#5796,#5797);
#5796 = CARTESIAN_POINT('',(-18.68954650561,1.977306258093,0.));
#5797 = VECTOR('',#5798,1.);
#5798 = DIRECTION('',(0.,0.,1.));
#5799 = ORIENTED_EDGE('',*,*,#5800,.F.);
#5800 = EDGE_CURVE('',#5743,#5793,#5801,.T.);
#5801 = B_SPLINE_CURVE_WITH_KNOTS('',3,(#5802,#5803,#5804,#5805,#5806,
    #5807,#5808,#5809,#5810,#5811,#5812,#5813,#5814,#5815,#5816,#5817,
    #5818,#5819,#5820,#5821,#5822,#5823),.UNSPECIFIED.,.F.,.F.,(4,1,1,1,
    1,1,1,1,1,1,1,1,1,1,1,1,1,1,1,4),(0.,0.239379417168,0.465819406568,
    0.67931996821,0.879881102108,1.067502808279,1.242185086743,
    1.403927937526,1.55273136066,1.688595356185,1.811519924156,
    1.921505064645,2.018550777754,2.102657063634,2.173823922514,
    2.232051354779,2.277339361144,2.309687943179,2.329097105599,
    2.335566881401),.UNSPECIFIED.);
#5802 = CARTESIAN_POINT('',(-20.79020998213,2.960940542928,0.));
#5803 = CARTESIAN_POINT('',(-20.72453017555,2.915629757843,0.));
#5804 = CARTESIAN_POINT('',(-20.59559639398,2.829070712508,0.));
#5805 = CARTESIAN_POINT('',(-20.40432205522,2.707825644685,0.));
#5806 = CARTESIAN_POINT('',(-20.22104326434,2.598272220457,0.));
#5807 = CARTESIAN_POINT('',(-20.04623389139,2.499907369641,0.));
#5808 = CARTESIAN_POINT('',(-19.88034715518,2.412205782267,0.));
#5809 = CARTESIAN_POINT('',(-19.72381434104,2.334627651303,0.));
#5810 = CARTESIAN_POINT('',(-19.57704446646,2.266617755974,0.));
#5811 = CARTESIAN_POINT('',(-19.44042374843,2.207606673659,0.));
#5812 = CARTESIAN_POINT('',(-19.31431515056,2.157011508344,0.));
#5813 = CARTESIAN_POINT('',(-19.19905794907,2.114236711108,0.));
#5814 = CARTESIAN_POINT('',(-19.09496731392,2.078675034616,0.));
#5815 = CARTESIAN_POINT('',(-19.00233396596,2.049708037646,0.));
#5816 = CARTESIAN_POINT('',(-18.92142371049,2.026708066681,0.));
#5817 = CARTESIAN_POINT('',(-18.85247745692,2.009035837989,0.));
#5818 = CARTESIAN_POINT('',(-18.79570992542,1.996050969886,0.));
#5819 = CARTESIAN_POINT('',(-18.75131210678,1.987086612555,0.));
#5820 = CARTESIAN_POINT('',(-18.71944401157,1.981517999,0.));
#5821 = CARTESIAN_POINT('',(-18.70024993533,1.978614058706,0.));
#5822 = CARTESIAN_POINT('',(-18.69168878135,1.977555668562,0.));
#5823 = CARTESIAN_POINT('',(-18.68954650561,1.977306258093,0.));
#5824 = SURFACE_OF_LINEAR_EXTRUSION('',#5825,#5848);
#5825 = B_SPLINE_CURVE_WITH_KNOTS('',3,(#5826,#5827,#5828,#5829,#5830,
    #5831,#5832,#5833,#5834,#5835,#5836,#5837,#5838,#5839,#5840,#5841,
    #5842,#5843,#5844,#5845,#5846,#5847),.UNSPECIFIED.,.F.,.F.,(4,1,1,1,
    1,1,1,1,1,1,1,1,1,1,1,1,1,1,1,4),(0.,0.239379417168,0.465819406568,
    0.67931996821,0.879881102108,1.067502808279,1.242185086743,
    1.403927937526,1.55273136066,1.688595356185,1.811519924156,
    1.921505064645,2.018550777754,2.102657063634,2.173823922514,
    2.232051354779,2.277339361144,2.309687943179,2.329097105599,
    2.335566881401),.UNSPECIFIED.);
#5826 = CARTESIAN_POINT('',(-20.79020998213,2.960940542928,0.));
#5827 = CARTESIAN_POINT('',(-20.72453017555,2.915629757843,0.));
#5828 = CARTESIAN_POINT('',(-20.59559639398,2.829070712508,0.));
#5829 = CARTESIAN_POINT('',(-20.40432205522,2.707825644685,0.));
#5830 = CARTESIAN_POINT('',(-20.22104326434,2.598272220457,0.));
#5831 = CARTESIAN_POINT('',(-20.04623389139,2.499907369641,0.));
#5832 = CARTESIAN_POINT('',(-19.88034715518,2.412205782267,0.));
#5833 = CARTESIAN_POINT('',(-19.72381434104,2.334627651303,0.));
#5834 = CARTESIAN_POINT('',(-19.57704446646,2.266617755974,0.));
#5835 = CARTESIAN_POINT('',(-19.44042374843,2.207606673659,0.));
#5836 = CARTESIAN_POINT('',(-19.31431515056,2.157011508344,0.));
#5837 = CARTESIAN_POINT('',(-19.19905794907,2.114236711108,0.));
#5838 = CARTESIAN_POINT('',(-19.09496731392,2.078675034616,0.));
#5839 = CARTESIAN_POINT('',(-19.00233396596,2.049708037646,0.));
#5840 = CARTESIAN_POINT('',(-18.92142371049,2.026708066681,0.));
#5841 = CARTESIAN_POINT('',(-18.85247745692,2.009035837989,0.));
#5842 = CARTESIAN_POINT('',(-18.79570992542,1.996050969886,0.));
#5843 = CARTESIAN_POINT('',(-18.75131210678,1.987086612555,0.));
#5844 = CARTESIAN_POINT('',(-18.71944401157,1.981517999,0.));
#5845 = CARTESIAN_POINT('',(-18.70024993533,1.978614058706,0.));
#5846 = CARTESIAN_POINT('',(-18.69168878135,1.977555668562,0.));
#5847 = CARTESIAN_POINT('',(-18.68954650561,1.977306258093,0.));
#5848 = VECTOR('',#5849,1.);
#5849 = DIRECTION('',(-0.,-0.,-1.));
#5850 = ADVANCED_FACE('',(#5851),#5874,.F.);
#5851 = FACE_BOUND('',#5852,.F.);
#5852 = EDGE_LOOP('',(#5853,#5854,#5861,#5869));
#5853 = ORIENTED_EDGE('',*,*,#5792,.T.);
#5854 = ORIENTED_EDGE('',*,*,#5855,.T.);
#5855 = EDGE_CURVE('',#5766,#5856,#5858,.T.);
#5856 = VERTEX_POINT('',#5857);
#5857 = CARTESIAN_POINT('',(-18.64593747087,1.972692533663,10.));
#5858 = B_SPLINE_CURVE_WITH_KNOTS('',1,(#5859,#5860),.UNSPECIFIED.,.F.,
  .F.,(2,2),(0.,4.385241571817E-02),.PIECEWISE_BEZIER_KNOTS.);
#5859 = CARTESIAN_POINT('',(-18.68954650561,1.977306258093,10.));
#5860 = CARTESIAN_POINT('',(-18.64593747087,1.972692533663,10.));
#5861 = ORIENTED_EDGE('',*,*,#5862,.F.);
#5862 = EDGE_CURVE('',#5863,#5856,#5865,.T.);
#5863 = VERTEX_POINT('',#5864);
#5864 = CARTESIAN_POINT('',(-18.64593747087,1.972692533663,0.));
#5865 = LINE('',#5866,#5867);
#5866 = CARTESIAN_POINT('',(-18.64593747087,1.972692533663,0.));
#5867 = VECTOR('',#5868,1.);
#5868 = DIRECTION('',(0.,0.,1.));
#5869 = ORIENTED_EDGE('',*,*,#5870,.F.);
#5870 = EDGE_CURVE('',#5793,#5863,#5871,.T.);
#5871 = B_SPLINE_CURVE_WITH_KNOTS('',1,(#5872,#5873),.UNSPECIFIED.,.F.,
  .F.,(2,2),(0.,4.385241571817E-02),.PIECEWISE_BEZIER_KNOTS.);
#5872 = CARTESIAN_POINT('',(-18.68954650561,1.977306258093,0.));
#5873 = CARTESIAN_POINT('',(-18.64593747087,1.972692533663,0.));
#5874 = SURFACE_OF_LINEAR_EXTRUSION('',#5875,#5878);
#5875 = B_SPLINE_CURVE_WITH_KNOTS('',1,(#5876,#5877),.UNSPECIFIED.,.F.,
  .F.,(2,2),(0.,4.385241571817E-02),.PIECEWISE_BEZIER_KNOTS.);
#5876 = CARTESIAN_POINT('',(-18.68954650561,1.977306258093,0.));
#5877 = CARTESIAN_POINT('',(-18.64593747087,1.972692533663,0.));
#5878 = VECTOR('',#5879,1.);
#5879 = DIRECTION('',(-0.,-0.,-1.));
#5880 = ADVANCED_FACE('',(#5881),#5904,.F.);
#5881 = FACE_BOUND('',#5882,.F.);
#5882 = EDGE_LOOP('',(#5883,#5884,#5891,#5899));
#5883 = ORIENTED_EDGE('',*,*,#5862,.T.);
#5884 = ORIENTED_EDGE('',*,*,#5885,.T.);
#5885 = EDGE_CURVE('',#5856,#5886,#5888,.T.);
#5886 = VERTEX_POINT('',#5887);
#5887 = CARTESIAN_POINT('',(-18.72497214063,0.968461838352,10.));
#5888 = B_SPLINE_CURVE_WITH_KNOTS('',1,(#5889,#5890),.UNSPECIFIED.,.F.,
  .F.,(2,2),(0.,1.007335975944),.PIECEWISE_BEZIER_KNOTS.);
#5889 = CARTESIAN_POINT('',(-18.64593747087,1.972692533663,10.));
#5890 = CARTESIAN_POINT('',(-18.72497214063,0.968461838352,10.));
#5891 = ORIENTED_EDGE('',*,*,#5892,.F.);
#5892 = EDGE_CURVE('',#5893,#5886,#5895,.T.);
#5893 = VERTEX_POINT('',#5894);
#5894 = CARTESIAN_POINT('',(-18.72497214063,0.968461838352,0.));
#5895 = LINE('',#5896,#5897);
#5896 = CARTESIAN_POINT('',(-18.72497214063,0.968461838352,0.));
#5897 = VECTOR('',#5898,1.);
#5898 = DIRECTION('',(0.,0.,1.));
#5899 = ORIENTED_EDGE('',*,*,#5900,.F.);
#5900 = EDGE_CURVE('',#5863,#5893,#5901,.T.);
#5901 = B_SPLINE_CURVE_WITH_KNOTS('',1,(#5902,#5903),.UNSPECIFIED.,.F.,
  .F.,(2,2),(0.,1.007335975944),.PIECEWISE_BEZIER_KNOTS.);
#5902 = CARTESIAN_POINT('',(-18.64593747087,1.972692533663,0.));
#5903 = CARTESIAN_POINT('',(-18.72497214063,0.968461838352,0.));
#5904 = SURFACE_OF_LINEAR_EXTRUSION('',#5905,#5908);
#5905 = B_SPLINE_CURVE_WITH_KNOTS('',1,(#5906,#5907),.UNSPECIFIED.,.F.,
  .F.,(2,2),(0.,1.007335975944),.PIECEWISE_BEZIER_KNOTS.);
#5906 = CARTESIAN_POINT('',(-18.64593747087,1.972692533663,0.));
#5907 = CARTESIAN_POINT('',(-18.72497214063,0.968461838352,0.));
#5908 = VECTOR('',#5909,1.);
#5909 = DIRECTION('',(-0.,-0.,-1.));
#5910 = ADVANCED_FACE('',(#5911),#5934,.F.);
#5911 = FACE_BOUND('',#5912,.F.);
#5912 = EDGE_LOOP('',(#5913,#5914,#5921,#5929));
#5913 = ORIENTED_EDGE('',*,*,#5892,.T.);
#5914 = ORIENTED_EDGE('',*,*,#5915,.T.);
#5915 = EDGE_CURVE('',#5886,#5916,#5918,.T.);
#5916 = VERTEX_POINT('',#5917);
#5917 = CARTESIAN_POINT('',(-18.76876602131,0.970726872546,10.));
#5918 = B_SPLINE_CURVE_WITH_KNOTS('',1,(#5919,#5920),.UNSPECIFIED.,.F.,
  .F.,(2,2),(0.,4.385241571817E-02),.PIECEWISE_BEZIER_KNOTS.);
#5919 = CARTESIAN_POINT('',(-18.72497214063,0.968461838352,10.));
#5920 = CARTESIAN_POINT('',(-18.76876602131,0.970726872546,10.));
#5921 = ORIENTED_EDGE('',*,*,#5922,.F.);
#5922 = EDGE_CURVE('',#5923,#5916,#5925,.T.);
#5923 = VERTEX_POINT('',#5924);
#5924 = CARTESIAN_POINT('',(-18.76876602131,0.970726872546,0.));
#5925 = LINE('',#5926,#5927);
#5926 = CARTESIAN_POINT('',(-18.76876602131,0.970726872546,0.));
#5927 = VECTOR('',#5928,1.);
#5928 = DIRECTION('',(0.,0.,1.));
#5929 = ORIENTED_EDGE('',*,*,#5930,.F.);
#5930 = EDGE_CURVE('',#5893,#5923,#5931,.T.);
#5931 = B_SPLINE_CURVE_WITH_KNOTS('',1,(#5932,#5933),.UNSPECIFIED.,.F.,
  .F.,(2,2),(0.,4.385241571817E-02),.PIECEWISE_BEZIER_KNOTS.);
#5932 = CARTESIAN_POINT('',(-18.72497214063,0.968461838352,0.));
#5933 = CARTESIAN_POINT('',(-18.76876602131,0.970726872546,0.));
#5934 = SURFACE_OF_LINEAR_EXTRUSION('',#5935,#5938);
#5935 = B_SPLINE_CURVE_WITH_KNOTS('',1,(#5936,#5937),.UNSPECIFIED.,.F.,
  .F.,(2,2),(0.,4.385241571817E-02),.PIECEWISE_BEZIER_KNOTS.);
#5936 = CARTESIAN_POINT('',(-18.72497214063,0.968461838352,0.));
#5937 = CARTESIAN_POINT('',(-18.76876602131,0.970726872546,0.));
#5938 = VECTOR('',#5939,1.);
#5939 = DIRECTION('',(-0.,-0.,-1.));
#5940 = ADVANCED_FACE('',(#5941),#6004,.F.);
#5941 = FACE_BOUND('',#5942,.F.);
#5942 = EDGE_LOOP('',(#5943,#5944,#5971,#5979));
#5943 = ORIENTED_EDGE('',*,*,#5922,.T.);
#5944 = ORIENTED_EDGE('',*,*,#5945,.T.);
#5945 = EDGE_CURVE('',#5916,#5946,#5948,.T.);
#5946 = VERTEX_POINT('',#5947);
#5947 = CARTESIAN_POINT('',(-20.99744114772,0.327818925184,10.));
#5948 = B_SPLINE_CURVE_WITH_KNOTS('',3,(#5949,#5950,#5951,#5952,#5953,
    #5954,#5955,#5956,#5957,#5958,#5959,#5960,#5961,#5962,#5963,#5964,
    #5965,#5966,#5967,#5968,#5969,#5970),.UNSPECIFIED.,.F.,.F.,(4,1,1,1,
    1,1,1,1,1,1,1,1,1,1,1,1,1,1,1,4),(0.,6.469775801205E-03,
    2.587893822125E-02,5.822752025674E-02,0.103515526622,0.161742958887,
    0.232909817767,0.317016103646,0.414061816756,0.524046957245,
    0.646971525216,0.782835520741,0.931638943874,1.093381794658,
    1.268064073122,1.455685779293,1.656246913191,1.869747474833,
    2.096187464232,2.335566881401),.UNSPECIFIED.);
#5949 = CARTESIAN_POINT('',(-18.76876602131,0.970726872546,10.));
#5950 = CARTESIAN_POINT('',(-18.77092093847,0.970815658493,10.));
#5951 = CARTESIAN_POINT('',(-18.77954225914,0.971109558432,10.));
#5952 = CARTESIAN_POINT('',(-18.7989543008,0.971243985509,10.));
#5953 = CARTESIAN_POINT('',(-18.83130116995,0.970729199254,10.));
#5954 = CARTESIAN_POINT('',(-18.87655471222,0.968820557046,10.));
#5955 = CARTESIAN_POINT('',(-18.9346546221,0.964875952638,10.));
#5956 = CARTESIAN_POINT('',(-19.00551657852,0.9582068687,10.));
#5957 = CARTESIAN_POINT('',(-19.08902868263,0.948147218074,10.));
#5958 = CARTESIAN_POINT('',(-19.18505299704,0.934027901138,10.));
#5959 = CARTESIAN_POINT('',(-19.29342517558,0.915187410721,10.));
#5960 = CARTESIAN_POINT('',(-19.41395482218,0.890969440877,10.));
#5961 = CARTESIAN_POINT('',(-19.54642564157,0.860724917049,10.));
#5962 = CARTESIAN_POINT('',(-19.69059569895,0.82381254802,10.));
#5963 = CARTESIAN_POINT('',(-19.84619768441,0.779599834172,10.));
#5964 = CARTESIAN_POINT('',(-20.01293921327,0.727463945774,10.));
#5965 = CARTESIAN_POINT('',(-20.19050315939,0.666792513309,10.));
#5966 = CARTESIAN_POINT('',(-20.37854799169,0.596984907775,10.));
#5967 = CARTESIAN_POINT('',(-20.57670824784,0.517451387598,10.));
#5968 = CARTESIAN_POINT('',(-20.78459458941,0.427620946614,10.));
#5969 = CARTESIAN_POINT('',(-20.92548180013,0.36229727391,10.));
#5970 = CARTESIAN_POINT('',(-20.99744114772,0.327818925184,10.));
#5971 = ORIENTED_EDGE('',*,*,#5972,.F.);
#5972 = EDGE_CURVE('',#5973,#5946,#5975,.T.);
#5973 = VERTEX_POINT('',#5974);
#5974 = CARTESIAN_POINT('',(-20.99744114772,0.327818925184,0.));
#5975 = LINE('',#5976,#5977);
#5976 = CARTESIAN_POINT('',(-20.99744114772,0.327818925184,0.));
#5977 = VECTOR('',#5978,1.);
#5978 = DIRECTION('',(0.,0.,1.));
#5979 = ORIENTED_EDGE('',*,*,#5980,.F.);
#5980 = EDGE_CURVE('',#5923,#5973,#5981,.T.);
#5981 = B_SPLINE_CURVE_WITH_KNOTS('',3,(#5982,#5983,#5984,#5985,#5986,
    #5987,#5988,#5989,#5990,#5991,#5992,#5993,#5994,#5995,#5996,#5997,
    #5998,#5999,#6000,#6001,#6002,#6003),.UNSPECIFIED.,.F.,.F.,(4,1,1,1,
    1,1,1,1,1,1,1,1,1,1,1,1,1,1,1,4),(0.,6.469775801205E-03,
    2.587893822125E-02,5.822752025674E-02,0.103515526622,0.161742958887,
    0.232909817767,0.317016103646,0.414061816756,0.524046957245,
    0.646971525216,0.782835520741,0.931638943874,1.093381794658,
    1.268064073122,1.455685779293,1.656246913191,1.869747474833,
    2.096187464232,2.335566881401),.UNSPECIFIED.);
#5982 = CARTESIAN_POINT('',(-18.76876602131,0.970726872546,0.));
#5983 = CARTESIAN_POINT('',(-18.77092093847,0.970815658493,0.));
#5984 = CARTESIAN_POINT('',(-18.77954225914,0.971109558432,0.));
#5985 = CARTESIAN_POINT('',(-18.7989543008,0.971243985509,0.));
#5986 = CARTESIAN_POINT('',(-18.83130116995,0.970729199254,0.));
#5987 = CARTESIAN_POINT('',(-18.87655471222,0.968820557046,0.));
#5988 = CARTESIAN_POINT('',(-18.9346546221,0.964875952638,0.));
#5989 = CARTESIAN_POINT('',(-19.00551657852,0.9582068687,0.));
#5990 = CARTESIAN_POINT('',(-19.08902868263,0.948147218074,0.));
#5991 = CARTESIAN_POINT('',(-19.18505299704,0.934027901138,0.));
#5992 = CARTESIAN_POINT('',(-19.29342517558,0.915187410721,0.));
#5993 = CARTESIAN_POINT('',(-19.41395482218,0.890969440877,0.));
#5994 = CARTESIAN_POINT('',(-19.54642564157,0.860724917049,0.));
#5995 = CARTESIAN_POINT('',(-19.69059569895,0.82381254802,0.));
#5996 = CARTESIAN_POINT('',(-19.84619768441,0.779599834172,0.));
#5997 = CARTESIAN_POINT('',(-20.01293921327,0.727463945774,0.));
#5998 = CARTESIAN_POINT('',(-20.19050315939,0.666792513309,0.));
#5999 = CARTESIAN_POINT('',(-20.37854799169,0.596984907775,0.));
#6000 = CARTESIAN_POINT('',(-20.57670824784,0.517451387598,0.));
#6001 = CARTESIAN_POINT('',(-20.78459458941,0.427620946614,0.));
#6002 = CARTESIAN_POINT('',(-20.92548180013,0.36229727391,0.));
#6003 = CARTESIAN_POINT('',(-20.99744114772,0.327818925184,0.));
#6004 = SURFACE_OF_LINEAR_EXTRUSION('',#6005,#6028);
#6005 = B_SPLINE_CURVE_WITH_KNOTS('',3,(#6006,#6007,#6008,#6009,#6010,
    #6011,#6012,#6013,#6014,#6015,#6016,#6017,#6018,#6019,#6020,#6021,
    #6022,#6023,#6024,#6025,#6026,#6027),.UNSPECIFIED.,.F.,.F.,(4,1,1,1,
    1,1,1,1,1,1,1,1,1,1,1,1,1,1,1,4),(0.,6.469775801205E-03,
    2.587893822125E-02,5.822752025674E-02,0.103515526622,0.161742958887,
    0.232909817767,0.317016103646,0.414061816756,0.524046957245,
    0.646971525216,0.782835520741,0.931638943874,1.093381794658,
    1.268064073122,1.455685779293,1.656246913191,1.869747474833,
    2.096187464232,2.335566881401),.UNSPECIFIED.);
#6006 = CARTESIAN_POINT('',(-18.76876602131,0.970726872546,0.));
#6007 = CARTESIAN_POINT('',(-18.77092093847,0.970815658493,0.));
#6008 = CARTESIAN_POINT('',(-18.77954225914,0.971109558432,0.));
#6009 = CARTESIAN_POINT('',(-18.7989543008,0.971243985509,0.));
#6010 = CARTESIAN_POINT('',(-18.83130116995,0.970729199254,0.));
#6011 = CARTESIAN_POINT('',(-18.87655471222,0.968820557046,0.));
#6012 = CARTESIAN_POINT('',(-18.9346546221,0.964875952638,0.));
#6013 = CARTESIAN_POINT('',(-19.00551657852,0.9582068687,0.));
#6014 = CARTESIAN_POINT('',(-19.08902868263,0.948147218074,0.));
#6015 = CARTESIAN_POINT('',(-19.18505299704,0.934027901138,0.));
#6016 = CARTESIAN_POINT('',(-19.29342517558,0.915187410721,0.));
#6017 = CARTESIAN_POINT('',(-19.41395482218,0.890969440877,0.));
#6018 = CARTESIAN_POINT('',(-19.54642564157,0.860724917049,0.));
#6019 = CARTESIAN_POINT('',(-19.69059569895,0.82381254802,0.));
#6020 = CARTESIAN_POINT('',(-19.84619768441,0.779599834172,0.));
#6021 = CARTESIAN_POINT('',(-20.01293921327,0.727463945774,0.));
#6022 = CARTESIAN_POINT('',(-20.19050315939,0.666792513309,0.));
#6023 = CARTESIAN_POINT('',(-20.37854799169,0.596984907775,0.));
#6024 = CARTESIAN_POINT('',(-20.57670824784,0.517451387598,0.));
#6025 = CARTESIAN_POINT('',(-20.78459458941,0.427620946614,0.));
#6026 = CARTESIAN_POINT('',(-20.92548180013,0.36229727391,0.));
#6027 = CARTESIAN_POINT('',(-20.99744114772,0.327818925184,0.));
#6028 = VECTOR('',#6029,1.);
#6029 = DIRECTION('',(-0.,-0.,-1.));
#6030 = ADVANCED_FACE('',(#6031),#6054,.F.);
#6031 = FACE_BOUND('',#6032,.F.);
#6032 = EDGE_LOOP('',(#6033,#6034,#6041,#6049));
#6033 = ORIENTED_EDGE('',*,*,#5972,.T.);
#6034 = ORIENTED_EDGE('',*,*,#6035,.T.);
#6035 = EDGE_CURVE('',#5946,#6036,#6038,.T.);
#6036 = VERTEX_POINT('',#6037);
#6037 = CARTESIAN_POINT('',(-20.99744114772,-0.327818925184,10.));
#6038 = B_SPLINE_CURVE_WITH_KNOTS('',1,(#6039,#6040),.UNSPECIFIED.,.F.,
  .F.,(2,2),(0.,0.655637850368),.PIECEWISE_BEZIER_KNOTS.);
#6039 = CARTESIAN_POINT('',(-20.99744114772,0.327818925184,10.));
#6040 = CARTESIAN_POINT('',(-20.99744114772,-0.327818925184,10.));
#6041 = ORIENTED_EDGE('',*,*,#6042,.F.);
#6042 = EDGE_CURVE('',#6043,#6036,#6045,.T.);
#6043 = VERTEX_POINT('',#6044);
#6044 = CARTESIAN_POINT('',(-20.99744114772,-0.327818925184,0.));
#6045 = LINE('',#6046,#6047);
#6046 = CARTESIAN_POINT('',(-20.99744114772,-0.327818925184,0.));
#6047 = VECTOR('',#6048,1.);
#6048 = DIRECTION('',(0.,0.,1.));
#6049 = ORIENTED_EDGE('',*,*,#6050,.F.);
#6050 = EDGE_CURVE('',#5973,#6043,#6051,.T.);
#6051 = B_SPLINE_CURVE_WITH_KNOTS('',1,(#6052,#6053),.UNSPECIFIED.,.F.,
  .F.,(2,2),(0.,0.655637850368),.PIECEWISE_BEZIER_KNOTS.);
#6052 = CARTESIAN_POINT('',(-20.99744114772,0.327818925184,0.));
#6053 = CARTESIAN_POINT('',(-20.99744114772,-0.327818925184,0.));
#6054 = SURFACE_OF_LINEAR_EXTRUSION('',#6055,#6058);
#6055 = B_SPLINE_CURVE_WITH_KNOTS('',1,(#6056,#6057),.UNSPECIFIED.,.F.,
  .F.,(2,2),(0.,0.655637850368),.PIECEWISE_BEZIER_KNOTS.);
#6056 = CARTESIAN_POINT('',(-20.99744114772,0.327818925184,0.));
#6057 = CARTESIAN_POINT('',(-20.99744114772,-0.327818925184,0.));
#6058 = VECTOR('',#6059,1.);
#6059 = DIRECTION('',(-0.,-0.,-1.));
#6060 = ADVANCED_FACE('',(#6061),#6124,.F.);
#6061 = FACE_BOUND('',#6062,.F.);
#6062 = EDGE_LOOP('',(#6063,#6064,#6091,#6099));
#6063 = ORIENTED_EDGE('',*,*,#6042,.T.);
#6064 = ORIENTED_EDGE('',*,*,#6065,.T.);
#6065 = EDGE_CURVE('',#6036,#6066,#6068,.T.);
#6066 = VERTEX_POINT('',#6067);
#6067 = CARTESIAN_POINT('',(-18.76876602131,-0.970726872546,10.));
#6068 = B_SPLINE_CURVE_WITH_KNOTS('',3,(#6069,#6070,#6071,#6072,#6073,
    #6074,#6075,#6076,#6077,#6078,#6079,#6080,#6081,#6082,#6083,#6084,
    #6085,#6086,#6087,#6088,#6089,#6090),.UNSPECIFIED.,.F.,.F.,(4,1,1,1,
    1,1,1,1,1,1,1,1,1,1,1,1,1,1,1,4),(0.,0.239379417168,0.465819406568,
    0.67931996821,0.879881102108,1.067502808279,1.242185086743,
    1.403927937526,1.55273136066,1.688595356185,1.811519924156,
    1.921505064645,2.018550777754,2.102657063634,2.173823922514,
    2.232051354779,2.277339361144,2.309687943179,2.329097105599,
    2.335566881401),.UNSPECIFIED.);
#6069 = CARTESIAN_POINT('',(-20.99744114772,-0.327818925184,10.));
#6070 = CARTESIAN_POINT('',(-20.92548180013,-0.36229727391,10.));
#6071 = CARTESIAN_POINT('',(-20.78459458941,-0.427620946614,10.));
#6072 = CARTESIAN_POINT('',(-20.57670824784,-0.517451387598,10.));
#6073 = CARTESIAN_POINT('',(-20.37854799169,-0.596984907775,10.));
#6074 = CARTESIAN_POINT('',(-20.19050315939,-0.666792513309,10.));
#6075 = CARTESIAN_POINT('',(-20.01293921327,-0.727463945774,10.));
#6076 = CARTESIAN_POINT('',(-19.84619768441,-0.779599834172,10.));
#6077 = CARTESIAN_POINT('',(-19.69059569895,-0.82381254802,10.));
#6078 = CARTESIAN_POINT('',(-19.54642564157,-0.860724917049,10.));
#6079 = CARTESIAN_POINT('',(-19.41395482218,-0.890969440877,10.));
#6080 = CARTESIAN_POINT('',(-19.29342517558,-0.915187410721,10.));
#6081 = CARTESIAN_POINT('',(-19.18505299704,-0.934027901138,10.));
#6082 = CARTESIAN_POINT('',(-19.08902868263,-0.948147218074,10.));
#6083 = CARTESIAN_POINT('',(-19.00551657852,-0.9582068687,10.));
#6084 = CARTESIAN_POINT('',(-18.9346546221,-0.964875952638,10.));
#6085 = CARTESIAN_POINT('',(-18.87655471222,-0.968820557046,10.));
#6086 = CARTESIAN_POINT('',(-18.83130116995,-0.970729199254,10.));
#6087 = CARTESIAN_POINT('',(-18.7989543008,-0.971243985509,10.));
#6088 = CARTESIAN_POINT('',(-18.77954225914,-0.971109558432,10.));
#6089 = CARTESIAN_POINT('',(-18.77092093847,-0.970815658493,10.));
#6090 = CARTESIAN_POINT('',(-18.76876602131,-0.970726872546,10.));
#6091 = ORIENTED_EDGE('',*,*,#6092,.F.);
#6092 = EDGE_CURVE('',#6093,#6066,#6095,.T.);
#6093 = VERTEX_POINT('',#6094);
#6094 = CARTESIAN_POINT('',(-18.76876602131,-0.970726872546,0.));
#6095 = LINE('',#6096,#6097);
#6096 = CARTESIAN_POINT('',(-18.76876602131,-0.970726872546,0.));
#6097 = VECTOR('',#6098,1.);
#6098 = DIRECTION('',(0.,0.,1.));
#6099 = ORIENTED_EDGE('',*,*,#6100,.F.);
#6100 = EDGE_CURVE('',#6043,#6093,#6101,.T.);
#6101 = B_SPLINE_CURVE_WITH_KNOTS('',3,(#6102,#6103,#6104,#6105,#6106,
    #6107,#6108,#6109,#6110,#6111,#6112,#6113,#6114,#6115,#6116,#6117,
    #6118,#6119,#6120,#6121,#6122,#6123),.UNSPECIFIED.,.F.,.F.,(4,1,1,1,
    1,1,1,1,1,1,1,1,1,1,1,1,1,1,1,4),(0.,0.239379417168,0.465819406568,
    0.67931996821,0.879881102108,1.067502808279,1.242185086743,
    1.403927937526,1.55273136066,1.688595356185,1.811519924156,
    1.921505064645,2.018550777754,2.102657063634,2.173823922514,
    2.232051354779,2.277339361144,2.309687943179,2.329097105599,
    2.335566881401),.UNSPECIFIED.);
#6102 = CARTESIAN_POINT('',(-20.99744114772,-0.327818925184,0.));
#6103 = CARTESIAN_POINT('',(-20.92548180013,-0.36229727391,0.));
#6104 = CARTESIAN_POINT('',(-20.78459458941,-0.427620946614,0.));
#6105 = CARTESIAN_POINT('',(-20.57670824784,-0.517451387598,0.));
#6106 = CARTESIAN_POINT('',(-20.37854799169,-0.596984907775,0.));
#6107 = CARTESIAN_POINT('',(-20.19050315939,-0.666792513309,0.));
#6108 = CARTESIAN_POINT('',(-20.01293921327,-0.727463945774,0.));
#6109 = CARTESIAN_POINT('',(-19.84619768441,-0.779599834172,0.));
#6110 = CARTESIAN_POINT('',(-19.69059569895,-0.82381254802,0.));
#6111 = CARTESIAN_POINT('',(-19.54642564157,-0.860724917049,0.));
#6112 = CARTESIAN_POINT('',(-19.41395482218,-0.890969440877,0.));
#6113 = CARTESIAN_POINT('',(-19.29342517558,-0.915187410721,0.));
#6114 = CARTESIAN_POINT('',(-19.18505299704,-0.934027901138,0.));
#6115 = CARTESIAN_POINT('',(-19.08902868263,-0.948147218074,0.));
#6116 = CARTESIAN_POINT('',(-19.00551657852,-0.9582068687,0.));
#6117 = CARTESIAN_POINT('',(-18.9346546221,-0.964875952638,0.));
#6118 = CARTESIAN_POINT('',(-18.87655471222,-0.968820557046,0.));
#6119 = CARTESIAN_POINT('',(-18.83130116995,-0.970729199254,0.));
#6120 = CARTESIAN_POINT('',(-18.7989543008,-0.971243985509,0.));
#6121 = CARTESIAN_POINT('',(-18.77954225914,-0.971109558432,0.));
#6122 = CARTESIAN_POINT('',(-18.77092093847,-0.970815658493,0.));
#6123 = CARTESIAN_POINT('',(-18.76876602131,-0.970726872546,0.));
#6124 = SURFACE_OF_LINEAR_EXTRUSION('',#6125,#6148);
#6125 = B_SPLINE_CURVE_WITH_KNOTS('',3,(#6126,#6127,#6128,#6129,#6130,
    #6131,#6132,#6133,#6134,#6135,#6136,#6137,#6138,#6139,#6140,#6141,
    #6142,#6143,#6144,#6145,#6146,#6147),.UNSPECIFIED.,.F.,.F.,(4,1,1,1,
    1,1,1,1,1,1,1,1,1,1,1,1,1,1,1,4),(0.,0.239379417168,0.465819406568,
    0.67931996821,0.879881102108,1.067502808279,1.242185086743,
    1.403927937526,1.55273136066,1.688595356185,1.811519924156,
    1.921505064645,2.018550777754,2.102657063634,2.173823922514,
    2.232051354779,2.277339361144,2.309687943179,2.329097105599,
    2.335566881401),.UNSPECIFIED.);
#6126 = CARTESIAN_POINT('',(-20.99744114772,-0.327818925184,0.));
#6127 = CARTESIAN_POINT('',(-20.92548180013,-0.36229727391,0.));
#6128 = CARTESIAN_POINT('',(-20.78459458941,-0.427620946614,0.));
#6129 = CARTESIAN_POINT('',(-20.57670824784,-0.517451387598,0.));
#6130 = CARTESIAN_POINT('',(-20.37854799169,-0.596984907775,0.));
#6131 = CARTESIAN_POINT('',(-20.19050315939,-0.666792513309,0.));
#6132 = CARTESIAN_POINT('',(-20.01293921327,-0.727463945774,0.));
#6133 = CARTESIAN_POINT('',(-19.84619768441,-0.779599834172,0.));
#6134 = CARTESIAN_POINT('',(-19.69059569895,-0.82381254802,0.));
#6135 = CARTESIAN_POINT('',(-19.54642564157,-0.860724917049,0.));
#6136 = CARTESIAN_POINT('',(-19.41395482218,-0.890969440877,0.));
#6137 = CARTESIAN_POINT('',(-19.29342517558,-0.915187410721,0.));
#6138 = CARTESIAN_POINT('',(-19.18505299704,-0.934027901138,0.));
#6139 = CARTESIAN_POINT('',(-19.08902868263,-0.948147218074,0.));
#6140 = CARTESIAN_POINT('',(-19.00551657852,-0.9582068687,0.));
#6141 = CARTESIAN_POINT('',(-18.9346546221,-0.964875952638,0.));
#6142 = CARTESIAN_POINT('',(-18.87655471222,-0.968820557046,0.));
#6143 = CARTESIAN_POINT('',(-18.83130116995,-0.970729199254,0.));
#6144 = CARTESIAN_POINT('',(-18.7989543008,-0.971243985509,0.));
#6145 = CARTESIAN_POINT('',(-18.77954225914,-0.971109558432,0.));
#6146 = CARTESIAN_POINT('',(-18.77092093847,-0.970815658493,0.));
#6147 = CARTESIAN_POINT('',(-18.76876602131,-0.970726872546,0.));
#6148 = VECTOR('',#6149,1.);
#6149 = DIRECTION('',(-0.,-0.,-1.));
#6150 = ADVANCED_FACE('',(#6151),#6174,.F.);
#6151 = FACE_BOUND('',#6152,.F.);
#6152 = EDGE_LOOP('',(#6153,#6154,#6161,#6169));
#6153 = ORIENTED_EDGE('',*,*,#6092,.T.);
#6154 = ORIENTED_EDGE('',*,*,#6155,.T.);
#6155 = EDGE_CURVE('',#6066,#6156,#6158,.T.);
#6156 = VERTEX_POINT('',#6157);
#6157 = CARTESIAN_POINT('',(-18.72497214063,-0.968461838352,10.));
#6158 = B_SPLINE_CURVE_WITH_KNOTS('',1,(#6159,#6160),.UNSPECIFIED.,.F.,
  .F.,(2,2),(0.,4.385241571817E-02),.PIECEWISE_BEZIER_KNOTS.);
#6159 = CARTESIAN_POINT('',(-18.76876602131,-0.970726872546,10.));
#6160 = CARTESIAN_POINT('',(-18.72497214063,-0.968461838352,10.));
#6161 = ORIENTED_EDGE('',*,*,#6162,.F.);
#6162 = EDGE_CURVE('',#6163,#6156,#6165,.T.);
#6163 = VERTEX_POINT('',#6164);
#6164 = CARTESIAN_POINT('',(-18.72497214063,-0.968461838352,0.));
#6165 = LINE('',#6166,#6167);
#6166 = CARTESIAN_POINT('',(-18.72497214063,-0.968461838352,0.));
#6167 = VECTOR('',#6168,1.);
#6168 = DIRECTION('',(0.,0.,1.));
#6169 = ORIENTED_EDGE('',*,*,#6170,.F.);
#6170 = EDGE_CURVE('',#6093,#6163,#6171,.T.);
#6171 = B_SPLINE_CURVE_WITH_KNOTS('',1,(#6172,#6173),.UNSPECIFIED.,.F.,
  .F.,(2,2),(0.,4.385241571817E-02),.PIECEWISE_BEZIER_KNOTS.);
#6172 = CARTESIAN_POINT('',(-18.76876602131,-0.970726872546,0.));
#6173 = CARTESIAN_POINT('',(-18.72497214063,-0.968461838352,0.));
#6174 = SURFACE_OF_LINEAR_EXTRUSION('',#6175,#6178);
#6175 = B_SPLINE_CURVE_WITH_KNOTS('',1,(#6176,#6177),.UNSPECIFIED.,.F.,
  .F.,(2,2),(0.,4.385241571817E-02),.PIECEWISE_BEZIER_KNOTS.);
#6176 = CARTESIAN_POINT('',(-18.76876602131,-0.970726872546,0.));
#6177 = CARTESIAN_POINT('',(-18.72497214063,-0.968461838352,0.));
#6178 = VECTOR('',#6179,1.);
#6179 = DIRECTION('',(-0.,-0.,-1.));
#6180 = ADVANCED_FACE('',(#6181),#6204,.F.);
#6181 = FACE_BOUND('',#6182,.F.);
#6182 = EDGE_LOOP('',(#6183,#6184,#6191,#6199));
#6183 = ORIENTED_EDGE('',*,*,#6162,.T.);
#6184 = ORIENTED_EDGE('',*,*,#6185,.T.);
#6185 = EDGE_CURVE('',#6156,#6186,#6188,.T.);
#6186 = VERTEX_POINT('',#6187);
#6187 = CARTESIAN_POINT('',(-18.64593747087,-1.972692533663,10.));
#6188 = B_SPLINE_CURVE_WITH_KNOTS('',1,(#6189,#6190),.UNSPECIFIED.,.F.,
  .F.,(2,2),(0.,1.007335975944),.PIECEWISE_BEZIER_KNOTS.);
#6189 = CARTESIAN_POINT('',(-18.72497214063,-0.968461838352,10.));
#6190 = CARTESIAN_POINT('',(-18.64593747087,-1.972692533663,10.));
#6191 = ORIENTED_EDGE('',*,*,#6192,.F.);
#6192 = EDGE_CURVE('',#6193,#6186,#6195,.T.);
#6193 = VERTEX_POINT('',#6194);
#6194 = CARTESIAN_POINT('',(-18.64593747087,-1.972692533663,0.));
#6195 = LINE('',#6196,#6197);
#6196 = CARTESIAN_POINT('',(-18.64593747087,-1.972692533663,0.));
#6197 = VECTOR('',#6198,1.);
#6198 = DIRECTION('',(0.,0.,1.));
#6199 = ORIENTED_EDGE('',*,*,#6200,.F.);
#6200 = EDGE_CURVE('',#6163,#6193,#6201,.T.);
#6201 = B_SPLINE_CURVE_WITH_KNOTS('',1,(#6202,#6203),.UNSPECIFIED.,.F.,
  .F.,(2,2),(0.,1.007335975944),.PIECEWISE_BEZIER_KNOTS.);
#6202 = CARTESIAN_POINT('',(-18.72497214063,-0.968461838352,0.));
#6203 = CARTESIAN_POINT('',(-18.64593747087,-1.972692533663,0.));
#6204 = SURFACE_OF_LINEAR_EXTRUSION('',#6205,#6208);
#6205 = B_SPLINE_CURVE_WITH_KNOTS('',1,(#6206,#6207),.UNSPECIFIED.,.F.,
  .F.,(2,2),(0.,1.007335975944),.PIECEWISE_BEZIER_KNOTS.);
#6206 = CARTESIAN_POINT('',(-18.72497214063,-0.968461838352,0.));
#6207 = CARTESIAN_POINT('',(-18.64593747087,-1.972692533663,0.));
#6208 = VECTOR('',#6209,1.);
#6209 = DIRECTION('',(-0.,-0.,-1.));
#6210 = ADVANCED_FACE('',(#6211),#6234,.F.);
#6211 = FACE_BOUND('',#6212,.F.);
#6212 = EDGE_LOOP('',(#6213,#6214,#6221,#6229));
#6213 = ORIENTED_EDGE('',*,*,#6192,.T.);
#6214 = ORIENTED_EDGE('',*,*,#6215,.T.);
#6215 = EDGE_CURVE('',#6186,#6216,#6218,.T.);
#6216 = VERTEX_POINT('',#6217);
#6217 = CARTESIAN_POINT('',(-18.68954650561,-1.977306258093,10.));
#6218 = B_SPLINE_CURVE_WITH_KNOTS('',1,(#6219,#6220),.UNSPECIFIED.,.F.,
  .F.,(2,2),(0.,4.385241571817E-02),.PIECEWISE_BEZIER_KNOTS.);
#6219 = CARTESIAN_POINT('',(-18.64593747087,-1.972692533663,10.));
#6220 = CARTESIAN_POINT('',(-18.68954650561,-1.977306258093,10.));
#6221 = ORIENTED_EDGE('',*,*,#6222,.F.);
#6222 = EDGE_CURVE('',#6223,#6216,#6225,.T.);
#6223 = VERTEX_POINT('',#6224);
#6224 = CARTESIAN_POINT('',(-18.68954650561,-1.977306258093,0.));
#6225 = LINE('',#6226,#6227);
#6226 = CARTESIAN_POINT('',(-18.68954650561,-1.977306258093,0.));
#6227 = VECTOR('',#6228,1.);
#6228 = DIRECTION('',(0.,0.,1.));
#6229 = ORIENTED_EDGE('',*,*,#6230,.F.);
#6230 = EDGE_CURVE('',#6193,#6223,#6231,.T.);
#6231 = B_SPLINE_CURVE_WITH_KNOTS('',1,(#6232,#6233),.UNSPECIFIED.,.F.,
  .F.,(2,2),(0.,4.385241571817E-02),.PIECEWISE_BEZIER_KNOTS.);
#6232 = CARTESIAN_POINT('',(-18.64593747087,-1.972692533663,0.));
#6233 = CARTESIAN_POINT('',(-18.68954650561,-1.977306258093,0.));
#6234 = SURFACE_OF_LINEAR_EXTRUSION('',#6235,#6238);
#6235 = B_SPLINE_CURVE_WITH_KNOTS('',1,(#6236,#6237),.UNSPECIFIED.,.F.,
  .F.,(2,2),(0.,4.385241571817E-02),.PIECEWISE_BEZIER_KNOTS.);
#6236 = CARTESIAN_POINT('',(-18.64593747087,-1.972692533663,0.));
#6237 = CARTESIAN_POINT('',(-18.68954650561,-1.977306258093,0.));
#6238 = VECTOR('',#6239,1.);
#6239 = DIRECTION('',(-0.,-0.,-1.));
#6240 = ADVANCED_FACE('',(#6241),#6304,.F.);
#6241 = FACE_BOUND('',#6242,.F.);
#6242 = EDGE_LOOP('',(#6243,#6244,#6271,#6279));
#6243 = ORIENTED_EDGE('',*,*,#6222,.T.);
#6244 = ORIENTED_EDGE('',*,*,#6245,.T.);
#6245 = EDGE_CURVE('',#6216,#6246,#6248,.T.);
#6246 = VERTEX_POINT('',#6247);
#6247 = CARTESIAN_POINT('',(-20.79020998213,-2.960940542928,10.));
#6248 = B_SPLINE_CURVE_WITH_KNOTS('',3,(#6249,#6250,#6251,#6252,#6253,
    #6254,#6255,#6256,#6257,#6258,#6259,#6260,#6261,#6262,#6263,#6264,
    #6265,#6266,#6267,#6268,#6269,#6270),.UNSPECIFIED.,.F.,.F.,(4,1,1,1,
    1,1,1,1,1,1,1,1,1,1,1,1,1,1,1,4),(0.,6.469775801205E-03,
    2.587893822125E-02,5.822752025674E-02,0.103515526622,0.161742958887,
    0.232909817767,0.317016103646,0.414061816756,0.524046957245,
    0.646971525216,0.782835520741,0.931638943874,1.093381794658,
    1.268064073122,1.455685779293,1.656246913191,1.869747474833,
    2.096187464232,2.335566881401),.UNSPECIFIED.);
#6249 = CARTESIAN_POINT('',(-18.68954650561,-1.977306258093,10.));
#6250 = CARTESIAN_POINT('',(-18.69168878135,-1.977555668562,10.));
#6251 = CARTESIAN_POINT('',(-18.70024993533,-1.978614058706,10.));
#6252 = CARTESIAN_POINT('',(-18.71944401157,-1.981517999,10.));
#6253 = CARTESIAN_POINT('',(-18.75131210678,-1.987086612555,10.));
#6254 = CARTESIAN_POINT('',(-18.79570992542,-1.996050969886,10.));
#6255 = CARTESIAN_POINT('',(-18.85247745692,-2.009035837989,10.));
#6256 = CARTESIAN_POINT('',(-18.92142371049,-2.026708066681,10.));
#6257 = CARTESIAN_POINT('',(-19.00233396596,-2.049708037646,10.));
#6258 = CARTESIAN_POINT('',(-19.09496731392,-2.078675034616,10.));
#6259 = CARTESIAN_POINT('',(-19.19905794907,-2.114236711108,10.));
#6260 = CARTESIAN_POINT('',(-19.31431515056,-2.157011508344,10.));
#6261 = CARTESIAN_POINT('',(-19.44042374843,-2.207606673659,10.));
#6262 = CARTESIAN_POINT('',(-19.57704446646,-2.266617755974,10.));
#6263 = CARTESIAN_POINT('',(-19.72381434104,-2.334627651303,10.));
#6264 = CARTESIAN_POINT('',(-19.88034715518,-2.412205782267,10.));
#6265 = CARTESIAN_POINT('',(-20.04623389139,-2.499907369641,10.));
#6266 = CARTESIAN_POINT('',(-20.22104326434,-2.598272220457,10.));
#6267 = CARTESIAN_POINT('',(-20.40432205522,-2.707825644685,10.));
#6268 = CARTESIAN_POINT('',(-20.59559639398,-2.829070712508,10.));
#6269 = CARTESIAN_POINT('',(-20.72453017555,-2.915629757843,10.));
#6270 = CARTESIAN_POINT('',(-20.79020998213,-2.960940542928,10.));
#6271 = ORIENTED_EDGE('',*,*,#6272,.F.);
#6272 = EDGE_CURVE('',#6273,#6246,#6275,.T.);
#6273 = VERTEX_POINT('',#6274);
#6274 = CARTESIAN_POINT('',(-20.79020998213,-2.960940542928,0.));
#6275 = LINE('',#6276,#6277);
#6276 = CARTESIAN_POINT('',(-20.79020998213,-2.960940542928,0.));
#6277 = VECTOR('',#6278,1.);
#6278 = DIRECTION('',(0.,0.,1.));
#6279 = ORIENTED_EDGE('',*,*,#6280,.F.);
#6280 = EDGE_CURVE('',#6223,#6273,#6281,.T.);
#6281 = B_SPLINE_CURVE_WITH_KNOTS('',3,(#6282,#6283,#6284,#6285,#6286,
    #6287,#6288,#6289,#6290,#6291,#6292,#6293,#6294,#6295,#6296,#6297,
    #6298,#6299,#6300,#6301,#6302,#6303),.UNSPECIFIED.,.F.,.F.,(4,1,1,1,
    1,1,1,1,1,1,1,1,1,1,1,1,1,1,1,4),(0.,6.469775801205E-03,
    2.587893822125E-02,5.822752025674E-02,0.103515526622,0.161742958887,
    0.232909817767,0.317016103646,0.414061816756,0.524046957245,
    0.646971525216,0.782835520741,0.931638943874,1.093381794658,
    1.268064073122,1.455685779293,1.656246913191,1.869747474833,
    2.096187464232,2.335566881401),.UNSPECIFIED.);
#6282 = CARTESIAN_POINT('',(-18.68954650561,-1.977306258093,0.));
#6283 = CARTESIAN_POINT('',(-18.69168878135,-1.977555668562,0.));
#6284 = CARTESIAN_POINT('',(-18.70024993533,-1.978614058706,0.));
#6285 = CARTESIAN_POINT('',(-18.71944401157,-1.981517999,0.));
#6286 = CARTESIAN_POINT('',(-18.75131210678,-1.987086612555,0.));
#6287 = CARTESIAN_POINT('',(-18.79570992542,-1.996050969886,0.));
#6288 = CARTESIAN_POINT('',(-18.85247745692,-2.009035837989,0.));
#6289 = CARTESIAN_POINT('',(-18.92142371049,-2.026708066681,0.));
#6290 = CARTESIAN_POINT('',(-19.00233396596,-2.049708037646,0.));
#6291 = CARTESIAN_POINT('',(-19.09496731392,-2.078675034616,0.));
#6292 = CARTESIAN_POINT('',(-19.19905794907,-2.114236711108,0.));
#6293 = CARTESIAN_POINT('',(-19.31431515056,-2.157011508344,0.));
#6294 = CARTESIAN_POINT('',(-19.44042374843,-2.207606673659,0.));
#6295 = CARTESIAN_POINT('',(-19.57704446646,-2.266617755974,0.));
#6296 = CARTESIAN_POINT('',(-19.72381434104,-2.334627651303,0.));
#6297 = CARTESIAN_POINT('',(-19.88034715518,-2.412205782267,0.));
#6298 = CARTESIAN_POINT('',(-20.04623389139,-2.499907369641,0.));
#6299 = CARTESIAN_POINT('',(-20.22104326434,-2.598272220457,0.));
#6300 = CARTESIAN_POINT('',(-20.40432205522,-2.707825644685,0.));
#6301 = CARTESIAN_POINT('',(-20.59559639398,-2.829070712508,0.));
#6302 = CARTESIAN_POINT('',(-20.72453017555,-2.915629757843,0.));
#6303 = CARTESIAN_POINT('',(-20.79020998213,-2.960940542928,0.));
#6304 = SURFACE_OF_LINEAR_EXTRUSION('',#6305,#6328);
#6305 = B_SPLINE_CURVE_WITH_KNOTS('',3,(#6306,#6307,#6308,#6309,#6310,
    #6311,#6312,#6313,#6314,#6315,#6316,#6317,#6318,#6319,#6320,#6321,
    #6322,#6323,#6324,#6325,#6326,#6327),.UNSPECIFIED.,.F.,.F.,(4,1,1,1,
    1,1,1,1,1,1,1,1,1,1,1,1,1,1,1,4),(0.,6.469775801205E-03,
    2.587893822125E-02,5.822752025674E-02,0.103515526622,0.161742958887,
    0.232909817767,0.317016103646,0.414061816756,0.524046957245,
    0.646971525216,0.782835520741,0.931638943874,1.093381794658,
    1.268064073122,1.455685779293,1.656246913191,1.869747474833,
    2.096187464232,2.335566881401),.UNSPECIFIED.);
#6306 = CARTESIAN_POINT('',(-18.68954650561,-1.977306258093,0.));
#6307 = CARTESIAN_POINT('',(-18.69168878135,-1.977555668562,0.));
#6308 = CARTESIAN_POINT('',(-18.70024993533,-1.978614058706,0.));
#6309 = CARTESIAN_POINT('',(-18.71944401157,-1.981517999,0.));
#6310 = CARTESIAN_POINT('',(-18.75131210678,-1.987086612555,0.));
#6311 = CARTESIAN_POINT('',(-18.79570992542,-1.996050969886,0.));
#6312 = CARTESIAN_POINT('',(-18.85247745692,-2.009035837989,0.));
#6313 = CARTESIAN_POINT('',(-18.92142371049,-2.026708066681,0.));
#6314 = CARTESIAN_POINT('',(-19.00233396596,-2.049708037646,0.));
#6315 = CARTESIAN_POINT('',(-19.09496731392,-2.078675034616,0.));
#6316 = CARTESIAN_POINT('',(-19.19905794907,-2.114236711108,0.));
#6317 = CARTESIAN_POINT('',(-19.31431515056,-2.157011508344,0.));
#6318 = CARTESIAN_POINT('',(-19.44042374843,-2.207606673659,0.));
#6319 = CARTESIAN_POINT('',(-19.57704446646,-2.266617755974,0.));
#6320 = CARTESIAN_POINT('',(-19.72381434104,-2.334627651303,0.));
#6321 = CARTESIAN_POINT('',(-19.88034715518,-2.412205782267,0.));
#6322 = CARTESIAN_POINT('',(-20.04623389139,-2.499907369641,0.));
#6323 = CARTESIAN_POINT('',(-20.22104326434,-2.598272220457,0.));
#6324 = CARTESIAN_POINT('',(-20.40432205522,-2.707825644685,0.));
#6325 = CARTESIAN_POINT('',(-20.59559639398,-2.829070712508,0.));
#6326 = CARTESIAN_POINT('',(-20.72453017555,-2.915629757843,0.));
#6327 = CARTESIAN_POINT('',(-20.79020998213,-2.960940542928,0.));
#6328 = VECTOR('',#6329,1.);
#6329 = DIRECTION('',(-0.,-0.,-1.));
#6330 = ADVANCED_FACE('',(#6331),#6354,.F.);
#6331 = FACE_BOUND('',#6332,.F.);
#6332 = EDGE_LOOP('',(#6333,#6334,#6341,#6349));
#6333 = ORIENTED_EDGE('',*,*,#6272,.T.);
#6334 = ORIENTED_EDGE('',*,*,#6335,.T.);
#6335 = EDGE_CURVE('',#6246,#6336,#6338,.T.);
#6336 = VERTEX_POINT('',#6337);
#6337 = CARTESIAN_POINT('',(-20.68764562575,-3.608506403389,10.));
#6338 = B_SPLINE_CURVE_WITH_KNOTS('',1,(#6339,#6340),.UNSPECIFIED.,.F.,
  .F.,(2,2),(0.,0.655637850368),.PIECEWISE_BEZIER_KNOTS.);
#6339 = CARTESIAN_POINT('',(-20.79020998213,-2.960940542928,10.));
#6340 = CARTESIAN_POINT('',(-20.68764562575,-3.608506403389,10.));
#6341 = ORIENTED_EDGE('',*,*,#6342,.F.);
#6342 = EDGE_CURVE('',#6343,#6336,#6345,.T.);
#6343 = VERTEX_POINT('',#6344);
#6344 = CARTESIAN_POINT('',(-20.68764562575,-3.608506403389,0.));
#6345 = LINE('',#6346,#6347);
#6346 = CARTESIAN_POINT('',(-20.68764562575,-3.608506403389,0.));
#6347 = VECTOR('',#6348,1.);
#6348 = DIRECTION('',(0.,0.,1.));
#6349 = ORIENTED_EDGE('',*,*,#6350,.F.);
#6350 = EDGE_CURVE('',#6273,#6343,#6351,.T.);
#6351 = B_SPLINE_CURVE_WITH_KNOTS('',1,(#6352,#6353),.UNSPECIFIED.,.F.,
  .F.,(2,2),(0.,0.655637850368),.PIECEWISE_BEZIER_KNOTS.);
#6352 = CARTESIAN_POINT('',(-20.79020998213,-2.960940542928,0.));
#6353 = CARTESIAN_POINT('',(-20.68764562575,-3.608506403389,0.));
#6354 = SURFACE_OF_LINEAR_EXTRUSION('',#6355,#6358);
#6355 = B_SPLINE_CURVE_WITH_KNOTS('',1,(#6356,#6357),.UNSPECIFIED.,.F.,
  .F.,(2,2),(0.,0.655637850368),.PIECEWISE_BEZIER_KNOTS.);
#6356 = CARTESIAN_POINT('',(-20.79020998213,-2.960940542928,0.));
#6357 = CARTESIAN_POINT('',(-20.68764562575,-3.608506403389,0.));
#6358 = VECTOR('',#6359,1.);
#6359 = DIRECTION('',(-0.,-0.,-1.));
#6360 = ADVANCED_FACE('',(#6361),#6424,.F.);
#6361 = FACE_BOUND('',#6362,.F.);
#6362 = EDGE_LOOP('',(#6363,#6364,#6391,#6399));
#6363 = ORIENTED_EDGE('',*,*,#6342,.T.);
#6364 = ORIENTED_EDGE('',*,*,#6365,.T.);
#6365 = EDGE_CURVE('',#6336,#6366,#6368,.T.);
#6366 = VERTEX_POINT('',#6367);
#6367 = CARTESIAN_POINT('',(-18.3858362276,-3.894857485925,10.));
#6368 = B_SPLINE_CURVE_WITH_KNOTS('',3,(#6369,#6370,#6371,#6372,#6373,
    #6374,#6375,#6376,#6377,#6378,#6379,#6380,#6381,#6382,#6383,#6384,
    #6385,#6386,#6387,#6388,#6389,#6390),.UNSPECIFIED.,.F.,.F.,(4,1,1,1,
    1,1,1,1,1,1,1,1,1,1,1,1,1,1,1,4),(0.,0.239379417168,0.465819406568,
    0.67931996821,0.879881102108,1.067502808279,1.242185086743,
    1.403927937526,1.55273136066,1.688595356185,1.811519924156,
    1.921505064645,2.018550777754,2.102657063634,2.173823922514,
    2.232051354779,2.277339361144,2.309687943179,2.329097105599,
    2.335566881401),.UNSPECIFIED.);
#6369 = CARTESIAN_POINT('',(-20.68764562575,-3.608506403389,10.));
#6370 = CARTESIAN_POINT('',(-20.6111786151,-3.631303344384,10.));
#6371 = CARTESIAN_POINT('',(-20.46180708593,-3.673783158838,10.));
#6372 = CARTESIAN_POINT('',(-20.24242759321,-3.729987049395,10.));
#6373 = CARTESIAN_POINT('',(-20.03426523497,-3.777542286298,10.));
#6374 = CARTESIAN_POINT('',(-19.83761523117,-3.817073751625,10.));
#6375 = CARTESIAN_POINT('',(-19.65274628879,-3.849221097156,10.));
#6376 = CARTESIAN_POINT('',(-19.47990177503,-3.874630984386,10.));
#6377 = CARTESIAN_POINT('',(-19.31929911598,-3.893957853004,10.));
#6378 = CARTESIAN_POINT('',(-19.17112966454,-3.907862603717,10.));
#6379 = CARTESIAN_POINT('',(-19.03555849486,-3.917011765505,10.));
#6380 = CARTESIAN_POINT('',(-18.91272424306,-3.922076581165,10.));
#6381 = CARTESIAN_POINT('',(-18.80273900383,-3.923731970105,10.));
#6382 = CARTESIAN_POINT('',(-18.70568816028,-3.922655942565,10.));
#6383 = CARTESIAN_POINT('',(-18.62163055269,-3.919527570868,10.));
#6384 = CARTESIAN_POINT('',(-18.55059774996,-3.915029295071,10.));
#6385 = CARTESIAN_POINT('',(-18.4925960743,-3.909836506532,10.));
#6386 = CARTESIAN_POINT('',(-18.44760110081,-3.904642436512,10.));
#6387 = CARTESIAN_POINT('',(-18.41557194498,-3.900090719722,10.));
#6388 = CARTESIAN_POINT('',(-18.39641992679,-3.896921235313,10.));
#6389 = CARTESIAN_POINT('',(-18.38795072497,-3.895282282084,10.));
#6390 = CARTESIAN_POINT('',(-18.3858362276,-3.894857485925,10.));
#6391 = ORIENTED_EDGE('',*,*,#6392,.F.);
#6392 = EDGE_CURVE('',#6393,#6366,#6395,.T.);
#6393 = VERTEX_POINT('',#6394);
#6394 = CARTESIAN_POINT('',(-18.3858362276,-3.894857485925,0.));
#6395 = LINE('',#6396,#6397);
#6396 = CARTESIAN_POINT('',(-18.3858362276,-3.894857485925,0.));
#6397 = VECTOR('',#6398,1.);
#6398 = DIRECTION('',(0.,0.,1.));
#6399 = ORIENTED_EDGE('',*,*,#6400,.F.);
#6400 = EDGE_CURVE('',#6343,#6393,#6401,.T.);
#6401 = B_SPLINE_CURVE_WITH_KNOTS('',3,(#6402,#6403,#6404,#6405,#6406,
    #6407,#6408,#6409,#6410,#6411,#6412,#6413,#6414,#6415,#6416,#6417,
    #6418,#6419,#6420,#6421,#6422,#6423),.UNSPECIFIED.,.F.,.F.,(4,1,1,1,
    1,1,1,1,1,1,1,1,1,1,1,1,1,1,1,4),(0.,0.239379417168,0.465819406568,
    0.67931996821,0.879881102108,1.067502808279,1.242185086743,
    1.403927937526,1.55273136066,1.688595356185,1.811519924156,
    1.921505064645,2.018550777754,2.102657063634,2.173823922514,
    2.232051354779,2.277339361144,2.309687943179,2.329097105599,
    2.335566881401),.UNSPECIFIED.);
#6402 = CARTESIAN_POINT('',(-20.68764562575,-3.608506403389,0.));
#6403 = CARTESIAN_POINT('',(-20.6111786151,-3.631303344384,0.));
#6404 = CARTESIAN_POINT('',(-20.46180708593,-3.673783158838,0.));
#6405 = CARTESIAN_POINT('',(-20.24242759321,-3.729987049395,0.));
#6406 = CARTESIAN_POINT('',(-20.03426523497,-3.777542286298,0.));
#6407 = CARTESIAN_POINT('',(-19.83761523117,-3.817073751625,0.));
#6408 = CARTESIAN_POINT('',(-19.65274628879,-3.849221097156,0.));
#6409 = CARTESIAN_POINT('',(-19.47990177503,-3.874630984386,0.));
#6410 = CARTESIAN_POINT('',(-19.31929911598,-3.893957853004,0.));
#6411 = CARTESIAN_POINT('',(-19.17112966454,-3.907862603717,0.));
#6412 = CARTESIAN_POINT('',(-19.03555849486,-3.917011765505,0.));
#6413 = CARTESIAN_POINT('',(-18.91272424306,-3.922076581165,0.));
#6414 = CARTESIAN_POINT('',(-18.80273900383,-3.923731970105,0.));
#6415 = CARTESIAN_POINT('',(-18.70568816028,-3.922655942565,0.));
#6416 = CARTESIAN_POINT('',(-18.62163055269,-3.919527570868,0.));
#6417 = CARTESIAN_POINT('',(-18.55059774996,-3.915029295071,0.));
#6418 = CARTESIAN_POINT('',(-18.4925960743,-3.909836506532,0.));
#6419 = CARTESIAN_POINT('',(-18.44760110081,-3.904642436512,0.));
#6420 = CARTESIAN_POINT('',(-18.41557194498,-3.900090719722,0.));
#6421 = CARTESIAN_POINT('',(-18.39641992679,-3.896921235313,0.));
#6422 = CARTESIAN_POINT('',(-18.38795072497,-3.895282282084,0.));
#6423 = CARTESIAN_POINT('',(-18.3858362276,-3.894857485925,0.));
#6424 = SURFACE_OF_LINEAR_EXTRUSION('',#6425,#6448);
#6425 = B_SPLINE_CURVE_WITH_KNOTS('',3,(#6426,#6427,#6428,#6429,#6430,
    #6431,#6432,#6433,#6434,#6435,#6436,#6437,#6438,#6439,#6440,#6441,
    #6442,#6443,#6444,#6445,#6446,#6447),.UNSPECIFIED.,.F.,.F.,(4,1,1,1,
    1,1,1,1,1,1,1,1,1,1,1,1,1,1,1,4),(0.,0.239379417168,0.465819406568,
    0.67931996821,0.879881102108,1.067502808279,1.242185086743,
    1.403927937526,1.55273136066,1.688595356185,1.811519924156,
    1.921505064645,2.018550777754,2.102657063634,2.173823922514,
    2.232051354779,2.277339361144,2.309687943179,2.329097105599,
    2.335566881401),.UNSPECIFIED.);
#6426 = CARTESIAN_POINT('',(-20.68764562575,-3.608506403389,0.));
#6427 = CARTESIAN_POINT('',(-20.6111786151,-3.631303344384,0.));
#6428 = CARTESIAN_POINT('',(-20.46180708593,-3.673783158838,0.));
#6429 = CARTESIAN_POINT('',(-20.24242759321,-3.729987049395,0.));
#6430 = CARTESIAN_POINT('',(-20.03426523497,-3.777542286298,0.));
#6431 = CARTESIAN_POINT('',(-19.83761523117,-3.817073751625,0.));
#6432 = CARTESIAN_POINT('',(-19.65274628879,-3.849221097156,0.));
#6433 = CARTESIAN_POINT('',(-19.47990177503,-3.874630984386,0.));
#6434 = CARTESIAN_POINT('',(-19.31929911598,-3.893957853004,0.));
#6435 = CARTESIAN_POINT('',(-19.17112966454,-3.907862603717,0.));
#6436 = CARTESIAN_POINT('',(-19.03555849486,-3.917011765505,0.));
#6437 = CARTESIAN_POINT('',(-18.91272424306,-3.922076581165,0.));
#6438 = CARTESIAN_POINT('',(-18.80273900383,-3.923731970105,0.));
#6439 = CARTESIAN_POINT('',(-18.70568816028,-3.922655942565,0.));
#6440 = CARTESIAN_POINT('',(-18.62163055269,-3.919527570868,0.));
#6441 = CARTESIAN_POINT('',(-18.55059774996,-3.915029295071,0.));
#6442 = CARTESIAN_POINT('',(-18.4925960743,-3.909836506532,0.));
#6443 = CARTESIAN_POINT('',(-18.44760110081,-3.904642436512,0.));
#6444 = CARTESIAN_POINT('',(-18.41557194498,-3.900090719722,0.));
#6445 = CARTESIAN_POINT('',(-18.39641992679,-3.896921235313,0.));
#6446 = CARTESIAN_POINT('',(-18.38795072497,-3.895282282084,0.));
#6447 = CARTESIAN_POINT('',(-18.3858362276,-3.894857485925,0.));
#6448 = VECTOR('',#6449,1.);
#6449 = DIRECTION('',(-0.,-0.,-1.));
#6450 = ADVANCED_FACE('',(#6451),#6474,.F.);
#6451 = FACE_BOUND('',#6452,.F.);
#6452 = EDGE_LOOP('',(#6453,#6454,#6461,#6469));
#6453 = ORIENTED_EDGE('',*,*,#6392,.T.);
#6454 = ORIENTED_EDGE('',*,*,#6455,.T.);
#6455 = EDGE_CURVE('',#6366,#6456,#6458,.T.);
#6456 = VERTEX_POINT('',#6457);
#6457 = CARTESIAN_POINT('',(-18.34293585168,-3.885769465765,10.));
#6458 = B_SPLINE_CURVE_WITH_KNOTS('',1,(#6459,#6460),.UNSPECIFIED.,.F.,
  .F.,(2,2),(0.,4.385241571817E-02),.PIECEWISE_BEZIER_KNOTS.);
#6459 = CARTESIAN_POINT('',(-18.3858362276,-3.894857485925,10.));
#6460 = CARTESIAN_POINT('',(-18.34293585168,-3.885769465765,10.));
#6461 = ORIENTED_EDGE('',*,*,#6462,.F.);
#6462 = EDGE_CURVE('',#6463,#6456,#6465,.T.);
#6463 = VERTEX_POINT('',#6464);
#6464 = CARTESIAN_POINT('',(-18.34293585168,-3.885769465765,0.));
#6465 = LINE('',#6466,#6467);
#6466 = CARTESIAN_POINT('',(-18.34293585168,-3.885769465765,0.));
#6467 = VECTOR('',#6468,1.);
#6468 = DIRECTION('',(0.,0.,1.));
#6469 = ORIENTED_EDGE('',*,*,#6470,.F.);
#6470 = EDGE_CURVE('',#6393,#6463,#6471,.T.);
#6471 = B_SPLINE_CURVE_WITH_KNOTS('',1,(#6472,#6473),.UNSPECIFIED.,.F.,
  .F.,(2,2),(0.,4.385241571817E-02),.PIECEWISE_BEZIER_KNOTS.);
#6472 = CARTESIAN_POINT('',(-18.3858362276,-3.894857485925,0.));
#6473 = CARTESIAN_POINT('',(-18.34293585168,-3.885769465765,0.));
#6474 = SURFACE_OF_LINEAR_EXTRUSION('',#6475,#6478);
#6475 = B_SPLINE_CURVE_WITH_KNOTS('',1,(#6476,#6477),.UNSPECIFIED.,.F.,
  .F.,(2,2),(0.,4.385241571817E-02),.PIECEWISE_BEZIER_KNOTS.);
#6476 = CARTESIAN_POINT('',(-18.3858362276,-3.894857485925,0.));
#6477 = CARTESIAN_POINT('',(-18.34293585168,-3.885769465765,0.));
#6478 = VECTOR('',#6479,1.);
#6479 = DIRECTION('',(-0.,-0.,-1.));
#6480 = ADVANCED_FACE('',(#6481),#6504,.F.);
#6481 = FACE_BOUND('',#6482,.F.);
#6482 = EDGE_LOOP('',(#6483,#6484,#6491,#6499));
#6483 = ORIENTED_EDGE('',*,*,#6462,.T.);
#6484 = ORIENTED_EDGE('',*,*,#6485,.T.);
#6485 = EDGE_CURVE('',#6456,#6486,#6488,.T.);
#6486 = VERTEX_POINT('',#6487);
#6487 = CARTESIAN_POINT('',(-18.10777793825,-4.865272668507,10.));
#6488 = B_SPLINE_CURVE_WITH_KNOTS('',1,(#6489,#6490),.UNSPECIFIED.,.F.,
  .F.,(2,2),(0.,1.007335975944),.PIECEWISE_BEZIER_KNOTS.);
#6489 = CARTESIAN_POINT('',(-18.34293585168,-3.885769465765,10.));
#6490 = CARTESIAN_POINT('',(-18.10777793825,-4.865272668507,10.));
#6491 = ORIENTED_EDGE('',*,*,#6492,.F.);
#6492 = EDGE_CURVE('',#6493,#6486,#6495,.T.);
#6493 = VERTEX_POINT('',#6494);
#6494 = CARTESIAN_POINT('',(-18.10777793825,-4.865272668507,0.));
#6495 = LINE('',#6496,#6497);
#6496 = CARTESIAN_POINT('',(-18.10777793825,-4.865272668507,0.));
#6497 = VECTOR('',#6498,1.);
#6498 = DIRECTION('',(0.,0.,1.));
#6499 = ORIENTED_EDGE('',*,*,#6500,.F.);
#6500 = EDGE_CURVE('',#6463,#6493,#6501,.T.);
#6501 = B_SPLINE_CURVE_WITH_KNOTS('',1,(#6502,#6503),.UNSPECIFIED.,.F.,
  .F.,(2,2),(0.,1.007335975944),.PIECEWISE_BEZIER_KNOTS.);
#6502 = CARTESIAN_POINT('',(-18.34293585168,-3.885769465765,0.));
#6503 = CARTESIAN_POINT('',(-18.10777793825,-4.865272668507,0.));
#6504 = SURFACE_OF_LINEAR_EXTRUSION('',#6505,#6508);
#6505 = B_SPLINE_CURVE_WITH_KNOTS('',1,(#6506,#6507),.UNSPECIFIED.,.F.,
  .F.,(2,2),(0.,1.007335975944),.PIECEWISE_BEZIER_KNOTS.);
#6506 = CARTESIAN_POINT('',(-18.34293585168,-3.885769465765,0.));
#6507 = CARTESIAN_POINT('',(-18.10777793825,-4.865272668507,0.));
#6508 = VECTOR('',#6509,1.);
#6509 = DIRECTION('',(-0.,-0.,-1.));
#6510 = ADVANCED_FACE('',(#6511),#6534,.F.);
#6511 = FACE_BOUND('',#6512,.F.);
#6512 = EDGE_LOOP('',(#6513,#6514,#6521,#6529));
#6513 = ORIENTED_EDGE('',*,*,#6492,.T.);
#6514 = ORIENTED_EDGE('',*,*,#6515,.T.);
#6515 = EDGE_CURVE('',#6486,#6516,#6518,.T.);
#6516 = VERTEX_POINT('',#6517);
#6517 = CARTESIAN_POINT('',(-18.1501283279,-4.876651546355,10.));
#6518 = B_SPLINE_CURVE_WITH_KNOTS('',1,(#6519,#6520),.UNSPECIFIED.,.F.,
  .F.,(2,2),(0.,4.385241571817E-02),.PIECEWISE_BEZIER_KNOTS.);
#6519 = CARTESIAN_POINT('',(-18.10777793825,-4.865272668507,10.));
#6520 = CARTESIAN_POINT('',(-18.1501283279,-4.876651546355,10.));
#6521 = ORIENTED_EDGE('',*,*,#6522,.F.);
#6522 = EDGE_CURVE('',#6523,#6516,#6525,.T.);
#6523 = VERTEX_POINT('',#6524);
#6524 = CARTESIAN_POINT('',(-18.1501283279,-4.876651546355,0.));
#6525 = LINE('',#6526,#6527);
#6526 = CARTESIAN_POINT('',(-18.1501283279,-4.876651546355,0.));
#6527 = VECTOR('',#6528,1.);
#6528 = DIRECTION('',(0.,0.,1.));
#6529 = ORIENTED_EDGE('',*,*,#6530,.F.);
#6530 = EDGE_CURVE('',#6493,#6523,#6531,.T.);
#6531 = B_SPLINE_CURVE_WITH_KNOTS('',1,(#6532,#6533),.UNSPECIFIED.,.F.,
  .F.,(2,2),(0.,4.385241571817E-02),.PIECEWISE_BEZIER_KNOTS.);
#6532 = CARTESIAN_POINT('',(-18.10777793825,-4.865272668507,0.));
#6533 = CARTESIAN_POINT('',(-18.1501283279,-4.876651546355,0.));
#6534 = SURFACE_OF_LINEAR_EXTRUSION('',#6535,#6538);
#6535 = B_SPLINE_CURVE_WITH_KNOTS('',1,(#6536,#6537),.UNSPECIFIED.,.F.,
  .F.,(2,2),(0.,4.385241571817E-02),.PIECEWISE_BEZIER_KNOTS.);
#6536 = CARTESIAN_POINT('',(-18.10777793825,-4.865272668507,0.));
#6537 = CARTESIAN_POINT('',(-18.1501283279,-4.876651546355,0.));
#6538 = VECTOR('',#6539,1.);
#6539 = DIRECTION('',(-0.,-0.,-1.));
#6540 = ADVANCED_FACE('',(#6541),#6604,.F.);
#6541 = FACE_BOUND('',#6542,.F.);
#6542 = EDGE_LOOP('',(#6543,#6544,#6571,#6579));
#6543 = ORIENTED_EDGE('',*,*,#6522,.T.);
#6544 = ORIENTED_EDGE('',*,*,#6545,.T.);
#6545 = EDGE_CURVE('',#6516,#6546,#6548,.T.);
#6546 = VERTEX_POINT('',#6547);
#6547 = CARTESIAN_POINT('',(-20.07105484803,-6.176791828074,10.));
#6548 = B_SPLINE_CURVE_WITH_KNOTS('',3,(#6549,#6550,#6551,#6552,#6553,
    #6554,#6555,#6556,#6557,#6558,#6559,#6560,#6561,#6562,#6563,#6564,
    #6565,#6566,#6567,#6568,#6569,#6570),.UNSPECIFIED.,.F.,.F.,(4,1,1,1,
    1,1,1,1,1,1,1,1,1,1,1,1,1,1,1,4),(0.,6.469775801205E-03,
    2.587893822125E-02,5.822752025674E-02,0.103515526622,0.161742958887,
    0.232909817767,0.317016103646,0.414061816756,0.524046957245,
    0.646971525216,0.782835520741,0.931638943874,1.093381794658,
    1.268064073122,1.455685779293,1.656246913191,1.869747474833,
    2.096187464232,2.335566881401),.UNSPECIFIED.);
#6549 = CARTESIAN_POINT('',(-18.1501283279,-4.876651546355,10.));
#6550 = CARTESIAN_POINT('',(-18.15220521227,-4.877233011925,10.));
#6551 = CARTESIAN_POINT('',(-18.16049539555,-4.879617631074,10.));
#6552 = CARTESIAN_POINT('',(-18.17899888451,-4.885488434094,10.));
#6553 = CARTESIAN_POINT('',(-18.2096035075,-4.8959737572,10.));
#6554 = CARTESIAN_POINT('',(-18.25205238088,-4.911773097426,10.));
#6555 = CARTESIAN_POINT('',(-18.30608972897,-4.933478498676,10.));
#6556 = CARTESIAN_POINT('',(-18.37142259411,-4.961718723202,10.));
#6557 = CARTESIAN_POINT('',(-18.44773872191,-4.997092678888,10.));
#6558 = CARTESIAN_POINT('',(-18.53470016297,-5.040194092291,10.));
#6559 = CARTESIAN_POINT('',(-18.63194619784,-5.09160130836,10.));
#6560 = CARTESIAN_POINT('',(-18.7390929394,-5.151879675518,10.));
#6561 = CARTESIAN_POINT('',(-18.85573410354,-5.221579661435,10.));
#6562 = CARTESIAN_POINT('',(-18.98144142673,-5.301236408342,10.));
#6563 = CARTESIAN_POINT('',(-19.11576522901,-5.391368855817,10.));
#6564 = CARTESIAN_POINT('',(-19.25823497104,-5.492478998297,10.));
#6565 = CARTESIAN_POINT('',(-19.40835981535,-5.605051236435,10.));
#6566 = CARTESIAN_POINT('',(-19.56562934202,-5.72955126345,10.));
#6567 = CARTESIAN_POINT('',(-19.72951373554,-5.866427022837,10.));
#6568 = CARTESIAN_POINT('',(-19.89946626247,-6.016101261541,10.));
#6569 = CARTESIAN_POINT('',(-20.01327183728,-6.121764308537,10.));
#6570 = CARTESIAN_POINT('',(-20.07105484803,-6.176791828074,10.));
#6571 = ORIENTED_EDGE('',*,*,#6572,.F.);
#6572 = EDGE_CURVE('',#6573,#6546,#6575,.T.);
#6573 = VERTEX_POINT('',#6574);
#6574 = CARTESIAN_POINT('',(-20.07105484803,-6.176791828074,0.));
#6575 = LINE('',#6576,#6577);
#6576 = CARTESIAN_POINT('',(-20.07105484803,-6.176791828074,0.));
#6577 = VECTOR('',#6578,1.);
#6578 = DIRECTION('',(0.,0.,1.));
#6579 = ORIENTED_EDGE('',*,*,#6580,.F.);
#6580 = EDGE_CURVE('',#6523,#6573,#6581,.T.);
#6581 = B_SPLINE_CURVE_WITH_KNOTS('',3,(#6582,#6583,#6584,#6585,#6586,
    #6587,#6588,#6589,#6590,#6591,#6592,#6593,#6594,#6595,#6596,#6597,
    #6598,#6599,#6600,#6601,#6602,#6603),.UNSPECIFIED.,.F.,.F.,(4,1,1,1,
    1,1,1,1,1,1,1,1,1,1,1,1,1,1,1,4),(0.,6.469775801205E-03,
    2.587893822125E-02,5.822752025674E-02,0.103515526622,0.161742958887,
    0.232909817767,0.317016103646,0.414061816756,0.524046957245,
    0.646971525216,0.782835520741,0.931638943874,1.093381794658,
    1.268064073122,1.455685779293,1.656246913191,1.869747474833,
    2.096187464232,2.335566881401),.UNSPECIFIED.);
#6582 = CARTESIAN_POINT('',(-18.1501283279,-4.876651546355,0.));
#6583 = CARTESIAN_POINT('',(-18.15220521227,-4.877233011925,0.));
#6584 = CARTESIAN_POINT('',(-18.16049539555,-4.879617631074,0.));
#6585 = CARTESIAN_POINT('',(-18.17899888451,-4.885488434094,0.));
#6586 = CARTESIAN_POINT('',(-18.2096035075,-4.8959737572,0.));
#6587 = CARTESIAN_POINT('',(-18.25205238088,-4.911773097426,0.));
#6588 = CARTESIAN_POINT('',(-18.30608972897,-4.933478498676,0.));
#6589 = CARTESIAN_POINT('',(-18.37142259411,-4.961718723202,0.));
#6590 = CARTESIAN_POINT('',(-18.44773872191,-4.997092678888,0.));
#6591 = CARTESIAN_POINT('',(-18.53470016297,-5.040194092291,0.));
#6592 = CARTESIAN_POINT('',(-18.63194619784,-5.09160130836,0.));
#6593 = CARTESIAN_POINT('',(-18.7390929394,-5.151879675518,0.));
#6594 = CARTESIAN_POINT('',(-18.85573410354,-5.221579661435,0.));
#6595 = CARTESIAN_POINT('',(-18.98144142673,-5.301236408342,0.));
#6596 = CARTESIAN_POINT('',(-19.11576522901,-5.391368855817,0.));
#6597 = CARTESIAN_POINT('',(-19.25823497104,-5.492478998297,0.));
#6598 = CARTESIAN_POINT('',(-19.40835981535,-5.605051236435,0.));
#6599 = CARTESIAN_POINT('',(-19.56562934202,-5.72955126345,0.));
#6600 = CARTESIAN_POINT('',(-19.72951373554,-5.866427022837,0.));
#6601 = CARTESIAN_POINT('',(-19.89946626247,-6.016101261541,0.));
#6602 = CARTESIAN_POINT('',(-20.01327183728,-6.121764308537,0.));
#6603 = CARTESIAN_POINT('',(-20.07105484803,-6.176791828074,0.));
#6604 = SURFACE_OF_LINEAR_EXTRUSION('',#6605,#6628);
#6605 = B_SPLINE_CURVE_WITH_KNOTS('',3,(#6606,#6607,#6608,#6609,#6610,
    #6611,#6612,#6613,#6614,#6615,#6616,#6617,#6618,#6619,#6620,#6621,
    #6622,#6623,#6624,#6625,#6626,#6627),.UNSPECIFIED.,.F.,.F.,(4,1,1,1,
    1,1,1,1,1,1,1,1,1,1,1,1,1,1,1,4),(0.,6.469775801205E-03,
    2.587893822125E-02,5.822752025674E-02,0.103515526622,0.161742958887,
    0.232909817767,0.317016103646,0.414061816756,0.524046957245,
    0.646971525216,0.782835520741,0.931638943874,1.093381794658,
    1.268064073122,1.455685779293,1.656246913191,1.869747474833,
    2.096187464232,2.335566881401),.UNSPECIFIED.);
#6606 = CARTESIAN_POINT('',(-18.1501283279,-4.876651546355,0.));
#6607 = CARTESIAN_POINT('',(-18.15220521227,-4.877233011925,0.));
#6608 = CARTESIAN_POINT('',(-18.16049539555,-4.879617631074,0.));
#6609 = CARTESIAN_POINT('',(-18.17899888451,-4.885488434094,0.));
#6610 = CARTESIAN_POINT('',(-18.2096035075,-4.8959737572,0.));
#6611 = CARTESIAN_POINT('',(-18.25205238088,-4.911773097426,0.));
#6612 = CARTESIAN_POINT('',(-18.30608972897,-4.933478498676,0.));
#6613 = CARTESIAN_POINT('',(-18.37142259411,-4.961718723202,0.));
#6614 = CARTESIAN_POINT('',(-18.44773872191,-4.997092678888,0.));
#6615 = CARTESIAN_POINT('',(-18.53470016297,-5.040194092291,0.));
#6616 = CARTESIAN_POINT('',(-18.63194619784,-5.09160130836,0.));
#6617 = CARTESIAN_POINT('',(-18.7390929394,-5.151879675518,0.));
#6618 = CARTESIAN_POINT('',(-18.85573410354,-5.221579661435,0.));
#6619 = CARTESIAN_POINT('',(-18.98144142673,-5.301236408342,0.));
#6620 = CARTESIAN_POINT('',(-19.11576522901,-5.391368855817,0.));
#6621 = CARTESIAN_POINT('',(-19.25823497104,-5.492478998297,0.));
#6622 = CARTESIAN_POINT('',(-19.40835981535,-5.605051236435,0.));
#6623 = CARTESIAN_POINT('',(-19.56562934202,-5.72955126345,0.));
#6624 = CARTESIAN_POINT('',(-19.72951373554,-5.866427022837,0.));
#6625 = CARTESIAN_POINT('',(-19.89946626247,-6.016101261541,0.));
#6626 = CARTESIAN_POINT('',(-20.01327183728,-6.121764308537,0.));
#6627 = CARTESIAN_POINT('',(-20.07105484803,-6.176791828074,0.));
#6628 = VECTOR('',#6629,1.);
#6629 = DIRECTION('',(-0.,-0.,-1.));
#6630 = ADVANCED_FACE('',(#6631),#6654,.F.);
#6631 = FACE_BOUND('',#6632,.F.);
#6632 = EDGE_LOOP('',(#6633,#6634,#6641,#6649));
#6633 = ORIENTED_EDGE('',*,*,#6572,.T.);
#6634 = ORIENTED_EDGE('',*,*,#6635,.T.);
#6635 = EDGE_CURVE('',#6546,#6636,#6638,.T.);
#6636 = VERTEX_POINT('',#6637);
#6637 = CARTESIAN_POINT('',(-19.86845161011,-6.800340477997,10.));
#6638 = B_SPLINE_CURVE_WITH_KNOTS('',1,(#6639,#6640),.UNSPECIFIED.,.F.,
  .F.,(2,2),(0.,0.655637850368),.PIECEWISE_BEZIER_KNOTS.);
#6639 = CARTESIAN_POINT('',(-20.07105484803,-6.176791828074,10.));
#6640 = CARTESIAN_POINT('',(-19.86845161011,-6.800340477997,10.));
#6641 = ORIENTED_EDGE('',*,*,#6642,.F.);
#6642 = EDGE_CURVE('',#6643,#6636,#6645,.T.);
#6643 = VERTEX_POINT('',#6644);
#6644 = CARTESIAN_POINT('',(-19.86845161011,-6.800340477997,0.));
#6645 = LINE('',#6646,#6647);
#6646 = CARTESIAN_POINT('',(-19.86845161011,-6.800340477997,0.));
#6647 = VECTOR('',#6648,1.);
#6648 = DIRECTION('',(0.,0.,1.));
#6649 = ORIENTED_EDGE('',*,*,#6650,.F.);
#6650 = EDGE_CURVE('',#6573,#6643,#6651,.T.);
#6651 = B_SPLINE_CURVE_WITH_KNOTS('',1,(#6652,#6653),.UNSPECIFIED.,.F.,
  .F.,(2,2),(0.,0.655637850368),.PIECEWISE_BEZIER_KNOTS.);
#6652 = CARTESIAN_POINT('',(-20.07105484803,-6.176791828074,0.));
#6653 = CARTESIAN_POINT('',(-19.86845161011,-6.800340477997,0.));
#6654 = SURFACE_OF_LINEAR_EXTRUSION('',#6655,#6658);
#6655 = B_SPLINE_CURVE_WITH_KNOTS('',1,(#6656,#6657),.UNSPECIFIED.,.F.,
  .F.,(2,2),(0.,0.655637850368),.PIECEWISE_BEZIER_KNOTS.);
#6656 = CARTESIAN_POINT('',(-20.07105484803,-6.176791828074,0.));
#6657 = CARTESIAN_POINT('',(-19.86845161011,-6.800340477997,0.));
#6658 = VECTOR('',#6659,1.);
#6659 = DIRECTION('',(-0.,-0.,-1.));
#6660 = ADVANCED_FACE('',(#6661),#6724,.F.);
#6661 = FACE_BOUND('',#6662,.F.);
#6662 = EDGE_LOOP('',(#6663,#6664,#6691,#6699));
#6663 = ORIENTED_EDGE('',*,*,#6642,.T.);
#6664 = ORIENTED_EDGE('',*,*,#6665,.T.);
#6665 = EDGE_CURVE('',#6636,#6666,#6668,.T.);
#6666 = VERTEX_POINT('',#6667);
#6667 = CARTESIAN_POINT('',(-17.55018612687,-6.72308378171,10.));
#6668 = B_SPLINE_CURVE_WITH_KNOTS('',3,(#6669,#6670,#6671,#6672,#6673,
    #6674,#6675,#6676,#6677,#6678,#6679,#6680,#6681,#6682,#6683,#6684,
    #6685,#6686,#6687,#6688,#6689,#6690),.UNSPECIFIED.,.F.,.F.,(4,1,1,1,
    1,1,1,1,1,1,1,1,1,1,1,1,1,1,1,4),(0.,0.239379417168,0.465819406568,
    0.67931996821,0.879881102108,1.067502808279,1.242185086743,
    1.403927937526,1.55273136066,1.688595356185,1.811519924156,
    1.921505064645,2.018550777754,2.102657063634,2.173823922514,
    2.232051354779,2.277339361144,2.309687943179,2.329097105599,
    2.335566881401),.UNSPECIFIED.);
#6669 = CARTESIAN_POINT('',(-19.86845161011,-6.800340477997,10.));
#6670 = CARTESIAN_POINT('',(-19.78935980798,-6.810894674914,10.));
#6671 = CARTESIAN_POINT('',(-19.63518198316,-6.829484637105,10.));
#6672 = CARTESIAN_POINT('',(-19.40971119048,-6.850678050919,10.));
#6673 = CARTESIAN_POINT('',(-19.19667237824,-6.865084036788,10.));
#6674 = CARTESIAN_POINT('',(-18.99625937868,-6.873365966034,10.));
#6675 = CARTESIAN_POINT('',(-18.80863752696,-6.876197650293,10.));
#6676 = CARTESIAN_POINT('',(-18.63394603387,-6.874255860601,10.));
#6677 = CARTESIAN_POINT('',(-18.4722972717,-6.868220992341,10.));
#6678 = CARTESIAN_POINT('',(-18.32377684984,-6.858775743629,10.));
#6679 = CARTESIAN_POINT('',(-18.188443542,-6.84660426065,10.));
#6680 = CARTESIAN_POINT('',(-18.06632927194,-6.832391209554,10.));
#6681 = CARTESIAN_POINT('',(-17.95743917363,-6.816820735849,10.));
#6682 = CARTESIAN_POINT('',(-17.86175151481,-6.800575859201,10.));
#6683 = CARTESIAN_POINT('',(-17.779218181,-6.784336496074,10.));
#6684 = CARTESIAN_POINT('',(-17.70976359531,-6.768781623022,10.));
#6685 = CARTESIAN_POINT('',(-17.65328834763,-6.754579305224,10.));
#6686 = CARTESIAN_POINT('',(-17.60965986849,-6.742410418217,10.));
#6687 = CARTESIAN_POINT('',(-17.5787370901,-6.732904276756,10.));
#6688 = CARTESIAN_POINT('',(-17.56031668164,-6.72677777824,10.));
#6689 = CARTESIAN_POINT('',(-17.55220813851,-6.723834128188,10.));
#6690 = CARTESIAN_POINT('',(-17.55018612687,-6.72308378171,10.));
#6691 = ORIENTED_EDGE('',*,*,#6692,.F.);
#6692 = EDGE_CURVE('',#6693,#6666,#6695,.T.);
#6693 = VERTEX_POINT('',#6694);
#6694 = CARTESIAN_POINT('',(-17.55018612687,-6.72308378171,0.));
#6695 = LINE('',#6696,#6697);
#6696 = CARTESIAN_POINT('',(-17.55018612687,-6.72308378171,0.));
#6697 = VECTOR('',#6698,1.);
#6698 = DIRECTION('',(0.,0.,1.));
#6699 = ORIENTED_EDGE('',*,*,#6700,.F.);
#6700 = EDGE_CURVE('',#6643,#6693,#6701,.T.);
#6701 = B_SPLINE_CURVE_WITH_KNOTS('',3,(#6702,#6703,#6704,#6705,#6706,
    #6707,#6708,#6709,#6710,#6711,#6712,#6713,#6714,#6715,#6716,#6717,
    #6718,#6719,#6720,#6721,#6722,#6723),.UNSPECIFIED.,.F.,.F.,(4,1,1,1,
    1,1,1,1,1,1,1,1,1,1,1,1,1,1,1,4),(0.,0.239379417168,0.465819406568,
    0.67931996821,0.879881102108,1.067502808279,1.242185086743,
    1.403927937526,1.55273136066,1.688595356185,1.811519924156,
    1.921505064645,2.018550777754,2.102657063634,2.173823922514,
    2.232051354779,2.277339361144,2.309687943179,2.329097105599,
    2.335566881401),.UNSPECIFIED.);
#6702 = CARTESIAN_POINT('',(-19.86845161011,-6.800340477997,0.));
#6703 = CARTESIAN_POINT('',(-19.78935980798,-6.810894674914,0.));
#6704 = CARTESIAN_POINT('',(-19.63518198316,-6.829484637105,0.));
#6705 = CARTESIAN_POINT('',(-19.40971119048,-6.850678050919,0.));
#6706 = CARTESIAN_POINT('',(-19.19667237824,-6.865084036788,0.));
#6707 = CARTESIAN_POINT('',(-18.99625937868,-6.873365966034,0.));
#6708 = CARTESIAN_POINT('',(-18.80863752696,-6.876197650293,0.));
#6709 = CARTESIAN_POINT('',(-18.63394603387,-6.874255860601,0.));
#6710 = CARTESIAN_POINT('',(-18.4722972717,-6.868220992341,0.));
#6711 = CARTESIAN_POINT('',(-18.32377684984,-6.858775743629,0.));
#6712 = CARTESIAN_POINT('',(-18.188443542,-6.84660426065,0.));
#6713 = CARTESIAN_POINT('',(-18.06632927194,-6.832391209554,0.));
#6714 = CARTESIAN_POINT('',(-17.95743917363,-6.816820735849,0.));
#6715 = CARTESIAN_POINT('',(-17.86175151481,-6.800575859201,0.));
#6716 = CARTESIAN_POINT('',(-17.779218181,-6.784336496074,0.));
#6717 = CARTESIAN_POINT('',(-17.70976359531,-6.768781623022,0.));
#6718 = CARTESIAN_POINT('',(-17.65328834763,-6.754579305224,0.));
#6719 = CARTESIAN_POINT('',(-17.60965986849,-6.742410418217,0.));
#6720 = CARTESIAN_POINT('',(-17.5787370901,-6.732904276756,0.));
#6721 = CARTESIAN_POINT('',(-17.56031668164,-6.72677777824,0.));
#6722 = CARTESIAN_POINT('',(-17.55220813851,-6.723834128188,0.));
#6723 = CARTESIAN_POINT('',(-17.55018612687,-6.72308378171,0.));
#6724 = SURFACE_OF_LINEAR_EXTRUSION('',#6725,#6748);
#6725 = B_SPLINE_CURVE_WITH_KNOTS('',3,(#6726,#6727,#6728,#6729,#6730,
    #6731,#6732,#6733,#6734,#6735,#6736,#6737,#6738,#6739,#6740,#6741,
    #6742,#6743,#6744,#6745,#6746,#6747),.UNSPECIFIED.,.F.,.F.,(4,1,1,1,
    1,1,1,1,1,1,1,1,1,1,1,1,1,1,1,4),(0.,0.239379417168,0.465819406568,
    0.67931996821,0.879881102108,1.067502808279,1.242185086743,
    1.403927937526,1.55273136066,1.688595356185,1.811519924156,
    1.921505064645,2.018550777754,2.102657063634,2.173823922514,
    2.232051354779,2.277339361144,2.309687943179,2.329097105599,
    2.335566881401),.UNSPECIFIED.);
#6726 = CARTESIAN_POINT('',(-19.86845161011,-6.800340477997,0.));
#6727 = CARTESIAN_POINT('',(-19.78935980798,-6.810894674914,0.));
#6728 = CARTESIAN_POINT('',(-19.63518198316,-6.829484637105,0.));
#6729 = CARTESIAN_POINT('',(-19.40971119048,-6.850678050919,0.));
#6730 = CARTESIAN_POINT('',(-19.19667237824,-6.865084036788,0.));
#6731 = CARTESIAN_POINT('',(-18.99625937868,-6.873365966034,0.));
#6732 = CARTESIAN_POINT('',(-18.80863752696,-6.876197650293,0.));
#6733 = CARTESIAN_POINT('',(-18.63394603387,-6.874255860601,0.));
#6734 = CARTESIAN_POINT('',(-18.4722972717,-6.868220992341,0.));
#6735 = CARTESIAN_POINT('',(-18.32377684984,-6.858775743629,0.));
#6736 = CARTESIAN_POINT('',(-18.188443542,-6.84660426065,0.));
#6737 = CARTESIAN_POINT('',(-18.06632927194,-6.832391209554,0.));
#6738 = CARTESIAN_POINT('',(-17.95743917363,-6.816820735849,0.));
#6739 = CARTESIAN_POINT('',(-17.86175151481,-6.800575859201,0.));
#6740 = CARTESIAN_POINT('',(-17.779218181,-6.784336496074,0.));
#6741 = CARTESIAN_POINT('',(-17.70976359531,-6.768781623022,0.));
#6742 = CARTESIAN_POINT('',(-17.65328834763,-6.754579305224,0.));
#6743 = CARTESIAN_POINT('',(-17.60965986849,-6.742410418217,0.));
#6744 = CARTESIAN_POINT('',(-17.5787370901,-6.732904276756,0.));
#6745 = CARTESIAN_POINT('',(-17.56031668164,-6.72677777824,0.));
#6746 = CARTESIAN_POINT('',(-17.55220813851,-6.723834128188,0.));
#6747 = CARTESIAN_POINT('',(-17.55018612687,-6.72308378171,0.));
#6748 = VECTOR('',#6749,1.);
#6749 = DIRECTION('',(-0.,-0.,-1.));
#6750 = ADVANCED_FACE('',(#6751),#6774,.F.);
#6751 = FACE_BOUND('',#6752,.F.);
#6752 = EDGE_LOOP('',(#6753,#6754,#6761,#6769));
#6753 = ORIENTED_EDGE('',*,*,#6692,.T.);
#6754 = ORIENTED_EDGE('',*,*,#6755,.T.);
#6755 = EDGE_CURVE('',#6666,#6756,#6758,.T.);
#6756 = VERTEX_POINT('',#6757);
#6757 = CARTESIAN_POINT('',(-17.50923560534,-6.707396552802,10.));
#6758 = B_SPLINE_CURVE_WITH_KNOTS('',1,(#6759,#6760),.UNSPECIFIED.,.F.,
  .F.,(2,2),(0.,4.385241571817E-02),.PIECEWISE_BEZIER_KNOTS.);
#6759 = CARTESIAN_POINT('',(-17.55018612687,-6.72308378171,10.));
#6760 = CARTESIAN_POINT('',(-17.50923560534,-6.707396552802,10.));
#6761 = ORIENTED_EDGE('',*,*,#6762,.F.);
#6762 = EDGE_CURVE('',#6763,#6756,#6765,.T.);
#6763 = VERTEX_POINT('',#6764);
#6764 = CARTESIAN_POINT('',(-17.50923560534,-6.707396552802,0.));
#6765 = LINE('',#6766,#6767);
#6766 = CARTESIAN_POINT('',(-17.50923560534,-6.707396552802,0.));
#6767 = VECTOR('',#6768,1.);
#6768 = DIRECTION('',(0.,0.,1.));
#6769 = ORIENTED_EDGE('',*,*,#6770,.F.);
#6770 = EDGE_CURVE('',#6693,#6763,#6771,.T.);
#6771 = B_SPLINE_CURVE_WITH_KNOTS('',1,(#6772,#6773),.UNSPECIFIED.,.F.,
  .F.,(2,2),(0.,4.385241571817E-02),.PIECEWISE_BEZIER_KNOTS.);
#6772 = CARTESIAN_POINT('',(-17.55018612687,-6.72308378171,0.));
#6773 = CARTESIAN_POINT('',(-17.50923560534,-6.707396552802,0.));
#6774 = SURFACE_OF_LINEAR_EXTRUSION('',#6775,#6778);
#6775 = B_SPLINE_CURVE_WITH_KNOTS('',1,(#6776,#6777),.UNSPECIFIED.,.F.,
  .F.,(2,2),(0.,4.385241571817E-02),.PIECEWISE_BEZIER_KNOTS.);
#6776 = CARTESIAN_POINT('',(-17.55018612687,-6.72308378171,0.));
#6777 = CARTESIAN_POINT('',(-17.50923560534,-6.707396552802,0.));
#6778 = VECTOR('',#6779,1.);
#6779 = DIRECTION('',(-0.,-0.,-1.));
#6780 = ADVANCED_FACE('',(#6781),#6804,.F.);
#6781 = FACE_BOUND('',#6782,.F.);
#6782 = EDGE_LOOP('',(#6783,#6784,#6791,#6799));
#6783 = ORIENTED_EDGE('',*,*,#6762,.T.);
#6784 = ORIENTED_EDGE('',*,*,#6785,.T.);
#6785 = EDGE_CURVE('',#6756,#6786,#6788,.T.);
#6786 = VERTEX_POINT('',#6787);
#6787 = CARTESIAN_POINT('',(-17.12374481652,-7.638053643338,10.));
#6788 = B_SPLINE_CURVE_WITH_KNOTS('',1,(#6789,#6790),.UNSPECIFIED.,.F.,
  .F.,(2,2),(0.,1.007335975944),.PIECEWISE_BEZIER_KNOTS.);
#6789 = CARTESIAN_POINT('',(-17.50923560534,-6.707396552802,10.));
#6790 = CARTESIAN_POINT('',(-17.12374481652,-7.638053643338,10.));
#6791 = ORIENTED_EDGE('',*,*,#6792,.F.);
#6792 = EDGE_CURVE('',#6793,#6786,#6795,.T.);
#6793 = VERTEX_POINT('',#6794);
#6794 = CARTESIAN_POINT('',(-17.12374481652,-7.638053643338,0.));
#6795 = LINE('',#6796,#6797);
#6796 = CARTESIAN_POINT('',(-17.12374481652,-7.638053643338,0.));
#6797 = VECTOR('',#6798,1.);
#6798 = DIRECTION('',(0.,0.,1.));
#6799 = ORIENTED_EDGE('',*,*,#6800,.F.);
#6800 = EDGE_CURVE('',#6763,#6793,#6801,.T.);
#6801 = B_SPLINE_CURVE_WITH_KNOTS('',1,(#6802,#6803),.UNSPECIFIED.,.F.,
  .F.,(2,2),(0.,1.007335975944),.PIECEWISE_BEZIER_KNOTS.);
#6802 = CARTESIAN_POINT('',(-17.50923560534,-6.707396552802,0.));
#6803 = CARTESIAN_POINT('',(-17.12374481652,-7.638053643338,0.));
#6804 = SURFACE_OF_LINEAR_EXTRUSION('',#6805,#6808);
#6805 = B_SPLINE_CURVE_WITH_KNOTS('',1,(#6806,#6807),.UNSPECIFIED.,.F.,
  .F.,(2,2),(0.,1.007335975944),.PIECEWISE_BEZIER_KNOTS.);
#6806 = CARTESIAN_POINT('',(-17.50923560534,-6.707396552802,0.));
#6807 = CARTESIAN_POINT('',(-17.12374481652,-7.638053643338,0.));
#6808 = VECTOR('',#6809,1.);
#6809 = DIRECTION('',(-0.,-0.,-1.));
#6810 = ADVANCED_FACE('',(#6811),#6834,.F.);
#6811 = FACE_BOUND('',#6812,.F.);
#6812 = EDGE_LOOP('',(#6813,#6814,#6821,#6829));
#6813 = ORIENTED_EDGE('',*,*,#6792,.T.);
#6814 = ORIENTED_EDGE('',*,*,#6815,.T.);
#6815 = EDGE_CURVE('',#6786,#6816,#6818,.T.);
#6816 = VERTEX_POINT('',#6817);
#6817 = CARTESIAN_POINT('',(-17.16379375393,-7.655917488866,10.));
#6818 = B_SPLINE_CURVE_WITH_KNOTS('',1,(#6819,#6820),.UNSPECIFIED.,.F.,
  .F.,(2,2),(0.,4.385241571817E-02),.PIECEWISE_BEZIER_KNOTS.);
#6819 = CARTESIAN_POINT('',(-17.12374481652,-7.638053643338,10.));
#6820 = CARTESIAN_POINT('',(-17.16379375393,-7.655917488866,10.));
#6821 = ORIENTED_EDGE('',*,*,#6822,.F.);
#6822 = EDGE_CURVE('',#6823,#6816,#6825,.T.);
#6823 = VERTEX_POINT('',#6824);
#6824 = CARTESIAN_POINT('',(-17.16379375393,-7.655917488866,0.));
#6825 = LINE('',#6826,#6827);
#6826 = CARTESIAN_POINT('',(-17.16379375393,-7.655917488866,0.));
#6827 = VECTOR('',#6828,1.);
#6828 = DIRECTION('',(0.,0.,1.));
#6829 = ORIENTED_EDGE('',*,*,#6830,.F.);
#6830 = EDGE_CURVE('',#6793,#6823,#6831,.T.);
#6831 = B_SPLINE_CURVE_WITH_KNOTS('',1,(#6832,#6833),.UNSPECIFIED.,.F.,
  .F.,(2,2),(0.,4.385241571817E-02),.PIECEWISE_BEZIER_KNOTS.);
#6832 = CARTESIAN_POINT('',(-17.12374481652,-7.638053643338,0.));
#6833 = CARTESIAN_POINT('',(-17.16379375393,-7.655917488866,0.));
#6834 = SURFACE_OF_LINEAR_EXTRUSION('',#6835,#6838);
#6835 = B_SPLINE_CURVE_WITH_KNOTS('',1,(#6836,#6837),.UNSPECIFIED.,.F.,
  .F.,(2,2),(0.,4.385241571817E-02),.PIECEWISE_BEZIER_KNOTS.);
#6836 = CARTESIAN_POINT('',(-17.12374481652,-7.638053643338,0.));
#6837 = CARTESIAN_POINT('',(-17.16379375393,-7.655917488866,0.));
#6838 = VECTOR('',#6839,1.);
#6839 = DIRECTION('',(-0.,-0.,-1.));
#6840 = ADVANCED_FACE('',(#6841),#6904,.F.);
#6841 = FACE_BOUND('',#6842,.F.);
#6842 = EDGE_LOOP('',(#6843,#6844,#6871,#6879));
#6843 = ORIENTED_EDGE('',*,*,#6822,.T.);
#6844 = ORIENTED_EDGE('',*,*,#6845,.T.);
#6845 = EDGE_CURVE('',#6816,#6846,#6848,.T.);
#6846 = VERTEX_POINT('',#6847);
#6847 = CARTESIAN_POINT('',(-18.85768373155,-9.240549998817,10.));
#6848 = B_SPLINE_CURVE_WITH_KNOTS('',3,(#6849,#6850,#6851,#6852,#6853,
    #6854,#6855,#6856,#6857,#6858,#6859,#6860,#6861,#6862,#6863,#6864,
    #6865,#6866,#6867,#6868,#6869,#6870),.UNSPECIFIED.,.F.,.F.,(4,1,1,1,
    1,1,1,1,1,1,1,1,1,1,1,1,1,1,1,4),(0.,6.469775801205E-03,
    2.587893822125E-02,5.822752025674E-02,0.103515526622,0.161742958887,
    0.232909817767,0.317016103646,0.414061816756,0.524046957245,
    0.646971525216,0.782835520741,0.931638943874,1.093381794658,
    1.268064073122,1.455685779293,1.656246913191,1.869747474833,
    2.096187464232,2.335566881401),.UNSPECIFIED.);
#6849 = CARTESIAN_POINT('',(-17.16379375393,-7.655917488866,10.));
#6850 = CARTESIAN_POINT('',(-17.16575410715,-7.656816691927,10.));
#6851 = CARTESIAN_POINT('',(-17.1735691879,-7.660468822843,10.));
#6852 = CARTESIAN_POINT('',(-17.19092647228,-7.669161929933,10.));
#6853 = CARTESIAN_POINT('',(-17.21951403566,-7.684305779138,10.));
#6854 = CARTESIAN_POINT('',(-17.25896873163,-7.706551070066,10.));
#6855 = CARTESIAN_POINT('',(-17.30894531747,-7.73644254545,10.));
#6856 = CARTESIAN_POINT('',(-17.3690560822,-7.774555397758,10.));
#6857 = CARTESIAN_POINT('',(-17.438898926,-7.821432313977,10.));
#6858 = CARTESIAN_POINT('',(-17.51804718087,-7.877606843968,10.));
#6859 = CARTESIAN_POINT('',(-17.60605409533,-7.943593783344,10.));
#6860 = CARTESIAN_POINT('',(-17.70245206858,-8.019891466973,10.));
#6861 = CARTESIAN_POINT('',(-17.80675370643,-8.106980028517,10.));
#6862 = CARTESIAN_POINT('',(-17.91845230328,-8.205321026542,10.));
#6863 = CARTESIAN_POINT('',(-18.03702253545,-8.315356666174,10.));
#6864 = CARTESIAN_POINT('',(-18.16192112749,-8.437509152896,10.));
#6865 = CARTESIAN_POINT('',(-18.292587508,-8.572180139688,10.));
#6866 = CARTESIAN_POINT('',(-18.4284446907,-8.719749739046,10.));
#6867 = CARTESIAN_POINT('',(-18.56889930919,-8.880577498132,10.));
#6868 = CARTESIAN_POINT('',(-18.71334522903,-9.054995431219,10.));
#6869 = CARTESIAN_POINT('',(-18.80922032614,-9.177160704985,10.));
#6870 = CARTESIAN_POINT('',(-18.85768373155,-9.240549998817,10.));
#6871 = ORIENTED_EDGE('',*,*,#6872,.F.);
#6872 = EDGE_CURVE('',#6873,#6846,#6875,.T.);
#6873 = VERTEX_POINT('',#6874);
#6874 = CARTESIAN_POINT('',(-18.85768373155,-9.240549998817,0.));
#6875 = LINE('',#6876,#6877);
#6876 = CARTESIAN_POINT('',(-18.85768373155,-9.240549998817,0.));
#6877 = VECTOR('',#6878,1.);
#6878 = DIRECTION('',(0.,0.,1.));
#6879 = ORIENTED_EDGE('',*,*,#6880,.F.);
#6880 = EDGE_CURVE('',#6823,#6873,#6881,.T.);
#6881 = B_SPLINE_CURVE_WITH_KNOTS('',3,(#6882,#6883,#6884,#6885,#6886,
    #6887,#6888,#6889,#6890,#6891,#6892,#6893,#6894,#6895,#6896,#6897,
    #6898,#6899,#6900,#6901,#6902,#6903),.UNSPECIFIED.,.F.,.F.,(4,1,1,1,
    1,1,1,1,1,1,1,1,1,1,1,1,1,1,1,4),(0.,6.469775801205E-03,
    2.587893822125E-02,5.822752025674E-02,0.103515526622,0.161742958887,
    0.232909817767,0.317016103646,0.414061816756,0.524046957245,
    0.646971525216,0.782835520741,0.931638943874,1.093381794658,
    1.268064073122,1.455685779293,1.656246913191,1.869747474833,
    2.096187464232,2.335566881401),.UNSPECIFIED.);
#6882 = CARTESIAN_POINT('',(-17.16379375393,-7.655917488866,0.));
#6883 = CARTESIAN_POINT('',(-17.16575410715,-7.656816691927,0.));
#6884 = CARTESIAN_POINT('',(-17.1735691879,-7.660468822843,0.));
#6885 = CARTESIAN_POINT('',(-17.19092647228,-7.669161929933,0.));
#6886 = CARTESIAN_POINT('',(-17.21951403566,-7.684305779138,0.));
#6887 = CARTESIAN_POINT('',(-17.25896873163,-7.706551070066,0.));
#6888 = CARTESIAN_POINT('',(-17.30894531747,-7.73644254545,0.));
#6889 = CARTESIAN_POINT('',(-17.3690560822,-7.774555397758,0.));
#6890 = CARTESIAN_POINT('',(-17.438898926,-7.821432313977,0.));
#6891 = CARTESIAN_POINT('',(-17.51804718087,-7.877606843968,0.));
#6892 = CARTESIAN_POINT('',(-17.60605409533,-7.943593783344,0.));
#6893 = CARTESIAN_POINT('',(-17.70245206858,-8.019891466973,0.));
#6894 = CARTESIAN_POINT('',(-17.80675370643,-8.106980028517,0.));
#6895 = CARTESIAN_POINT('',(-17.91845230328,-8.205321026542,0.));
#6896 = CARTESIAN_POINT('',(-18.03702253545,-8.315356666174,0.));
#6897 = CARTESIAN_POINT('',(-18.16192112749,-8.437509152896,0.));
#6898 = CARTESIAN_POINT('',(-18.292587508,-8.572180139688,0.));
#6899 = CARTESIAN_POINT('',(-18.4284446907,-8.719749739046,0.));
#6900 = CARTESIAN_POINT('',(-18.56889930919,-8.880577498132,0.));
#6901 = CARTESIAN_POINT('',(-18.71334522903,-9.054995431219,0.));
#6902 = CARTESIAN_POINT('',(-18.80922032614,-9.177160704985,0.));
#6903 = CARTESIAN_POINT('',(-18.85768373155,-9.240549998817,0.));
#6904 = SURFACE_OF_LINEAR_EXTRUSION('',#6905,#6928);
#6905 = B_SPLINE_CURVE_WITH_KNOTS('',3,(#6906,#6907,#6908,#6909,#6910,
    #6911,#6912,#6913,#6914,#6915,#6916,#6917,#6918,#6919,#6920,#6921,
    #6922,#6923,#6924,#6925,#6926,#6927),.UNSPECIFIED.,.F.,.F.,(4,1,1,1,
    1,1,1,1,1,1,1,1,1,1,1,1,1,1,1,4),(0.,6.469775801205E-03,
    2.587893822125E-02,5.822752025674E-02,0.103515526622,0.161742958887,
    0.232909817767,0.317016103646,0.414061816756,0.524046957245,
    0.646971525216,0.782835520741,0.931638943874,1.093381794658,
    1.268064073122,1.455685779293,1.656246913191,1.869747474833,
    2.096187464232,2.335566881401),.UNSPECIFIED.);
#6906 = CARTESIAN_POINT('',(-17.16379375393,-7.655917488866,0.));
#6907 = CARTESIAN_POINT('',(-17.16575410715,-7.656816691927,0.));
#6908 = CARTESIAN_POINT('',(-17.1735691879,-7.660468822843,0.));
#6909 = CARTESIAN_POINT('',(-17.19092647228,-7.669161929933,0.));
#6910 = CARTESIAN_POINT('',(-17.21951403566,-7.684305779138,0.));
#6911 = CARTESIAN_POINT('',(-17.25896873163,-7.706551070066,0.));
#6912 = CARTESIAN_POINT('',(-17.30894531747,-7.73644254545,0.));
#6913 = CARTESIAN_POINT('',(-17.3690560822,-7.774555397758,0.));
#6914 = CARTESIAN_POINT('',(-17.438898926,-7.821432313977,0.));
#6915 = CARTESIAN_POINT('',(-17.51804718087,-7.877606843968,0.));
#6916 = CARTESIAN_POINT('',(-17.60605409533,-7.943593783344,0.));
#6917 = CARTESIAN_POINT('',(-17.70245206858,-8.019891466973,0.));
#6918 = CARTESIAN_POINT('',(-17.80675370643,-8.106980028517,0.));
#6919 = CARTESIAN_POINT('',(-17.91845230328,-8.205321026542,0.));
#6920 = CARTESIAN_POINT('',(-18.03702253545,-8.315356666174,0.));
#6921 = CARTESIAN_POINT('',(-18.16192112749,-8.437509152896,0.));
#6922 = CARTESIAN_POINT('',(-18.292587508,-8.572180139688,0.));
#6923 = CARTESIAN_POINT('',(-18.4284446907,-8.719749739046,0.));
#6924 = CARTESIAN_POINT('',(-18.56889930919,-8.880577498132,0.));
#6925 = CARTESIAN_POINT('',(-18.71334522903,-9.054995431219,0.));
#6926 = CARTESIAN_POINT('',(-18.80922032614,-9.177160704985,0.));
#6927 = CARTESIAN_POINT('',(-18.85768373155,-9.240549998817,0.));
#6928 = VECTOR('',#6929,1.);
#6929 = DIRECTION('',(-0.,-0.,-1.));
#6930 = ADVANCED_FACE('',(#6931),#6954,.F.);
#6931 = FACE_BOUND('',#6932,.F.);
#6932 = EDGE_LOOP('',(#6933,#6934,#6941,#6949));
#6933 = ORIENTED_EDGE('',*,*,#6872,.T.);
#6934 = ORIENTED_EDGE('',*,*,#6935,.T.);
#6935 = EDGE_CURVE('',#6846,#6936,#6938,.T.);
#6936 = VERTEX_POINT('',#6937);
#6937 = CARTESIAN_POINT('',(-18.56003037621,-9.824727601,10.));
#6938 = B_SPLINE_CURVE_WITH_KNOTS('',1,(#6939,#6940),.UNSPECIFIED.,.F.,
  .F.,(2,2),(0.,0.655637850368),.PIECEWISE_BEZIER_KNOTS.);
#6939 = CARTESIAN_POINT('',(-18.85768373155,-9.240549998817,10.));
#6940 = CARTESIAN_POINT('',(-18.56003037621,-9.824727601,10.));
#6941 = ORIENTED_EDGE('',*,*,#6942,.F.);
#6942 = EDGE_CURVE('',#6943,#6936,#6945,.T.);
#6943 = VERTEX_POINT('',#6944);
#6944 = CARTESIAN_POINT('',(-18.56003037621,-9.824727601,0.));
#6945 = LINE('',#6946,#6947);
#6946 = CARTESIAN_POINT('',(-18.56003037621,-9.824727601,0.));
#6947 = VECTOR('',#6948,1.);
#6948 = DIRECTION('',(0.,0.,1.));
#6949 = ORIENTED_EDGE('',*,*,#6950,.F.);
#6950 = EDGE_CURVE('',#6873,#6943,#6951,.T.);
#6951 = B_SPLINE_CURVE_WITH_KNOTS('',1,(#6952,#6953),.UNSPECIFIED.,.F.,
  .F.,(2,2),(0.,0.655637850368),.PIECEWISE_BEZIER_KNOTS.);
#6952 = CARTESIAN_POINT('',(-18.85768373155,-9.240549998817,0.));
#6953 = CARTESIAN_POINT('',(-18.56003037621,-9.824727601,0.));
#6954 = SURFACE_OF_LINEAR_EXTRUSION('',#6955,#6958);
#6955 = B_SPLINE_CURVE_WITH_KNOTS('',1,(#6956,#6957),.UNSPECIFIED.,.F.,
  .F.,(2,2),(0.,0.655637850368),.PIECEWISE_BEZIER_KNOTS.);
#6956 = CARTESIAN_POINT('',(-18.85768373155,-9.240549998817,0.));
#6957 = CARTESIAN_POINT('',(-18.56003037621,-9.824727601,0.));
#6958 = VECTOR('',#6959,1.);
#6959 = DIRECTION('',(-0.,-0.,-1.));
#6960 = ADVANCED_FACE('',(#6961),#7024,.F.);
#6961 = FACE_BOUND('',#6962,.F.);
#6962 = EDGE_LOOP('',(#6963,#6964,#6991,#6999));
#6963 = ORIENTED_EDGE('',*,*,#6942,.T.);
#6964 = ORIENTED_EDGE('',*,*,#6965,.T.);
#6965 = EDGE_CURVE('',#6936,#6966,#6968,.T.);
#6966 = VERTEX_POINT('',#6967);
#6967 = CARTESIAN_POINT('',(-16.28239219797,-9.385765442153,10.));
#6968 = B_SPLINE_CURVE_WITH_KNOTS('',3,(#6969,#6970,#6971,#6972,#6973,
    #6974,#6975,#6976,#6977,#6978,#6979,#6980,#6981,#6982,#6983,#6984,
    #6985,#6986,#6987,#6988,#6989,#6990),.UNSPECIFIED.,.F.,.F.,(4,1,1,1,
    1,1,1,1,1,1,1,1,1,1,1,1,1,1,1,4),(0.,0.239379417168,0.465819406568,
    0.67931996821,0.879881102108,1.067502808279,1.242185086743,
    1.403927937526,1.55273136066,1.688595356185,1.811519924156,
    1.921505064645,2.018550777754,2.102657063634,2.173823922514,
    2.232051354779,2.277339361144,2.309687943179,2.329097105599,
    2.335566881401),.UNSPECIFIED.);
#6969 = CARTESIAN_POINT('',(-18.56003037621,-9.824727601,10.));
#6970 = CARTESIAN_POINT('',(-18.48026128526,-9.822779174484,10.));
#6971 = CARTESIAN_POINT('',(-18.32507353452,-9.817021537845,10.));
#6972 = CARTESIAN_POINT('',(-18.0990632811,-9.802682622732,10.));
#6973 = CARTESIAN_POINT('',(-17.88639373746,-9.783584634385,10.));
#6974 = CARTESIAN_POINT('',(-17.68715257532,-9.760413098966,10.));
#6975 = CARTESIAN_POINT('',(-17.50139768693,-9.733859396489,10.));
#6976 = CARTESIAN_POINT('',(-17.32916069883,-9.704613743181,10.));
#6977 = CARTESIAN_POINT('',(-17.17044616255,-9.673365736529,10.));
#6978 = CARTESIAN_POINT('',(-17.02523183597,-9.640803061761,10.));
#6979 = CARTESIAN_POINT('',(-16.89346874515,-9.607610636321,10.));
#6980 = CARTESIAN_POINT('',(-16.77508131543,-9.574469690958,10.));
#6981 = CARTESIAN_POINT('',(-16.66996759365,-9.542056751345,10.));
#6982 = CARTESIAN_POINT('',(-16.57799926728,-9.511043028367,10.));
#6983 = CARTESIAN_POINT('',(-16.49902245185,-9.482092540825,10.));
#6984 = CARTESIAN_POINT('',(-16.43285628562,-9.455864083116,10.));
#6985 = CARTESIAN_POINT('',(-16.37929807393,-9.433001944258,10.));
#6986 = CARTESIAN_POINT('',(-16.3381103671,-9.414157878648,10.));
#6987 = CARTESIAN_POINT('',(-16.30905538758,-9.399931385269,10.));
#6988 = CARTESIAN_POINT('',(-16.29182016043,-9.390998727372,10.));
#6989 = CARTESIAN_POINT('',(-16.28427193525,-9.386822862931,10.));
#6990 = CARTESIAN_POINT('',(-16.28239219797,-9.385765442153,10.));
#6991 = ORIENTED_EDGE('',*,*,#6992,.F.);
#6992 = EDGE_CURVE('',#6993,#6966,#6995,.T.);
#6993 = VERTEX_POINT('',#6994);
#6994 = CARTESIAN_POINT('',(-16.28239219797,-9.385765442153,0.));
#6995 = LINE('',#6996,#6997);
#6996 = CARTESIAN_POINT('',(-16.28239219797,-9.385765442153,0.));
#6997 = VECTOR('',#6998,1.);
#6998 = DIRECTION('',(0.,0.,1.));
#6999 = ORIENTED_EDGE('',*,*,#7000,.F.);
#7000 = EDGE_CURVE('',#6943,#6993,#7001,.T.);
#7001 = B_SPLINE_CURVE_WITH_KNOTS('',3,(#7002,#7003,#7004,#7005,#7006,
    #7007,#7008,#7009,#7010,#7011,#7012,#7013,#7014,#7015,#7016,#7017,
    #7018,#7019,#7020,#7021,#7022,#7023),.UNSPECIFIED.,.F.,.F.,(4,1,1,1,
    1,1,1,1,1,1,1,1,1,1,1,1,1,1,1,4),(0.,0.239379417168,0.465819406568,
    0.67931996821,0.879881102108,1.067502808279,1.242185086743,
    1.403927937526,1.55273136066,1.688595356185,1.811519924156,
    1.921505064645,2.018550777754,2.102657063634,2.173823922514,
    2.232051354779,2.277339361144,2.309687943179,2.329097105599,
    2.335566881401),.UNSPECIFIED.);
#7002 = CARTESIAN_POINT('',(-18.56003037621,-9.824727601,0.));
#7003 = CARTESIAN_POINT('',(-18.48026128526,-9.822779174484,0.));
#7004 = CARTESIAN_POINT('',(-18.32507353452,-9.817021537845,0.));
#7005 = CARTESIAN_POINT('',(-18.0990632811,-9.802682622732,0.));
#7006 = CARTESIAN_POINT('',(-17.88639373746,-9.783584634385,0.));
#7007 = CARTESIAN_POINT('',(-17.68715257532,-9.760413098966,0.));
#7008 = CARTESIAN_POINT('',(-17.50139768693,-9.733859396489,0.));
#7009 = CARTESIAN_POINT('',(-17.32916069883,-9.704613743181,0.));
#7010 = CARTESIAN_POINT('',(-17.17044616255,-9.673365736529,0.));
#7011 = CARTESIAN_POINT('',(-17.02523183597,-9.640803061761,0.));
#7012 = CARTESIAN_POINT('',(-16.89346874515,-9.607610636321,0.));
#7013 = CARTESIAN_POINT('',(-16.77508131543,-9.574469690958,0.));
#7014 = CARTESIAN_POINT('',(-16.66996759365,-9.542056751345,0.));
#7015 = CARTESIAN_POINT('',(-16.57799926728,-9.511043028367,0.));
#7016 = CARTESIAN_POINT('',(-16.49902245185,-9.482092540825,0.));
#7017 = CARTESIAN_POINT('',(-16.43285628562,-9.455864083116,0.));
#7018 = CARTESIAN_POINT('',(-16.37929807393,-9.433001944258,0.));
#7019 = CARTESIAN_POINT('',(-16.3381103671,-9.414157878648,0.));
#7020 = CARTESIAN_POINT('',(-16.30905538758,-9.399931385269,0.));
#7021 = CARTESIAN_POINT('',(-16.29182016043,-9.390998727372,0.));
#7022 = CARTESIAN_POINT('',(-16.28427193525,-9.386822862931,0.));
#7023 = CARTESIAN_POINT('',(-16.28239219797,-9.385765442153,0.));
#7024 = SURFACE_OF_LINEAR_EXTRUSION('',#7025,#7048);
#7025 = B_SPLINE_CURVE_WITH_KNOTS('',3,(#7026,#7027,#7028,#7029,#7030,
    #7031,#7032,#7033,#7034,#7035,#7036,#7037,#7038,#7039,#7040,#7041,
    #7042,#7043,#7044,#7045,#7046,#7047),.UNSPECIFIED.,.F.,.F.,(4,1,1,1,
    1,1,1,1,1,1,1,1,1,1,1,1,1,1,1,4),(0.,0.239379417168,0.465819406568,
    0.67931996821,0.879881102108,1.067502808279,1.242185086743,
    1.403927937526,1.55273136066,1.688595356185,1.811519924156,
    1.921505064645,2.018550777754,2.102657063634,2.173823922514,
    2.232051354779,2.277339361144,2.309687943179,2.329097105599,
    2.335566881401),.UNSPECIFIED.);
#7026 = CARTESIAN_POINT('',(-18.56003037621,-9.824727601,0.));
#7027 = CARTESIAN_POINT('',(-18.48026128526,-9.822779174484,0.));
#7028 = CARTESIAN_POINT('',(-18.32507353452,-9.817021537845,0.));
#7029 = CARTESIAN_POINT('',(-18.0990632811,-9.802682622732,0.));
#7030 = CARTESIAN_POINT('',(-17.88639373746,-9.783584634385,0.));
#7031 = CARTESIAN_POINT('',(-17.68715257532,-9.760413098966,0.));
#7032 = CARTESIAN_POINT('',(-17.50139768693,-9.733859396489,0.));
#7033 = CARTESIAN_POINT('',(-17.32916069883,-9.704613743181,0.));
#7034 = CARTESIAN_POINT('',(-17.17044616255,-9.673365736529,0.));
#7035 = CARTESIAN_POINT('',(-17.02523183597,-9.640803061761,0.));
#7036 = CARTESIAN_POINT('',(-16.89346874515,-9.607610636321,0.));
#7037 = CARTESIAN_POINT('',(-16.77508131543,-9.574469690958,0.));
#7038 = CARTESIAN_POINT('',(-16.66996759365,-9.542056751345,0.));
#7039 = CARTESIAN_POINT('',(-16.57799926728,-9.511043028367,0.));
#7040 = CARTESIAN_POINT('',(-16.49902245185,-9.482092540825,0.));
#7041 = CARTESIAN_POINT('',(-16.43285628562,-9.455864083116,0.));
#7042 = CARTESIAN_POINT('',(-16.37929807393,-9.433001944258,0.));
#7043 = CARTESIAN_POINT('',(-16.3381103671,-9.414157878648,0.));
#7044 = CARTESIAN_POINT('',(-16.30905538758,-9.399931385269,0.));
#7045 = CARTESIAN_POINT('',(-16.29182016043,-9.390998727372,0.));
#7046 = CARTESIAN_POINT('',(-16.28427193525,-9.386822862931,0.));
#7047 = CARTESIAN_POINT('',(-16.28239219797,-9.385765442153,0.));
#7048 = VECTOR('',#7049,1.);
#7049 = DIRECTION('',(-0.,-0.,-1.));
#7050 = ADVANCED_FACE('',(#7051),#7074,.F.);
#7051 = FACE_BOUND('',#7052,.F.);
#7052 = EDGE_LOOP('',(#7053,#7054,#7061,#7069));
#7053 = ORIENTED_EDGE('',*,*,#6992,.T.);
#7054 = ORIENTED_EDGE('',*,*,#7055,.T.);
#7055 = EDGE_CURVE('',#6966,#7056,#7058,.T.);
#7056 = VERTEX_POINT('',#7057);
#7057 = CARTESIAN_POINT('',(-16.24439986858,-9.363865276136,10.));
#7058 = B_SPLINE_CURVE_WITH_KNOTS('',1,(#7059,#7060),.UNSPECIFIED.,.F.,
  .F.,(2,2),(0.,4.385241571817E-02),.PIECEWISE_BEZIER_KNOTS.);
#7059 = CARTESIAN_POINT('',(-16.28239219797,-9.385765442153,10.));
#7060 = CARTESIAN_POINT('',(-16.24439986858,-9.363865276136,10.));
#7061 = ORIENTED_EDGE('',*,*,#7062,.F.);
#7062 = EDGE_CURVE('',#7063,#7056,#7065,.T.);
#7063 = VERTEX_POINT('',#7064);
#7064 = CARTESIAN_POINT('',(-16.24439986858,-9.363865276136,0.));
#7065 = LINE('',#7066,#7067);
#7066 = CARTESIAN_POINT('',(-16.24439986858,-9.363865276136,0.));
#7067 = VECTOR('',#7068,1.);
#7068 = DIRECTION('',(0.,0.,1.));
#7069 = ORIENTED_EDGE('',*,*,#7070,.F.);
#7070 = EDGE_CURVE('',#6993,#7063,#7071,.T.);
#7071 = B_SPLINE_CURVE_WITH_KNOTS('',1,(#7072,#7073),.UNSPECIFIED.,.F.,
  .F.,(2,2),(0.,4.385241571817E-02),.PIECEWISE_BEZIER_KNOTS.);
#7072 = CARTESIAN_POINT('',(-16.28239219797,-9.385765442153,0.));
#7073 = CARTESIAN_POINT('',(-16.24439986858,-9.363865276136,0.));
#7074 = SURFACE_OF_LINEAR_EXTRUSION('',#7075,#7078);
#7075 = B_SPLINE_CURVE_WITH_KNOTS('',1,(#7076,#7077),.UNSPECIFIED.,.F.,
  .F.,(2,2),(0.,4.385241571817E-02),.PIECEWISE_BEZIER_KNOTS.);
#7076 = CARTESIAN_POINT('',(-16.28239219797,-9.385765442153,0.));
#7077 = CARTESIAN_POINT('',(-16.24439986858,-9.363865276136,0.));
#7078 = VECTOR('',#7079,1.);
#7079 = DIRECTION('',(-0.,-0.,-1.));
#7080 = ADVANCED_FACE('',(#7081),#7104,.F.);
#7081 = FACE_BOUND('',#7082,.F.);
#7082 = EDGE_LOOP('',(#7083,#7084,#7091,#7099));
#7083 = ORIENTED_EDGE('',*,*,#7062,.T.);
#7084 = ORIENTED_EDGE('',*,*,#7085,.T.);
#7085 = EDGE_CURVE('',#7056,#7086,#7088,.T.);
#7086 = VERTEX_POINT('',#7087);
#7087 = CARTESIAN_POINT('',(-15.71806826696,-10.22276038822,10.));
#7088 = B_SPLINE_CURVE_WITH_KNOTS('',1,(#7089,#7090),.UNSPECIFIED.,.F.,
  .F.,(2,2),(0.,1.007335975944),.PIECEWISE_BEZIER_KNOTS.);
#7089 = CARTESIAN_POINT('',(-16.24439986858,-9.363865276136,10.));
#7090 = CARTESIAN_POINT('',(-15.71806826696,-10.22276038822,10.));
#7091 = ORIENTED_EDGE('',*,*,#7092,.F.);
#7092 = EDGE_CURVE('',#7093,#7086,#7095,.T.);
#7093 = VERTEX_POINT('',#7094);
#7094 = CARTESIAN_POINT('',(-15.71806826696,-10.22276038822,0.));
#7095 = LINE('',#7096,#7097);
#7096 = CARTESIAN_POINT('',(-15.71806826696,-10.22276038822,0.));
#7097 = VECTOR('',#7098,1.);
#7098 = DIRECTION('',(0.,0.,1.));
#7099 = ORIENTED_EDGE('',*,*,#7100,.F.);
#7100 = EDGE_CURVE('',#7063,#7093,#7101,.T.);
#7101 = B_SPLINE_CURVE_WITH_KNOTS('',1,(#7102,#7103),.UNSPECIFIED.,.F.,
  .F.,(2,2),(0.,1.007335975944),.PIECEWISE_BEZIER_KNOTS.);
#7102 = CARTESIAN_POINT('',(-16.24439986858,-9.363865276136,0.));
#7103 = CARTESIAN_POINT('',(-15.71806826696,-10.22276038822,0.));
#7104 = SURFACE_OF_LINEAR_EXTRUSION('',#7105,#7108);
#7105 = B_SPLINE_CURVE_WITH_KNOTS('',1,(#7106,#7107),.UNSPECIFIED.,.F.,
  .F.,(2,2),(0.,1.007335975944),.PIECEWISE_BEZIER_KNOTS.);
#7106 = CARTESIAN_POINT('',(-16.24439986858,-9.363865276136,0.));
#7107 = CARTESIAN_POINT('',(-15.71806826696,-10.22276038822,0.));
#7108 = VECTOR('',#7109,1.);
#7109 = DIRECTION('',(-0.,-0.,-1.));
#7110 = ADVANCED_FACE('',(#7111),#7134,.F.);
#7111 = FACE_BOUND('',#7112,.F.);
#7112 = EDGE_LOOP('',(#7113,#7114,#7121,#7129));
#7113 = ORIENTED_EDGE('',*,*,#7092,.T.);
#7114 = ORIENTED_EDGE('',*,*,#7115,.T.);
#7115 = EDGE_CURVE('',#7086,#7116,#7118,.T.);
#7116 = VERTEX_POINT('',#7117);
#7117 = CARTESIAN_POINT('',(-15.75482961437,-10.24666933426,10.));
#7118 = B_SPLINE_CURVE_WITH_KNOTS('',1,(#7119,#7120),.UNSPECIFIED.,.F.,
  .F.,(2,2),(0.,4.385241571817E-02),.PIECEWISE_BEZIER_KNOTS.);
#7119 = CARTESIAN_POINT('',(-15.71806826696,-10.22276038822,10.));
#7120 = CARTESIAN_POINT('',(-15.75482961437,-10.24666933426,10.));
#7121 = ORIENTED_EDGE('',*,*,#7122,.F.);
#7122 = EDGE_CURVE('',#7123,#7116,#7125,.T.);
#7123 = VERTEX_POINT('',#7124);
#7124 = CARTESIAN_POINT('',(-15.75482961437,-10.24666933426,0.));
#7125 = LINE('',#7126,#7127);
#7126 = CARTESIAN_POINT('',(-15.75482961437,-10.24666933426,0.));
#7127 = VECTOR('',#7128,1.);
#7128 = DIRECTION('',(0.,0.,1.));
#7129 = ORIENTED_EDGE('',*,*,#7130,.F.);
#7130 = EDGE_CURVE('',#7093,#7123,#7131,.T.);
#7131 = B_SPLINE_CURVE_WITH_KNOTS('',1,(#7132,#7133),.UNSPECIFIED.,.F.,
  .F.,(2,2),(0.,4.385241571817E-02),.PIECEWISE_BEZIER_KNOTS.);
#7132 = CARTESIAN_POINT('',(-15.71806826696,-10.22276038822,0.));
#7133 = CARTESIAN_POINT('',(-15.75482961437,-10.24666933426,0.));
#7134 = SURFACE_OF_LINEAR_EXTRUSION('',#7135,#7138);
#7135 = B_SPLINE_CURVE_WITH_KNOTS('',1,(#7136,#7137),.UNSPECIFIED.,.F.,
  .F.,(2,2),(0.,4.385241571817E-02),.PIECEWISE_BEZIER_KNOTS.);
#7136 = CARTESIAN_POINT('',(-15.71806826696,-10.22276038822,0.));
#7137 = CARTESIAN_POINT('',(-15.75482961437,-10.24666933426,0.));
#7138 = VECTOR('',#7139,1.);
#7139 = DIRECTION('',(-0.,-0.,-1.));
#7140 = ADVANCED_FACE('',(#7141),#7204,.F.);
#7141 = FACE_BOUND('',#7142,.F.);
#7142 = EDGE_LOOP('',(#7143,#7144,#7171,#7179));
#7143 = ORIENTED_EDGE('',*,*,#7122,.T.);
#7144 = ORIENTED_EDGE('',*,*,#7145,.T.);
#7145 = EDGE_CURVE('',#7116,#7146,#7148,.T.);
#7146 = VERTEX_POINT('',#7147);
#7147 = CARTESIAN_POINT('',(-17.17997385654,-12.07677516096,10.));
#7148 = B_SPLINE_CURVE_WITH_KNOTS('',3,(#7149,#7150,#7151,#7152,#7153,
    #7154,#7155,#7156,#7157,#7158,#7159,#7160,#7161,#7162,#7163,#7164,
    #7165,#7166,#7167,#7168,#7169,#7170),.UNSPECIFIED.,.F.,.F.,(4,1,1,1,
    1,1,1,1,1,1,1,1,1,1,1,1,1,1,1,4),(0.,6.469775801205E-03,
    2.587893822125E-02,5.822752025674E-02,0.103515526622,0.161742958887,
    0.232909817767,0.317016103646,0.414061816756,0.524046957245,
    0.646971525216,0.782835520741,0.931638943874,1.093381794658,
    1.268064073122,1.455685779293,1.656246913191,1.869747474833,
    2.096187464232,2.335566881401),.UNSPECIFIED.);
#7149 = CARTESIAN_POINT('',(-15.75482961437,-10.24666933426,10.));
#7150 = CARTESIAN_POINT('',(-15.75662516605,-10.24786413345,10.));
#7151 = CARTESIAN_POINT('',(-15.76377271103,-10.25269384855,10.));
#7152 = CARTESIAN_POINT('',(-15.77955639688,-10.26399520656,10.));
#7153 = CARTESIAN_POINT('',(-15.80542297997,-10.28342469004,10.));
#7154 = CARTESIAN_POINT('',(-15.84091199298,-10.31156817878,10.));
#7155 = CARTESIAN_POINT('',(-15.88559722715,-10.34890970097,10.));
#7156 = CARTESIAN_POINT('',(-15.93900576496,-10.39595671615,10.));
#7157 = CARTESIAN_POINT('',(-16.00065556214,-10.45318232764,10.));
#7158 = CARTESIAN_POINT('',(-16.0700417381,-10.52104677086,10.));
#7159 = CARTESIAN_POINT('',(-16.14664250985,-10.5999886161,10.));
#7160 = CARTESIAN_POINT('',(-16.22991807676,-10.69042691401,10.));
#7161 = CARTESIAN_POINT('',(-16.31931193584,-10.79275964177,10.));
#7162 = CARTESIAN_POINT('',(-16.41425141619,-10.90736340916,10.));
#7163 = CARTESIAN_POINT('',(-16.51414848563,-11.03459279832,10.));
#7164 = CARTESIAN_POINT('',(-16.61840050983,-11.17477982966,10.));
#7165 = CARTESIAN_POINT('',(-16.72639098659,-11.32823351846,10.));
#7166 = CARTESIAN_POINT('',(-16.83749057059,-11.49523903687,10.));
#7167 = CARTESIAN_POINT('',(-16.9510569552,-11.67605868247,10.));
#7168 = CARTESIAN_POINT('',(-17.06643953002,-11.87092556157,10.));
#7169 = CARTESIAN_POINT('',(-17.14202338634,-12.00658494762,10.));
#7170 = CARTESIAN_POINT('',(-17.17997385654,-12.07677516096,10.));
#7171 = ORIENTED_EDGE('',*,*,#7172,.F.);
#7172 = EDGE_CURVE('',#7173,#7146,#7175,.T.);
#7173 = VERTEX_POINT('',#7174);
#7174 = CARTESIAN_POINT('',(-17.17997385654,-12.07677516096,0.));
#7175 = LINE('',#7176,#7177);
#7176 = CARTESIAN_POINT('',(-17.17997385654,-12.07677516096,0.));
#7177 = VECTOR('',#7178,1.);
#7178 = DIRECTION('',(0.,0.,1.));
#7179 = ORIENTED_EDGE('',*,*,#7180,.F.);
#7180 = EDGE_CURVE('',#7123,#7173,#7181,.T.);
#7181 = B_SPLINE_CURVE_WITH_KNOTS('',3,(#7182,#7183,#7184,#7185,#7186,
    #7187,#7188,#7189,#7190,#7191,#7192,#7193,#7194,#7195,#7196,#7197,
    #7198,#7199,#7200,#7201,#7202,#7203),.UNSPECIFIED.,.F.,.F.,(4,1,1,1,
    1,1,1,1,1,1,1,1,1,1,1,1,1,1,1,4),(0.,6.469775801205E-03,
    2.587893822125E-02,5.822752025674E-02,0.103515526622,0.161742958887,
    0.232909817767,0.317016103646,0.414061816756,0.524046957245,
    0.646971525216,0.782835520741,0.931638943874,1.093381794658,
    1.268064073122,1.455685779293,1.656246913191,1.869747474833,
    2.096187464232,2.335566881401),.UNSPECIFIED.);
#7182 = CARTESIAN_POINT('',(-15.75482961437,-10.24666933426,0.));
#7183 = CARTESIAN_POINT('',(-15.75662516605,-10.24786413345,0.));
#7184 = CARTESIAN_POINT('',(-15.76377271103,-10.25269384855,0.));
#7185 = CARTESIAN_POINT('',(-15.77955639688,-10.26399520656,0.));
#7186 = CARTESIAN_POINT('',(-15.80542297997,-10.28342469004,0.));
#7187 = CARTESIAN_POINT('',(-15.84091199298,-10.31156817878,0.));
#7188 = CARTESIAN_POINT('',(-15.88559722715,-10.34890970097,0.));
#7189 = CARTESIAN_POINT('',(-15.93900576496,-10.39595671615,0.));
#7190 = CARTESIAN_POINT('',(-16.00065556214,-10.45318232764,0.));
#7191 = CARTESIAN_POINT('',(-16.0700417381,-10.52104677086,0.));
#7192 = CARTESIAN_POINT('',(-16.14664250985,-10.5999886161,0.));
#7193 = CARTESIAN_POINT('',(-16.22991807676,-10.69042691401,0.));
#7194 = CARTESIAN_POINT('',(-16.31931193584,-10.79275964177,0.));
#7195 = CARTESIAN_POINT('',(-16.41425141619,-10.90736340916,0.));
#7196 = CARTESIAN_POINT('',(-16.51414848563,-11.03459279832,0.));
#7197 = CARTESIAN_POINT('',(-16.61840050983,-11.17477982966,0.));
#7198 = CARTESIAN_POINT('',(-16.72639098659,-11.32823351846,0.));
#7199 = CARTESIAN_POINT('',(-16.83749057059,-11.49523903687,0.));
#7200 = CARTESIAN_POINT('',(-16.9510569552,-11.67605868247,0.));
#7201 = CARTESIAN_POINT('',(-17.06643953002,-11.87092556157,0.));
#7202 = CARTESIAN_POINT('',(-17.14202338634,-12.00658494762,0.));
#7203 = CARTESIAN_POINT('',(-17.17997385654,-12.07677516096,0.));
#7204 = SURFACE_OF_LINEAR_EXTRUSION('',#7205,#7228);
#7205 = B_SPLINE_CURVE_WITH_KNOTS('',3,(#7206,#7207,#7208,#7209,#7210,
    #7211,#7212,#7213,#7214,#7215,#7216,#7217,#7218,#7219,#7220,#7221,
    #7222,#7223,#7224,#7225,#7226,#7227),.UNSPECIFIED.,.F.,.F.,(4,1,1,1,
    1,1,1,1,1,1,1,1,1,1,1,1,1,1,1,4),(0.,6.469775801205E-03,
    2.587893822125E-02,5.822752025674E-02,0.103515526622,0.161742958887,
    0.232909817767,0.317016103646,0.414061816756,0.524046957245,
    0.646971525216,0.782835520741,0.931638943874,1.093381794658,
    1.268064073122,1.455685779293,1.656246913191,1.869747474833,
    2.096187464232,2.335566881401),.UNSPECIFIED.);
#7206 = CARTESIAN_POINT('',(-15.75482961437,-10.24666933426,0.));
#7207 = CARTESIAN_POINT('',(-15.75662516605,-10.24786413345,0.));
#7208 = CARTESIAN_POINT('',(-15.76377271103,-10.25269384855,0.));
#7209 = CARTESIAN_POINT('',(-15.77955639688,-10.26399520656,0.));
#7210 = CARTESIAN_POINT('',(-15.80542297997,-10.28342469004,0.));
#7211 = CARTESIAN_POINT('',(-15.84091199298,-10.31156817878,0.));
#7212 = CARTESIAN_POINT('',(-15.88559722715,-10.34890970097,0.));
#7213 = CARTESIAN_POINT('',(-15.93900576496,-10.39595671615,0.));
#7214 = CARTESIAN_POINT('',(-16.00065556214,-10.45318232764,0.));
#7215 = CARTESIAN_POINT('',(-16.0700417381,-10.52104677086,0.));
#7216 = CARTESIAN_POINT('',(-16.14664250985,-10.5999886161,0.));
#7217 = CARTESIAN_POINT('',(-16.22991807676,-10.69042691401,0.));
#7218 = CARTESIAN_POINT('',(-16.31931193584,-10.79275964177,0.));
#7219 = CARTESIAN_POINT('',(-16.41425141619,-10.90736340916,0.));
#7220 = CARTESIAN_POINT('',(-16.51414848563,-11.03459279832,0.));
#7221 = CARTESIAN_POINT('',(-16.61840050983,-11.17477982966,0.));
#7222 = CARTESIAN_POINT('',(-16.72639098659,-11.32823351846,0.));
#7223 = CARTESIAN_POINT('',(-16.83749057059,-11.49523903687,0.));
#7224 = CARTESIAN_POINT('',(-16.9510569552,-11.67605868247,0.));
#7225 = CARTESIAN_POINT('',(-17.06643953002,-11.87092556157,0.));
#7226 = CARTESIAN_POINT('',(-17.14202338634,-12.00658494762,0.));
#7227 = CARTESIAN_POINT('',(-17.17997385654,-12.07677516096,0.));
#7228 = VECTOR('',#7229,1.);
#7229 = DIRECTION('',(-0.,-0.,-1.));
#7230 = ADVANCED_FACE('',(#7231),#7254,.F.);
#7231 = FACE_BOUND('',#7232,.F.);
#7232 = EDGE_LOOP('',(#7233,#7234,#7241,#7249));
#7233 = ORIENTED_EDGE('',*,*,#7172,.T.);
#7234 = ORIENTED_EDGE('',*,*,#7235,.T.);
#7235 = EDGE_CURVE('',#7146,#7236,#7238,.T.);
#7236 = VERTEX_POINT('',#7237);
#7237 = CARTESIAN_POINT('',(-16.79459959725,-12.60719732406,10.));
#7238 = B_SPLINE_CURVE_WITH_KNOTS('',1,(#7239,#7240),.UNSPECIFIED.,.F.,
  .F.,(2,2),(0.,0.655637850368),.PIECEWISE_BEZIER_KNOTS.);
#7239 = CARTESIAN_POINT('',(-17.17997385654,-12.07677516096,10.));
#7240 = CARTESIAN_POINT('',(-16.79459959725,-12.60719732406,10.));
#7241 = ORIENTED_EDGE('',*,*,#7242,.F.);
#7242 = EDGE_CURVE('',#7243,#7236,#7245,.T.);
#7243 = VERTEX_POINT('',#7244);
#7244 = CARTESIAN_POINT('',(-16.79459959725,-12.60719732406,0.));
#7245 = LINE('',#7246,#7247);
#7246 = CARTESIAN_POINT('',(-16.79459959725,-12.60719732406,0.));
#7247 = VECTOR('',#7248,1.);
#7248 = DIRECTION('',(0.,0.,1.));
#7249 = ORIENTED_EDGE('',*,*,#7250,.F.);
#7250 = EDGE_CURVE('',#7173,#7243,#7251,.T.);
#7251 = B_SPLINE_CURVE_WITH_KNOTS('',1,(#7252,#7253),.UNSPECIFIED.,.F.,
  .F.,(2,2),(0.,0.655637850368),.PIECEWISE_BEZIER_KNOTS.);
#7252 = CARTESIAN_POINT('',(-17.17997385654,-12.07677516096,0.));
#7253 = CARTESIAN_POINT('',(-16.79459959725,-12.60719732406,0.));
#7254 = SURFACE_OF_LINEAR_EXTRUSION('',#7255,#7258);
#7255 = B_SPLINE_CURVE_WITH_KNOTS('',1,(#7256,#7257),.UNSPECIFIED.,.F.,
  .F.,(2,2),(0.,0.655637850368),.PIECEWISE_BEZIER_KNOTS.);
#7256 = CARTESIAN_POINT('',(-17.17997385654,-12.07677516096,0.));
#7257 = CARTESIAN_POINT('',(-16.79459959725,-12.60719732406,0.));
#7258 = VECTOR('',#7259,1.);
#7259 = DIRECTION('',(-0.,-0.,-1.));
#7260 = ADVANCED_FACE('',(#7261),#7324,.F.);
#7261 = FACE_BOUND('',#7262,.F.);
#7262 = EDGE_LOOP('',(#7263,#7264,#7291,#7299));
#7263 = ORIENTED_EDGE('',*,*,#7242,.T.);
#7264 = ORIENTED_EDGE('',*,*,#7265,.T.);
#7265 = EDGE_CURVE('',#7236,#7266,#7268,.T.);
#7266 = VERTEX_POINT('',#7267);
#7267 = CARTESIAN_POINT('',(-14.613671735,-11.81733840784,10.));
#7268 = B_SPLINE_CURVE_WITH_KNOTS('',3,(#7269,#7270,#7271,#7272,#7273,
    #7274,#7275,#7276,#7277,#7278,#7279,#7280,#7281,#7282,#7283,#7284,
    #7285,#7286,#7287,#7288,#7289,#7290),.UNSPECIFIED.,.F.,.F.,(4,1,1,1,
    1,1,1,1,1,1,1,1,1,1,1,1,1,1,1,4),(0.,0.239379417168,0.465819406568,
    0.67931996821,0.879881102108,1.067502808279,1.242185086743,
    1.403927937526,1.55273136066,1.688595356185,1.811519924156,
    1.921505064645,2.018550777754,2.102657063634,2.173823922514,
    2.232051354779,2.277339361144,2.309687943179,2.329097105599,
    2.335566881401),.UNSPECIFIED.);
#7269 = CARTESIAN_POINT('',(-16.79459959725,-12.60719732406,10.));
#7270 = CARTESIAN_POINT('',(-16.71611739724,-12.59279425084,10.));
#7271 = CARTESIAN_POINT('',(-16.56374095803,-12.56283078749,10.));
#7272 = CARTESIAN_POINT('',(-16.34275636639,-12.51331261513,10.));
#7273 = CARTESIAN_POINT('',(-16.13569272133,-12.46118090842,10.));
#7274 = CARTESIAN_POINT('',(-15.94252937527,-12.40712646844,10.));
#7275 = CARTESIAN_POINT('',(-15.76321535203,-12.35184121951,10.));
#7276 = CARTESIAN_POINT('',(-15.5976739152,-12.29601182763,10.));
#7277 = CARTESIAN_POINT('',(-15.44580168343,-12.24032011222,10.));
#7278 = CARTESIAN_POINT('',(-15.30746911079,-12.18544181252,10.));
#7279 = CARTESIAN_POINT('',(-15.18252068158,-12.13204575229,10.));
#7280 = CARTESIAN_POINT('',(-15.07077518364,-12.08079295272,10.));
#7281 = CARTESIAN_POINT('',(-14.97202608707,-12.03233566135,10.));
#7282 = CARTESIAN_POINT('',(-14.88604165857,-11.98731675283,10.));
#7283 = CARTESIAN_POINT('',(-14.81256603283,-11.94636799796,10.));
#7284 = CARTESIAN_POINT('',(-14.75131751664,-11.91011178727,10.));
#7285 = CARTESIAN_POINT('',(-14.70199512188,-11.87915276908,10.));
#7286 = CARTESIAN_POINT('',(-14.66426236539,-11.8540975283,10.));
#7287 = CARTESIAN_POINT('',(-14.63779061476,-11.83550098649,10.));
#7288 = CARTESIAN_POINT('',(-14.62216495742,-11.82398212089,10.));
#7289 = CARTESIAN_POINT('',(-14.61536291253,-11.8186768657,10.));
#7290 = CARTESIAN_POINT('',(-14.613671735,-11.81733840784,10.));
#7291 = ORIENTED_EDGE('',*,*,#7292,.F.);
#7292 = EDGE_CURVE('',#7293,#7266,#7295,.T.);
#7293 = VERTEX_POINT('',#7294);
#7294 = CARTESIAN_POINT('',(-14.613671735,-11.81733840784,0.));
#7295 = LINE('',#7296,#7297);
#7296 = CARTESIAN_POINT('',(-14.613671735,-11.81733840784,0.));
#7297 = VECTOR('',#7298,1.);
#7298 = DIRECTION('',(0.,0.,1.));
#7299 = ORIENTED_EDGE('',*,*,#7300,.F.);
#7300 = EDGE_CURVE('',#7243,#7293,#7301,.T.);
#7301 = B_SPLINE_CURVE_WITH_KNOTS('',3,(#7302,#7303,#7304,#7305,#7306,
    #7307,#7308,#7309,#7310,#7311,#7312,#7313,#7314,#7315,#7316,#7317,
    #7318,#7319,#7320,#7321,#7322,#7323),.UNSPECIFIED.,.F.,.F.,(4,1,1,1,
    1,1,1,1,1,1,1,1,1,1,1,1,1,1,1,4),(0.,0.239379417168,0.465819406568,
    0.67931996821,0.879881102108,1.067502808279,1.242185086743,
    1.403927937526,1.55273136066,1.688595356185,1.811519924156,
    1.921505064645,2.018550777754,2.102657063634,2.173823922514,
    2.232051354779,2.277339361144,2.309687943179,2.329097105599,
    2.335566881401),.UNSPECIFIED.);
#7302 = CARTESIAN_POINT('',(-16.79459959725,-12.60719732406,0.));
#7303 = CARTESIAN_POINT('',(-16.71611739724,-12.59279425084,0.));
#7304 = CARTESIAN_POINT('',(-16.56374095803,-12.56283078749,0.));
#7305 = CARTESIAN_POINT('',(-16.34275636639,-12.51331261513,0.));
#7306 = CARTESIAN_POINT('',(-16.13569272133,-12.46118090842,0.));
#7307 = CARTESIAN_POINT('',(-15.94252937527,-12.40712646844,0.));
#7308 = CARTESIAN_POINT('',(-15.76321535203,-12.35184121951,0.));
#7309 = CARTESIAN_POINT('',(-15.5976739152,-12.29601182763,0.));
#7310 = CARTESIAN_POINT('',(-15.44580168343,-12.24032011222,0.));
#7311 = CARTESIAN_POINT('',(-15.30746911079,-12.18544181252,0.));
#7312 = CARTESIAN_POINT('',(-15.18252068158,-12.13204575229,0.));
#7313 = CARTESIAN_POINT('',(-15.07077518364,-12.08079295272,0.));
#7314 = CARTESIAN_POINT('',(-14.97202608707,-12.03233566135,0.));
#7315 = CARTESIAN_POINT('',(-14.88604165857,-11.98731675283,0.));
#7316 = CARTESIAN_POINT('',(-14.81256603283,-11.94636799796,0.));
#7317 = CARTESIAN_POINT('',(-14.75131751664,-11.91011178727,0.));
#7318 = CARTESIAN_POINT('',(-14.70199512188,-11.87915276908,0.));
#7319 = CARTESIAN_POINT('',(-14.66426236539,-11.8540975283,0.));
#7320 = CARTESIAN_POINT('',(-14.63779061476,-11.83550098649,0.));
#7321 = CARTESIAN_POINT('',(-14.62216495742,-11.82398212089,0.));
#7322 = CARTESIAN_POINT('',(-14.61536291253,-11.8186768657,0.));
#7323 = CARTESIAN_POINT('',(-14.613671735,-11.81733840784,0.));
#7324 = SURFACE_OF_LINEAR_EXTRUSION('',#7325,#7348);
#7325 = B_SPLINE_CURVE_WITH_KNOTS('',3,(#7326,#7327,#7328,#7329,#7330,
    #7331,#7332,#7333,#7334,#7335,#7336,#7337,#7338,#7339,#7340,#7341,
    #7342,#7343,#7344,#7345,#7346,#7347),.UNSPECIFIED.,.F.,.F.,(4,1,1,1,
    1,1,1,1,1,1,1,1,1,1,1,1,1,1,1,4),(0.,0.239379417168,0.465819406568,
    0.67931996821,0.879881102108,1.067502808279,1.242185086743,
    1.403927937526,1.55273136066,1.688595356185,1.811519924156,
    1.921505064645,2.018550777754,2.102657063634,2.173823922514,
    2.232051354779,2.277339361144,2.309687943179,2.329097105599,
    2.335566881401),.UNSPECIFIED.);
#7326 = CARTESIAN_POINT('',(-16.79459959725,-12.60719732406,0.));
#7327 = CARTESIAN_POINT('',(-16.71611739724,-12.59279425084,0.));
#7328 = CARTESIAN_POINT('',(-16.56374095803,-12.56283078749,0.));
#7329 = CARTESIAN_POINT('',(-16.34275636639,-12.51331261513,0.));
#7330 = CARTESIAN_POINT('',(-16.13569272133,-12.46118090842,0.));
#7331 = CARTESIAN_POINT('',(-15.94252937527,-12.40712646844,0.));
#7332 = CARTESIAN_POINT('',(-15.76321535203,-12.35184121951,0.));
#7333 = CARTESIAN_POINT('',(-15.5976739152,-12.29601182763,0.));
#7334 = CARTESIAN_POINT('',(-15.44580168343,-12.24032011222,0.));
#7335 = CARTESIAN_POINT('',(-15.30746911079,-12.18544181252,0.));
#7336 = CARTESIAN_POINT('',(-15.18252068158,-12.13204575229,0.));
#7337 = CARTESIAN_POINT('',(-15.07077518364,-12.08079295272,0.));
#7338 = CARTESIAN_POINT('',(-14.97202608707,-12.03233566135,0.));
#7339 = CARTESIAN_POINT('',(-14.88604165857,-11.98731675283,0.));
#7340 = CARTESIAN_POINT('',(-14.81256603283,-11.94636799796,0.));
#7341 = CARTESIAN_POINT('',(-14.75131751664,-11.91011178727,0.));
#7342 = CARTESIAN_POINT('',(-14.70199512188,-11.87915276908,0.));
#7343 = CARTESIAN_POINT('',(-14.66426236539,-11.8540975283,0.));
#7344 = CARTESIAN_POINT('',(-14.63779061476,-11.83550098649,0.));
#7345 = CARTESIAN_POINT('',(-14.62216495742,-11.82398212089,0.));
#7346 = CARTESIAN_POINT('',(-14.61536291253,-11.8186768657,0.));
#7347 = CARTESIAN_POINT('',(-14.613671735,-11.81733840784,0.));
#7348 = VECTOR('',#7349,1.);
#7349 = DIRECTION('',(-0.,-0.,-1.));
#7350 = ADVANCED_FACE('',(#7351),#7374,.F.);
#7351 = FACE_BOUND('',#7352,.F.);
#7352 = EDGE_LOOP('',(#7353,#7354,#7361,#7369));
#7353 = ORIENTED_EDGE('',*,*,#7292,.T.);
#7354 = ORIENTED_EDGE('',*,*,#7355,.T.);
#7355 = EDGE_CURVE('',#7266,#7356,#7358,.T.);
#7356 = VERTEX_POINT('',#7357);
#7357 = CARTESIAN_POINT('',(-14.57957309498,-11.78976455948,10.));
#7358 = B_SPLINE_CURVE_WITH_KNOTS('',1,(#7359,#7360),.UNSPECIFIED.,.F.,
  .F.,(2,2),(0.,4.385241571817E-02),.PIECEWISE_BEZIER_KNOTS.);
#7359 = CARTESIAN_POINT('',(-14.613671735,-11.81733840784,10.));
#7360 = CARTESIAN_POINT('',(-14.57957309498,-11.78976455948,10.));
#7361 = ORIENTED_EDGE('',*,*,#7362,.F.);
#7362 = EDGE_CURVE('',#7363,#7356,#7365,.T.);
#7363 = VERTEX_POINT('',#7364);
#7364 = CARTESIAN_POINT('',(-14.57957309498,-11.78976455948,0.));
#7365 = LINE('',#7366,#7367);
#7366 = CARTESIAN_POINT('',(-14.57957309498,-11.78976455948,0.));
#7367 = VECTOR('',#7368,1.);
#7368 = DIRECTION('',(0.,0.,1.));
#7369 = ORIENTED_EDGE('',*,*,#7370,.F.);
#7370 = EDGE_CURVE('',#7293,#7363,#7371,.T.);
#7371 = B_SPLINE_CURVE_WITH_KNOTS('',1,(#7372,#7373),.UNSPECIFIED.,.F.,
  .F.,(2,2),(0.,4.385241571817E-02),.PIECEWISE_BEZIER_KNOTS.);
#7372 = CARTESIAN_POINT('',(-14.613671735,-11.81733840784,0.));
#7373 = CARTESIAN_POINT('',(-14.57957309498,-11.78976455948,0.));
#7374 = SURFACE_OF_LINEAR_EXTRUSION('',#7375,#7378);
#7375 = B_SPLINE_CURVE_WITH_KNOTS('',1,(#7376,#7377),.UNSPECIFIED.,.F.,
  .F.,(2,2),(0.,4.385241571817E-02),.PIECEWISE_BEZIER_KNOTS.);
#7376 = CARTESIAN_POINT('',(-14.613671735,-11.81733840784,0.));
#7377 = CARTESIAN_POINT('',(-14.57957309498,-11.78976455948,0.));
#7378 = VECTOR('',#7379,1.);
#7379 = DIRECTION('',(-0.,-0.,-1.));
#7380 = ADVANCED_FACE('',(#7381),#7404,.F.);
#7381 = FACE_BOUND('',#7382,.F.);
#7382 = EDGE_LOOP('',(#7383,#7384,#7391,#7399));
#7383 = ORIENTED_EDGE('',*,*,#7362,.T.);
#7384 = ORIENTED_EDGE('',*,*,#7385,.T.);
#7385 = EDGE_CURVE('',#7356,#7386,#7388,.T.);
#7386 = VERTEX_POINT('',#7387);
#7387 = CARTESIAN_POINT('',(-13.92536071139,-12.55574884495,10.));
#7388 = B_SPLINE_CURVE_WITH_KNOTS('',1,(#7389,#7390),.UNSPECIFIED.,.F.,
  .F.,(2,2),(0.,1.007335975944),.PIECEWISE_BEZIER_KNOTS.);
#7389 = CARTESIAN_POINT('',(-14.57957309498,-11.78976455948,10.));
#7390 = CARTESIAN_POINT('',(-13.92536071139,-12.55574884495,10.));
#7391 = ORIENTED_EDGE('',*,*,#7392,.F.);
#7392 = EDGE_CURVE('',#7393,#7386,#7395,.T.);
#7393 = VERTEX_POINT('',#7394);
#7394 = CARTESIAN_POINT('',(-13.92536071139,-12.55574884495,0.));
#7395 = LINE('',#7396,#7397);
#7396 = CARTESIAN_POINT('',(-13.92536071139,-12.55574884495,0.));
#7397 = VECTOR('',#7398,1.);
#7398 = DIRECTION('',(0.,0.,1.));
#7399 = ORIENTED_EDGE('',*,*,#7400,.F.);
#7400 = EDGE_CURVE('',#7363,#7393,#7401,.T.);
#7401 = B_SPLINE_CURVE_WITH_KNOTS('',1,(#7402,#7403),.UNSPECIFIED.,.F.,
  .F.,(2,2),(0.,1.007335975944),.PIECEWISE_BEZIER_KNOTS.);
#7402 = CARTESIAN_POINT('',(-14.57957309498,-11.78976455948,0.));
#7403 = CARTESIAN_POINT('',(-13.92536071139,-12.55574884495,0.));
#7404 = SURFACE_OF_LINEAR_EXTRUSION('',#7405,#7408);
#7405 = B_SPLINE_CURVE_WITH_KNOTS('',1,(#7406,#7407),.UNSPECIFIED.,.F.,
  .F.,(2,2),(0.,1.007335975944),.PIECEWISE_BEZIER_KNOTS.);
#7406 = CARTESIAN_POINT('',(-14.57957309498,-11.78976455948,0.));
#7407 = CARTESIAN_POINT('',(-13.92536071139,-12.55574884495,0.));
#7408 = VECTOR('',#7409,1.);
#7409 = DIRECTION('',(-0.,-0.,-1.));
#7410 = ADVANCED_FACE('',(#7411),#7434,.F.);
#7411 = FACE_BOUND('',#7412,.F.);
#7412 = EDGE_LOOP('',(#7413,#7414,#7421,#7429));
#7413 = ORIENTED_EDGE('',*,*,#7392,.T.);
#7414 = ORIENTED_EDGE('',*,*,#7415,.T.);
#7415 = EDGE_CURVE('',#7386,#7416,#7418,.T.);
#7416 = VERTEX_POINT('',#7417);
#7417 = CARTESIAN_POINT('',(-13.95792928243,-12.58511417391,10.));
#7418 = B_SPLINE_CURVE_WITH_KNOTS('',1,(#7419,#7420),.UNSPECIFIED.,.F.,
  .F.,(2,2),(0.,4.385241571817E-02),.PIECEWISE_BEZIER_KNOTS.);
#7419 = CARTESIAN_POINT('',(-13.92536071139,-12.55574884495,10.));
#7420 = CARTESIAN_POINT('',(-13.95792928243,-12.58511417391,10.));
#7421 = ORIENTED_EDGE('',*,*,#7422,.F.);
#7422 = EDGE_CURVE('',#7423,#7416,#7425,.T.);
#7423 = VERTEX_POINT('',#7424);
#7424 = CARTESIAN_POINT('',(-13.95792928243,-12.58511417391,0.));
#7425 = LINE('',#7426,#7427);
#7426 = CARTESIAN_POINT('',(-13.95792928243,-12.58511417391,0.));
#7427 = VECTOR('',#7428,1.);
#7428 = DIRECTION('',(0.,0.,1.));
#7429 = ORIENTED_EDGE('',*,*,#7430,.F.);
#7430 = EDGE_CURVE('',#7393,#7423,#7431,.T.);
#7431 = B_SPLINE_CURVE_WITH_KNOTS('',1,(#7432,#7433),.UNSPECIFIED.,.F.,
  .F.,(2,2),(0.,4.385241571817E-02),.PIECEWISE_BEZIER_KNOTS.);
#7432 = CARTESIAN_POINT('',(-13.92536071139,-12.55574884495,0.));
#7433 = CARTESIAN_POINT('',(-13.95792928243,-12.58511417391,0.));
#7434 = SURFACE_OF_LINEAR_EXTRUSION('',#7435,#7438);
#7435 = B_SPLINE_CURVE_WITH_KNOTS('',1,(#7436,#7437),.UNSPECIFIED.,.F.,
  .F.,(2,2),(0.,4.385241571817E-02),.PIECEWISE_BEZIER_KNOTS.);
#7436 = CARTESIAN_POINT('',(-13.92536071139,-12.55574884495,0.));
#7437 = CARTESIAN_POINT('',(-13.95792928243,-12.58511417391,0.));
#7438 = VECTOR('',#7439,1.);
#7439 = DIRECTION('',(-0.,-0.,-1.));
#7440 = ADVANCED_FACE('',(#7441),#7504,.F.);
#7441 = FACE_BOUND('',#7442,.F.);
#7442 = EDGE_LOOP('',(#7443,#7444,#7471,#7479));
#7443 = ORIENTED_EDGE('',*,*,#7422,.T.);
#7444 = ORIENTED_EDGE('',*,*,#7445,.T.);
#7445 = EDGE_CURVE('',#7416,#7446,#7448,.T.);
#7446 = VERTEX_POINT('',#7447);
#7447 = CARTESIAN_POINT('',(-15.07923600812,-14.61563003812,10.));
#7448 = B_SPLINE_CURVE_WITH_KNOTS('',3,(#7449,#7450,#7451,#7452,#7453,
    #7454,#7455,#7456,#7457,#7458,#7459,#7460,#7461,#7462,#7463,#7464,
    #7465,#7466,#7467,#7468,#7469,#7470),.UNSPECIFIED.,.F.,.F.,(4,1,1,1,
    1,1,1,1,1,1,1,1,1,1,1,1,1,1,1,4),(0.,6.469775801205E-03,
    2.587893822125E-02,5.822752025674E-02,0.103515526622,0.161742958887,
    0.232909817767,0.317016103646,0.414061816756,0.524046957245,
    0.646971525216,0.782835520741,0.931638943874,1.093381794658,
    1.268064073122,1.455685779293,1.656246913191,1.869747474833,
    2.096187464232,2.335566881401),.UNSPECIFIED.);
#7449 = CARTESIAN_POINT('',(-13.95792928243,-12.58511417391,10.));
#7450 = CARTESIAN_POINT('',(-13.95951582011,-12.5865751493,10.));
#7451 = CARTESIAN_POINT('',(-13.96581983306,-12.59246352497,10.));
#7452 = CARTESIAN_POINT('',(-13.97964127365,-12.60609485697,10.));
#7453 = CARTESIAN_POINT('',(-14.00214995532,-12.62933155635,10.));
#7454 = CARTESIAN_POINT('',(-14.03279942809,-12.66268025681,10.));
#7455 = CARTESIAN_POINT('',(-14.07109301182,-12.70655235359,10.));
#7456 = CARTESIAN_POINT('',(-14.11648422726,-12.76137507798,10.));
#7457 = CARTESIAN_POINT('',(-14.16842295521,-12.82754030029,10.));
#7458 = CARTESIAN_POINT('',(-14.22633853434,-12.90542360891,10.));
#7459 = CARTESIAN_POINT('',(-14.28964699814,-12.99537654979,10.));
#7460 = CARTESIAN_POINT('',(-14.35774963789,-13.09772857094,10.));
#7461 = CARTESIAN_POINT('',(-14.43003454469,-13.21278569353,10.));
#7462 = CARTESIAN_POINT('',(-14.50587718346,-13.34083030519,10.));
#7463 = CARTESIAN_POINT('',(-14.58464129277,-13.48212063406,10.));
#7464 = CARTESIAN_POINT('',(-14.6656797183,-13.63689034005,10.));
#7465 = CARTESIAN_POINT('',(-14.74833520738,-13.80534819177,10.));
#7466 = CARTESIAN_POINT('',(-14.83194155221,-13.9876773991,10.));
#7467 = CARTESIAN_POINT('',(-14.91582332165,-14.18403655144,10.));
#7468 = CARTESIAN_POINT('',(-14.99930144951,-14.39455410726,10.));
#7469 = CARTESIAN_POINT('',(-15.05273293965,-14.54036722128,10.));
#7470 = CARTESIAN_POINT('',(-15.07923600812,-14.61563003812,10.));
#7471 = ORIENTED_EDGE('',*,*,#7472,.F.);
#7472 = EDGE_CURVE('',#7473,#7446,#7475,.T.);
#7473 = VERTEX_POINT('',#7474);
#7474 = CARTESIAN_POINT('',(-15.07923600812,-14.61563003812,0.));
#7475 = LINE('',#7476,#7477);
#7476 = CARTESIAN_POINT('',(-15.07923600812,-14.61563003812,0.));
#7477 = VECTOR('',#7478,1.);
#7478 = DIRECTION('',(0.,0.,1.));
#7479 = ORIENTED_EDGE('',*,*,#7480,.F.);
#7480 = EDGE_CURVE('',#7423,#7473,#7481,.T.);
#7481 = B_SPLINE_CURVE_WITH_KNOTS('',3,(#7482,#7483,#7484,#7485,#7486,
    #7487,#7488,#7489,#7490,#7491,#7492,#7493,#7494,#7495,#7496,#7497,
    #7498,#7499,#7500,#7501,#7502,#7503),.UNSPECIFIED.,.F.,.F.,(4,1,1,1,
    1,1,1,1,1,1,1,1,1,1,1,1,1,1,1,4),(0.,6.469775801205E-03,
    2.587893822125E-02,5.822752025674E-02,0.103515526622,0.161742958887,
    0.232909817767,0.317016103646,0.414061816756,0.524046957245,
    0.646971525216,0.782835520741,0.931638943874,1.093381794658,
    1.268064073122,1.455685779293,1.656246913191,1.869747474833,
    2.096187464232,2.335566881401),.UNSPECIFIED.);
#7482 = CARTESIAN_POINT('',(-13.95792928243,-12.58511417391,0.));
#7483 = CARTESIAN_POINT('',(-13.95951582011,-12.5865751493,0.));
#7484 = CARTESIAN_POINT('',(-13.96581983306,-12.59246352497,0.));
#7485 = CARTESIAN_POINT('',(-13.97964127365,-12.60609485697,0.));
#7486 = CARTESIAN_POINT('',(-14.00214995532,-12.62933155635,0.));
#7487 = CARTESIAN_POINT('',(-14.03279942809,-12.66268025681,0.));
#7488 = CARTESIAN_POINT('',(-14.07109301182,-12.70655235359,0.));
#7489 = CARTESIAN_POINT('',(-14.11648422726,-12.76137507798,0.));
#7490 = CARTESIAN_POINT('',(-14.16842295521,-12.82754030029,0.));
#7491 = CARTESIAN_POINT('',(-14.22633853434,-12.90542360891,0.));
#7492 = CARTESIAN_POINT('',(-14.28964699814,-12.99537654979,0.));
#7493 = CARTESIAN_POINT('',(-14.35774963789,-13.09772857094,0.));
#7494 = CARTESIAN_POINT('',(-14.43003454469,-13.21278569353,0.));
#7495 = CARTESIAN_POINT('',(-14.50587718346,-13.34083030519,0.));
#7496 = CARTESIAN_POINT('',(-14.58464129277,-13.48212063406,0.));
#7497 = CARTESIAN_POINT('',(-14.6656797183,-13.63689034005,0.));
#7498 = CARTESIAN_POINT('',(-14.74833520738,-13.80534819177,0.));
#7499 = CARTESIAN_POINT('',(-14.83194155221,-13.9876773991,0.));
#7500 = CARTESIAN_POINT('',(-14.91582332165,-14.18403655144,0.));
#7501 = CARTESIAN_POINT('',(-14.99930144951,-14.39455410726,0.));
#7502 = CARTESIAN_POINT('',(-15.05273293965,-14.54036722128,0.));
#7503 = CARTESIAN_POINT('',(-15.07923600812,-14.61563003812,0.));
#7504 = SURFACE_OF_LINEAR_EXTRUSION('',#7505,#7528);
#7505 = B_SPLINE_CURVE_WITH_KNOTS('',3,(#7506,#7507,#7508,#7509,#7510,
    #7511,#7512,#7513,#7514,#7515,#7516,#7517,#7518,#7519,#7520,#7521,
    #7522,#7523,#7524,#7525,#7526,#7527),.UNSPECIFIED.,.F.,.F.,(4,1,1,1,
    1,1,1,1,1,1,1,1,1,1,1,1,1,1,1,4),(0.,6.469775801205E-03,
    2.587893822125E-02,5.822752025674E-02,0.103515526622,0.161742958887,
    0.232909817767,0.317016103646,0.414061816756,0.524046957245,
    0.646971525216,0.782835520741,0.931638943874,1.093381794658,
    1.268064073122,1.455685779293,1.656246913191,1.869747474833,
    2.096187464232,2.335566881401),.UNSPECIFIED.);
#7506 = CARTESIAN_POINT('',(-13.95792928243,-12.58511417391,0.));
#7507 = CARTESIAN_POINT('',(-13.95951582011,-12.5865751493,0.));
#7508 = CARTESIAN_POINT('',(-13.96581983306,-12.59246352497,0.));
#7509 = CARTESIAN_POINT('',(-13.97964127365,-12.60609485697,0.));
#7510 = CARTESIAN_POINT('',(-14.00214995532,-12.62933155635,0.));
#7511 = CARTESIAN_POINT('',(-14.03279942809,-12.66268025681,0.));
#7512 = CARTESIAN_POINT('',(-14.07109301182,-12.70655235359,0.));
#7513 = CARTESIAN_POINT('',(-14.11648422726,-12.76137507798,0.));
#7514 = CARTESIAN_POINT('',(-14.16842295521,-12.82754030029,0.));
#7515 = CARTESIAN_POINT('',(-14.22633853434,-12.90542360891,0.));
#7516 = CARTESIAN_POINT('',(-14.28964699814,-12.99537654979,0.));
#7517 = CARTESIAN_POINT('',(-14.35774963789,-13.09772857094,0.));
#7518 = CARTESIAN_POINT('',(-14.43003454469,-13.21278569353,0.));
#7519 = CARTESIAN_POINT('',(-14.50587718346,-13.34083030519,0.));
#7520 = CARTESIAN_POINT('',(-14.58464129277,-13.48212063406,0.));
#7521 = CARTESIAN_POINT('',(-14.6656797183,-13.63689034005,0.));
#7522 = CARTESIAN_POINT('',(-14.74833520738,-13.80534819177,0.));
#7523 = CARTESIAN_POINT('',(-14.83194155221,-13.9876773991,0.));
#7524 = CARTESIAN_POINT('',(-14.91582332165,-14.18403655144,0.));
#7525 = CARTESIAN_POINT('',(-14.99930144951,-14.39455410726,0.));
#7526 = CARTESIAN_POINT('',(-15.05273293965,-14.54036722128,0.));
#7527 = CARTESIAN_POINT('',(-15.07923600812,-14.61563003812,0.));
#7528 = VECTOR('',#7529,1.);
#7529 = DIRECTION('',(-0.,-0.,-1.));
#7530 = ADVANCED_FACE('',(#7531),#7554,.F.);
#7531 = FACE_BOUND('',#7532,.F.);
#7532 = EDGE_LOOP('',(#7533,#7534,#7541,#7549));
#7533 = ORIENTED_EDGE('',*,*,#7472,.T.);
#7534 = ORIENTED_EDGE('',*,*,#7535,.T.);
#7535 = EDGE_CURVE('',#7446,#7536,#7538,.T.);
#7536 = VERTEX_POINT('',#7537);
#7537 = CARTESIAN_POINT('',(-14.61563003812,-15.07923600812,10.));
#7538 = B_SPLINE_CURVE_WITH_KNOTS('',1,(#7539,#7540),.UNSPECIFIED.,.F.,
  .F.,(2,2),(0.,0.655637850368),.PIECEWISE_BEZIER_KNOTS.);
#7539 = CARTESIAN_POINT('',(-15.07923600812,-14.61563003812,10.));
#7540 = CARTESIAN_POINT('',(-14.61563003812,-15.07923600812,10.));
#7541 = ORIENTED_EDGE('',*,*,#7542,.F.);
#7542 = EDGE_CURVE('',#7543,#7536,#7545,.T.);
#7543 = VERTEX_POINT('',#7544);
#7544 = CARTESIAN_POINT('',(-14.61563003812,-15.07923600812,0.));
#7545 = LINE('',#7546,#7547);
#7546 = CARTESIAN_POINT('',(-14.61563003812,-15.07923600812,0.));
#7547 = VECTOR('',#7548,1.);
#7548 = DIRECTION('',(0.,0.,1.));
#7549 = ORIENTED_EDGE('',*,*,#7550,.F.);
#7550 = EDGE_CURVE('',#7473,#7543,#7551,.T.);
#7551 = B_SPLINE_CURVE_WITH_KNOTS('',1,(#7552,#7553),.UNSPECIFIED.,.F.,
  .F.,(2,2),(0.,0.655637850368),.PIECEWISE_BEZIER_KNOTS.);
#7552 = CARTESIAN_POINT('',(-15.07923600812,-14.61563003812,0.));
#7553 = CARTESIAN_POINT('',(-14.61563003812,-15.07923600812,0.));
#7554 = SURFACE_OF_LINEAR_EXTRUSION('',#7555,#7558);
#7555 = B_SPLINE_CURVE_WITH_KNOTS('',1,(#7556,#7557),.UNSPECIFIED.,.F.,
  .F.,(2,2),(0.,0.655637850368),.PIECEWISE_BEZIER_KNOTS.);
#7556 = CARTESIAN_POINT('',(-15.07923600812,-14.61563003812,0.));
#7557 = CARTESIAN_POINT('',(-14.61563003812,-15.07923600812,0.));
#7558 = VECTOR('',#7559,1.);
#7559 = DIRECTION('',(-0.,-0.,-1.));
#7560 = ADVANCED_FACE('',(#7561),#7624,.F.);
#7561 = FACE_BOUND('',#7562,.F.);
#7562 = EDGE_LOOP('',(#7563,#7564,#7591,#7599));
#7563 = ORIENTED_EDGE('',*,*,#7542,.T.);
#7564 = ORIENTED_EDGE('',*,*,#7565,.T.);
#7565 = EDGE_CURVE('',#7536,#7566,#7568,.T.);
#7566 = VERTEX_POINT('',#7567);
#7567 = CARTESIAN_POINT('',(-12.58511417391,-13.95792928243,10.));
#7568 = B_SPLINE_CURVE_WITH_KNOTS('',3,(#7569,#7570,#7571,#7572,#7573,
    #7574,#7575,#7576,#7577,#7578,#7579,#7580,#7581,#7582,#7583,#7584,
    #7585,#7586,#7587,#7588,#7589,#7590),.UNSPECIFIED.,.F.,.F.,(4,1,1,1,
    1,1,1,1,1,1,1,1,1,1,1,1,1,1,1,4),(0.,0.239379417168,0.465819406568,
    0.67931996821,0.879881102108,1.067502808279,1.242185086743,
    1.403927937526,1.55273136066,1.688595356185,1.811519924156,
    1.921505064645,2.018550777754,2.102657063634,2.173823922514,
    2.232051354779,2.277339361144,2.309687943179,2.329097105599,
    2.335566881401),.UNSPECIFIED.);
#7569 = CARTESIAN_POINT('',(-14.61563003812,-15.07923600812,10.));
#7570 = CARTESIAN_POINT('',(-14.54036722128,-15.05273293965,10.));
#7571 = CARTESIAN_POINT('',(-14.39455410726,-14.99930144951,10.));
#7572 = CARTESIAN_POINT('',(-14.18403655144,-14.91582332165,10.));
#7573 = CARTESIAN_POINT('',(-13.9876773991,-14.83194155221,10.));
#7574 = CARTESIAN_POINT('',(-13.80534819177,-14.74833520738,10.));
#7575 = CARTESIAN_POINT('',(-13.63689034005,-14.6656797183,10.));
#7576 = CARTESIAN_POINT('',(-13.48212063406,-14.58464129277,10.));
#7577 = CARTESIAN_POINT('',(-13.34083030519,-14.50587718346,10.));
#7578 = CARTESIAN_POINT('',(-13.21278569353,-14.43003454469,10.));
#7579 = CARTESIAN_POINT('',(-13.09772857094,-14.35774963789,10.));
#7580 = CARTESIAN_POINT('',(-12.99537654979,-14.28964699814,10.));
#7581 = CARTESIAN_POINT('',(-12.90542360891,-14.22633853434,10.));
#7582 = CARTESIAN_POINT('',(-12.82754030029,-14.16842295521,10.));
#7583 = CARTESIAN_POINT('',(-12.76137507798,-14.11648422726,10.));
#7584 = CARTESIAN_POINT('',(-12.70655235359,-14.07109301182,10.));
#7585 = CARTESIAN_POINT('',(-12.66268025681,-14.03279942809,10.));
#7586 = CARTESIAN_POINT('',(-12.62933155635,-14.00214995532,10.));
#7587 = CARTESIAN_POINT('',(-12.60609485697,-13.97964127365,10.));
#7588 = CARTESIAN_POINT('',(-12.59246352497,-13.96581983306,10.));
#7589 = CARTESIAN_POINT('',(-12.5865751493,-13.95951582011,10.));
#7590 = CARTESIAN_POINT('',(-12.58511417391,-13.95792928243,10.));
#7591 = ORIENTED_EDGE('',*,*,#7592,.F.);
#7592 = EDGE_CURVE('',#7593,#7566,#7595,.T.);
#7593 = VERTEX_POINT('',#7594);
#7594 = CARTESIAN_POINT('',(-12.58511417391,-13.95792928243,0.));
#7595 = LINE('',#7596,#7597);
#7596 = CARTESIAN_POINT('',(-12.58511417391,-13.95792928243,0.));
#7597 = VECTOR('',#7598,1.);
#7598 = DIRECTION('',(0.,0.,1.));
#7599 = ORIENTED_EDGE('',*,*,#7600,.F.);
#7600 = EDGE_CURVE('',#7543,#7593,#7601,.T.);
#7601 = B_SPLINE_CURVE_WITH_KNOTS('',3,(#7602,#7603,#7604,#7605,#7606,
    #7607,#7608,#7609,#7610,#7611,#7612,#7613,#7614,#7615,#7616,#7617,
    #7618,#7619,#7620,#7621,#7622,#7623),.UNSPECIFIED.,.F.,.F.,(4,1,1,1,
    1,1,1,1,1,1,1,1,1,1,1,1,1,1,1,4),(0.,0.239379417168,0.465819406568,
    0.67931996821,0.879881102108,1.067502808279,1.242185086743,
    1.403927937526,1.55273136066,1.688595356185,1.811519924156,
    1.921505064645,2.018550777754,2.102657063634,2.173823922514,
    2.232051354779,2.277339361144,2.309687943179,2.329097105599,
    2.335566881401),.UNSPECIFIED.);
#7602 = CARTESIAN_POINT('',(-14.61563003812,-15.07923600812,0.));
#7603 = CARTESIAN_POINT('',(-14.54036722128,-15.05273293965,0.));
#7604 = CARTESIAN_POINT('',(-14.39455410726,-14.99930144951,0.));
#7605 = CARTESIAN_POINT('',(-14.18403655144,-14.91582332165,0.));
#7606 = CARTESIAN_POINT('',(-13.9876773991,-14.83194155221,0.));
#7607 = CARTESIAN_POINT('',(-13.80534819177,-14.74833520738,0.));
#7608 = CARTESIAN_POINT('',(-13.63689034005,-14.6656797183,0.));
#7609 = CARTESIAN_POINT('',(-13.48212063406,-14.58464129277,0.));
#7610 = CARTESIAN_POINT('',(-13.34083030519,-14.50587718346,0.));
#7611 = CARTESIAN_POINT('',(-13.21278569353,-14.43003454469,0.));
#7612 = CARTESIAN_POINT('',(-13.09772857094,-14.35774963789,0.));
#7613 = CARTESIAN_POINT('',(-12.99537654979,-14.28964699814,0.));
#7614 = CARTESIAN_POINT('',(-12.90542360891,-14.22633853434,0.));
#7615 = CARTESIAN_POINT('',(-12.82754030029,-14.16842295521,0.));
#7616 = CARTESIAN_POINT('',(-12.76137507798,-14.11648422726,0.));
#7617 = CARTESIAN_POINT('',(-12.70655235359,-14.07109301182,0.));
#7618 = CARTESIAN_POINT('',(-12.66268025681,-14.03279942809,0.));
#7619 = CARTESIAN_POINT('',(-12.62933155635,-14.00214995532,0.));
#7620 = CARTESIAN_POINT('',(-12.60609485697,-13.97964127365,0.));
#7621 = CARTESIAN_POINT('',(-12.59246352497,-13.96581983306,0.));
#7622 = CARTESIAN_POINT('',(-12.5865751493,-13.95951582011,0.));
#7623 = CARTESIAN_POINT('',(-12.58511417391,-13.95792928243,0.));
#7624 = SURFACE_OF_LINEAR_EXTRUSION('',#7625,#7648);
#7625 = B_SPLINE_CURVE_WITH_KNOTS('',3,(#7626,#7627,#7628,#7629,#7630,
    #7631,#7632,#7633,#7634,#7635,#7636,#7637,#7638,#7639,#7640,#7641,
    #7642,#7643,#7644,#7645,#7646,#7647),.UNSPECIFIED.,.F.,.F.,(4,1,1,1,
    1,1,1,1,1,1,1,1,1,1,1,1,1,1,1,4),(0.,0.239379417168,0.465819406568,
    0.67931996821,0.879881102108,1.067502808279,1.242185086743,
    1.403927937526,1.55273136066,1.688595356185,1.811519924156,
    1.921505064645,2.018550777754,2.102657063634,2.173823922514,
    2.232051354779,2.277339361144,2.309687943179,2.329097105599,
    2.335566881401),.UNSPECIFIED.);
#7626 = CARTESIAN_POINT('',(-14.61563003812,-15.07923600812,0.));
#7627 = CARTESIAN_POINT('',(-14.54036722128,-15.05273293965,0.));
#7628 = CARTESIAN_POINT('',(-14.39455410726,-14.99930144951,0.));
#7629 = CARTESIAN_POINT('',(-14.18403655144,-14.91582332165,0.));
#7630 = CARTESIAN_POINT('',(-13.9876773991,-14.83194155221,0.));
#7631 = CARTESIAN_POINT('',(-13.80534819177,-14.74833520738,0.));
#7632 = CARTESIAN_POINT('',(-13.63689034005,-14.6656797183,0.));
#7633 = CARTESIAN_POINT('',(-13.48212063406,-14.58464129277,0.));
#7634 = CARTESIAN_POINT('',(-13.34083030519,-14.50587718346,0.));
#7635 = CARTESIAN_POINT('',(-13.21278569353,-14.43003454469,0.));
#7636 = CARTESIAN_POINT('',(-13.09772857094,-14.35774963789,0.));
#7637 = CARTESIAN_POINT('',(-12.99537654979,-14.28964699814,0.));
#7638 = CARTESIAN_POINT('',(-12.90542360891,-14.22633853434,0.));
#7639 = CARTESIAN_POINT('',(-12.82754030029,-14.16842295521,0.));
#7640 = CARTESIAN_POINT('',(-12.76137507798,-14.11648422726,0.));
#7641 = CARTESIAN_POINT('',(-12.70655235359,-14.07109301182,0.));
#7642 = CARTESIAN_POINT('',(-12.66268025681,-14.03279942809,0.));
#7643 = CARTESIAN_POINT('',(-12.62933155635,-14.00214995532,0.));
#7644 = CARTESIAN_POINT('',(-12.60609485697,-13.97964127365,0.));
#7645 = CARTESIAN_POINT('',(-12.59246352497,-13.96581983306,0.));
#7646 = CARTESIAN_POINT('',(-12.5865751493,-13.95951582011,0.));
#7647 = CARTESIAN_POINT('',(-12.58511417391,-13.95792928243,0.));
#7648 = VECTOR('',#7649,1.);
#7649 = DIRECTION('',(-0.,-0.,-1.));
#7650 = ADVANCED_FACE('',(#7651),#7674,.F.);
#7651 = FACE_BOUND('',#7652,.F.);
#7652 = EDGE_LOOP('',(#7653,#7654,#7661,#7669));
#7653 = ORIENTED_EDGE('',*,*,#7592,.T.);
#7654 = ORIENTED_EDGE('',*,*,#7655,.T.);
#7655 = EDGE_CURVE('',#7566,#7656,#7658,.T.);
#7656 = VERTEX_POINT('',#7657);
#7657 = CARTESIAN_POINT('',(-12.55574884495,-13.92536071139,10.));
#7658 = B_SPLINE_CURVE_WITH_KNOTS('',1,(#7659,#7660),.UNSPECIFIED.,.F.,
  .F.,(2,2),(0.,4.385241571817E-02),.PIECEWISE_BEZIER_KNOTS.);
#7659 = CARTESIAN_POINT('',(-12.58511417391,-13.95792928243,10.));
#7660 = CARTESIAN_POINT('',(-12.55574884495,-13.92536071139,10.));
#7661 = ORIENTED_EDGE('',*,*,#7662,.F.);
#7662 = EDGE_CURVE('',#7663,#7656,#7665,.T.);
#7663 = VERTEX_POINT('',#7664);
#7664 = CARTESIAN_POINT('',(-12.55574884495,-13.92536071139,0.));
#7665 = LINE('',#7666,#7667);
#7666 = CARTESIAN_POINT('',(-12.55574884495,-13.92536071139,0.));
#7667 = VECTOR('',#7668,1.);
#7668 = DIRECTION('',(0.,0.,1.));
#7669 = ORIENTED_EDGE('',*,*,#7670,.F.);
#7670 = EDGE_CURVE('',#7593,#7663,#7671,.T.);
#7671 = B_SPLINE_CURVE_WITH_KNOTS('',1,(#7672,#7673),.UNSPECIFIED.,.F.,
  .F.,(2,2),(0.,4.385241571817E-02),.PIECEWISE_BEZIER_KNOTS.);
#7672 = CARTESIAN_POINT('',(-12.58511417391,-13.95792928243,0.));
#7673 = CARTESIAN_POINT('',(-12.55574884495,-13.92536071139,0.));
#7674 = SURFACE_OF_LINEAR_EXTRUSION('',#7675,#7678);
#7675 = B_SPLINE_CURVE_WITH_KNOTS('',1,(#7676,#7677),.UNSPECIFIED.,.F.,
  .F.,(2,2),(0.,4.385241571817E-02),.PIECEWISE_BEZIER_KNOTS.);
#7676 = CARTESIAN_POINT('',(-12.58511417391,-13.95792928243,0.));
#7677 = CARTESIAN_POINT('',(-12.55574884495,-13.92536071139,0.));
#7678 = VECTOR('',#7679,1.);
#7679 = DIRECTION('',(-0.,-0.,-1.));
#7680 = ADVANCED_FACE('',(#7681),#7704,.F.);
#7681 = FACE_BOUND('',#7682,.F.);
#7682 = EDGE_LOOP('',(#7683,#7684,#7691,#7699));
#7683 = ORIENTED_EDGE('',*,*,#7662,.T.);
#7684 = ORIENTED_EDGE('',*,*,#7685,.T.);
#7685 = EDGE_CURVE('',#7656,#7686,#7688,.T.);
#7686 = VERTEX_POINT('',#7687);
#7687 = CARTESIAN_POINT('',(-11.78976455948,-14.57957309498,10.));
#7688 = B_SPLINE_CURVE_WITH_KNOTS('',1,(#7689,#7690),.UNSPECIFIED.,.F.,
  .F.,(2,2),(0.,1.007335975944),.PIECEWISE_BEZIER_KNOTS.);
#7689 = CARTESIAN_POINT('',(-12.55574884495,-13.92536071139,10.));
#7690 = CARTESIAN_POINT('',(-11.78976455948,-14.57957309498,10.));
#7691 = ORIENTED_EDGE('',*,*,#7692,.F.);
#7692 = EDGE_CURVE('',#7693,#7686,#7695,.T.);
#7693 = VERTEX_POINT('',#7694);
#7694 = CARTESIAN_POINT('',(-11.78976455948,-14.57957309498,0.));
#7695 = LINE('',#7696,#7697);
#7696 = CARTESIAN_POINT('',(-11.78976455948,-14.57957309498,0.));
#7697 = VECTOR('',#7698,1.);
#7698 = DIRECTION('',(0.,0.,1.));
#7699 = ORIENTED_EDGE('',*,*,#7700,.F.);
#7700 = EDGE_CURVE('',#7663,#7693,#7701,.T.);
#7701 = B_SPLINE_CURVE_WITH_KNOTS('',1,(#7702,#7703),.UNSPECIFIED.,.F.,
  .F.,(2,2),(0.,1.007335975944),.PIECEWISE_BEZIER_KNOTS.);
#7702 = CARTESIAN_POINT('',(-12.55574884495,-13.92536071139,0.));
#7703 = CARTESIAN_POINT('',(-11.78976455948,-14.57957309498,0.));
#7704 = SURFACE_OF_LINEAR_EXTRUSION('',#7705,#7708);
#7705 = B_SPLINE_CURVE_WITH_KNOTS('',1,(#7706,#7707),.UNSPECIFIED.,.F.,
  .F.,(2,2),(0.,1.007335975944),.PIECEWISE_BEZIER_KNOTS.);
#7706 = CARTESIAN_POINT('',(-12.55574884495,-13.92536071139,0.));
#7707 = CARTESIAN_POINT('',(-11.78976455948,-14.57957309498,0.));
#7708 = VECTOR('',#7709,1.);
#7709 = DIRECTION('',(-0.,-0.,-1.));
#7710 = ADVANCED_FACE('',(#7711),#7734,.F.);
#7711 = FACE_BOUND('',#7712,.F.);
#7712 = EDGE_LOOP('',(#7713,#7714,#7721,#7729));
#7713 = ORIENTED_EDGE('',*,*,#7692,.T.);
#7714 = ORIENTED_EDGE('',*,*,#7715,.T.);
#7715 = EDGE_CURVE('',#7686,#7716,#7718,.T.);
#7716 = VERTEX_POINT('',#7717);
#7717 = CARTESIAN_POINT('',(-11.81733840784,-14.613671735,10.));
#7718 = B_SPLINE_CURVE_WITH_KNOTS('',1,(#7719,#7720),.UNSPECIFIED.,.F.,
  .F.,(2,2),(0.,4.385241571817E-02),.PIECEWISE_BEZIER_KNOTS.);
#7719 = CARTESIAN_POINT('',(-11.78976455948,-14.57957309498,10.));
#7720 = CARTESIAN_POINT('',(-11.81733840784,-14.613671735,10.));
#7721 = ORIENTED_EDGE('',*,*,#7722,.F.);
#7722 = EDGE_CURVE('',#7723,#7716,#7725,.T.);
#7723 = VERTEX_POINT('',#7724);
#7724 = CARTESIAN_POINT('',(-11.81733840784,-14.613671735,0.));
#7725 = LINE('',#7726,#7727);
#7726 = CARTESIAN_POINT('',(-11.81733840784,-14.613671735,0.));
#7727 = VECTOR('',#7728,1.);
#7728 = DIRECTION('',(0.,0.,1.));
#7729 = ORIENTED_EDGE('',*,*,#7730,.F.);
#7730 = EDGE_CURVE('',#7693,#7723,#7731,.T.);
#7731 = B_SPLINE_CURVE_WITH_KNOTS('',1,(#7732,#7733),.UNSPECIFIED.,.F.,
  .F.,(2,2),(0.,4.385241571817E-02),.PIECEWISE_BEZIER_KNOTS.);
#7732 = CARTESIAN_POINT('',(-11.78976455948,-14.57957309498,0.));
#7733 = CARTESIAN_POINT('',(-11.81733840784,-14.613671735,0.));
#7734 = SURFACE_OF_LINEAR_EXTRUSION('',#7735,#7738);
#7735 = B_SPLINE_CURVE_WITH_KNOTS('',1,(#7736,#7737),.UNSPECIFIED.,.F.,
  .F.,(2,2),(0.,4.385241571817E-02),.PIECEWISE_BEZIER_KNOTS.);
#7736 = CARTESIAN_POINT('',(-11.78976455948,-14.57957309498,0.));
#7737 = CARTESIAN_POINT('',(-11.81733840784,-14.613671735,0.));
#7738 = VECTOR('',#7739,1.);
#7739 = DIRECTION('',(-0.,-0.,-1.));
#7740 = ADVANCED_FACE('',(#7741),#7804,.F.);
#7741 = FACE_BOUND('',#7742,.F.);
#7742 = EDGE_LOOP('',(#7743,#7744,#7771,#7779));
#7743 = ORIENTED_EDGE('',*,*,#7722,.T.);
#7744 = ORIENTED_EDGE('',*,*,#7745,.T.);
#7745 = EDGE_CURVE('',#7716,#7746,#7748,.T.);
#7746 = VERTEX_POINT('',#7747);
#7747 = CARTESIAN_POINT('',(-12.60719732406,-16.79459959725,10.));
#7748 = B_SPLINE_CURVE_WITH_KNOTS('',3,(#7749,#7750,#7751,#7752,#7753,
    #7754,#7755,#7756,#7757,#7758,#7759,#7760,#7761,#7762,#7763,#7764,
    #7765,#7766,#7767,#7768,#7769,#7770),.UNSPECIFIED.,.F.,.F.,(4,1,1,1,
    1,1,1,1,1,1,1,1,1,1,1,1,1,1,1,4),(0.,6.469775801205E-03,
    2.587893822125E-02,5.822752025674E-02,0.103515526622,0.161742958887,
    0.232909817767,0.317016103646,0.414061816756,0.524046957245,
    0.646971525216,0.782835520741,0.931638943874,1.093381794658,
    1.268064073122,1.455685779293,1.656246913191,1.869747474833,
    2.096187464232,2.335566881401),.UNSPECIFIED.);
#7749 = CARTESIAN_POINT('',(-11.81733840784,-14.613671735,10.));
#7750 = CARTESIAN_POINT('',(-11.8186768657,-14.61536291253,10.));
#7751 = CARTESIAN_POINT('',(-11.82398212089,-14.62216495742,10.));
#7752 = CARTESIAN_POINT('',(-11.83550098649,-14.63779061476,10.));
#7753 = CARTESIAN_POINT('',(-11.8540975283,-14.66426236539,10.));
#7754 = CARTESIAN_POINT('',(-11.87915276908,-14.70199512188,10.));
#7755 = CARTESIAN_POINT('',(-11.91011178727,-14.75131751664,10.));
#7756 = CARTESIAN_POINT('',(-11.94636799796,-14.81256603283,10.));
#7757 = CARTESIAN_POINT('',(-11.98731675283,-14.88604165857,10.));
#7758 = CARTESIAN_POINT('',(-12.03233566135,-14.97202608707,10.));
#7759 = CARTESIAN_POINT('',(-12.08079295272,-15.07077518364,10.));
#7760 = CARTESIAN_POINT('',(-12.13204575229,-15.18252068158,10.));
#7761 = CARTESIAN_POINT('',(-12.18544181252,-15.30746911079,10.));
#7762 = CARTESIAN_POINT('',(-12.24032011222,-15.44580168343,10.));
#7763 = CARTESIAN_POINT('',(-12.29601182763,-15.5976739152,10.));
#7764 = CARTESIAN_POINT('',(-12.35184121951,-15.76321535203,10.));
#7765 = CARTESIAN_POINT('',(-12.40712646844,-15.94252937527,10.));
#7766 = CARTESIAN_POINT('',(-12.46118090842,-16.13569272133,10.));
#7767 = CARTESIAN_POINT('',(-12.51331261513,-16.34275636639,10.));
#7768 = CARTESIAN_POINT('',(-12.56283078749,-16.56374095803,10.));
#7769 = CARTESIAN_POINT('',(-12.59279425084,-16.71611739724,10.));
#7770 = CARTESIAN_POINT('',(-12.60719732406,-16.79459959725,10.));
#7771 = ORIENTED_EDGE('',*,*,#7772,.F.);
#7772 = EDGE_CURVE('',#7773,#7746,#7775,.T.);
#7773 = VERTEX_POINT('',#7774);
#7774 = CARTESIAN_POINT('',(-12.60719732406,-16.79459959725,0.));
#7775 = LINE('',#7776,#7777);
#7776 = CARTESIAN_POINT('',(-12.60719732406,-16.79459959725,0.));
#7777 = VECTOR('',#7778,1.);
#7778 = DIRECTION('',(0.,0.,1.));
#7779 = ORIENTED_EDGE('',*,*,#7780,.F.);
#7780 = EDGE_CURVE('',#7723,#7773,#7781,.T.);
#7781 = B_SPLINE_CURVE_WITH_KNOTS('',3,(#7782,#7783,#7784,#7785,#7786,
    #7787,#7788,#7789,#7790,#7791,#7792,#7793,#7794,#7795,#7796,#7797,
    #7798,#7799,#7800,#7801,#7802,#7803),.UNSPECIFIED.,.F.,.F.,(4,1,1,1,
    1,1,1,1,1,1,1,1,1,1,1,1,1,1,1,4),(0.,6.469775801205E-03,
    2.587893822125E-02,5.822752025674E-02,0.103515526622,0.161742958887,
    0.232909817767,0.317016103646,0.414061816756,0.524046957245,
    0.646971525216,0.782835520741,0.931638943874,1.093381794658,
    1.268064073122,1.455685779293,1.656246913191,1.869747474833,
    2.096187464232,2.335566881401),.UNSPECIFIED.);
#7782 = CARTESIAN_POINT('',(-11.81733840784,-14.613671735,0.));
#7783 = CARTESIAN_POINT('',(-11.8186768657,-14.61536291253,0.));
#7784 = CARTESIAN_POINT('',(-11.82398212089,-14.62216495742,0.));
#7785 = CARTESIAN_POINT('',(-11.83550098649,-14.63779061476,0.));
#7786 = CARTESIAN_POINT('',(-11.8540975283,-14.66426236539,0.));
#7787 = CARTESIAN_POINT('',(-11.87915276908,-14.70199512188,0.));
#7788 = CARTESIAN_POINT('',(-11.91011178727,-14.75131751664,0.));
#7789 = CARTESIAN_POINT('',(-11.94636799796,-14.81256603283,0.));
#7790 = CARTESIAN_POINT('',(-11.98731675283,-14.88604165857,0.));
#7791 = CARTESIAN_POINT('',(-12.03233566135,-14.97202608707,0.));
#7792 = CARTESIAN_POINT('',(-12.08079295272,-15.07077518364,0.));
#7793 = CARTESIAN_POINT('',(-12.13204575229,-15.18252068158,0.));
#7794 = CARTESIAN_POINT('',(-12.18544181252,-15.30746911079,0.));
#7795 = CARTESIAN_POINT('',(-12.24032011222,-15.44580168343,0.));
#7796 = CARTESIAN_POINT('',(-12.29601182763,-15.5976739152,0.));
#7797 = CARTESIAN_POINT('',(-12.35184121951,-15.76321535203,0.));
#7798 = CARTESIAN_POINT('',(-12.40712646844,-15.94252937527,0.));
#7799 = CARTESIAN_POINT('',(-12.46118090842,-16.13569272133,0.));
#7800 = CARTESIAN_POINT('',(-12.51331261513,-16.34275636639,0.));
#7801 = CARTESIAN_POINT('',(-12.56283078749,-16.56374095803,0.));
#7802 = CARTESIAN_POINT('',(-12.59279425084,-16.71611739724,0.));
#7803 = CARTESIAN_POINT('',(-12.60719732406,-16.79459959725,0.));
#7804 = SURFACE_OF_LINEAR_EXTRUSION('',#7805,#7828);
#7805 = B_SPLINE_CURVE_WITH_KNOTS('',3,(#7806,#7807,#7808,#7809,#7810,
    #7811,#7812,#7813,#7814,#7815,#7816,#7817,#7818,#7819,#7820,#7821,
    #7822,#7823,#7824,#7825,#7826,#7827),.UNSPECIFIED.,.F.,.F.,(4,1,1,1,
    1,1,1,1,1,1,1,1,1,1,1,1,1,1,1,4),(0.,6.469775801205E-03,
    2.587893822125E-02,5.822752025674E-02,0.103515526622,0.161742958887,
    0.232909817767,0.317016103646,0.414061816756,0.524046957245,
    0.646971525216,0.782835520741,0.931638943874,1.093381794658,
    1.268064073122,1.455685779293,1.656246913191,1.869747474833,
    2.096187464232,2.335566881401),.UNSPECIFIED.);
#7806 = CARTESIAN_POINT('',(-11.81733840784,-14.613671735,0.));
#7807 = CARTESIAN_POINT('',(-11.8186768657,-14.61536291253,0.));
#7808 = CARTESIAN_POINT('',(-11.82398212089,-14.62216495742,0.));
#7809 = CARTESIAN_POINT('',(-11.83550098649,-14.63779061476,0.));
#7810 = CARTESIAN_POINT('',(-11.8540975283,-14.66426236539,0.));
#7811 = CARTESIAN_POINT('',(-11.87915276908,-14.70199512188,0.));
#7812 = CARTESIAN_POINT('',(-11.91011178727,-14.75131751664,0.));
#7813 = CARTESIAN_POINT('',(-11.94636799796,-14.81256603283,0.));
#7814 = CARTESIAN_POINT('',(-11.98731675283,-14.88604165857,0.));
#7815 = CARTESIAN_POINT('',(-12.03233566135,-14.97202608707,0.));
#7816 = CARTESIAN_POINT('',(-12.08079295272,-15.07077518364,0.));
#7817 = CARTESIAN_POINT('',(-12.13204575229,-15.18252068158,0.));
#7818 = CARTESIAN_POINT('',(-12.18544181252,-15.30746911079,0.));
#7819 = CARTESIAN_POINT('',(-12.24032011222,-15.44580168343,0.));
#7820 = CARTESIAN_POINT('',(-12.29601182763,-15.5976739152,0.));
#7821 = CARTESIAN_POINT('',(-12.35184121951,-15.76321535203,0.));
#7822 = CARTESIAN_POINT('',(-12.40712646844,-15.94252937527,0.));
#7823 = CARTESIAN_POINT('',(-12.46118090842,-16.13569272133,0.));
#7824 = CARTESIAN_POINT('',(-12.51331261513,-16.34275636639,0.));
#7825 = CARTESIAN_POINT('',(-12.56283078749,-16.56374095803,0.));
#7826 = CARTESIAN_POINT('',(-12.59279425084,-16.71611739724,0.));
#7827 = CARTESIAN_POINT('',(-12.60719732406,-16.79459959725,0.));
#7828 = VECTOR('',#7829,1.);
#7829 = DIRECTION('',(-0.,-0.,-1.));
#7830 = ADVANCED_FACE('',(#7831),#7854,.F.);
#7831 = FACE_BOUND('',#7832,.F.);
#7832 = EDGE_LOOP('',(#7833,#7834,#7841,#7849));
#7833 = ORIENTED_EDGE('',*,*,#7772,.T.);
#7834 = ORIENTED_EDGE('',*,*,#7835,.T.);
#7835 = EDGE_CURVE('',#7746,#7836,#7838,.T.);
#7836 = VERTEX_POINT('',#7837);
#7837 = CARTESIAN_POINT('',(-12.07677516096,-17.17997385654,10.));
#7838 = B_SPLINE_CURVE_WITH_KNOTS('',1,(#7839,#7840),.UNSPECIFIED.,.F.,
  .F.,(2,2),(0.,0.655637850368),.PIECEWISE_BEZIER_KNOTS.);
#7839 = CARTESIAN_POINT('',(-12.60719732406,-16.79459959725,10.));
#7840 = CARTESIAN_POINT('',(-12.07677516096,-17.17997385654,10.));
#7841 = ORIENTED_EDGE('',*,*,#7842,.F.);
#7842 = EDGE_CURVE('',#7843,#7836,#7845,.T.);
#7843 = VERTEX_POINT('',#7844);
#7844 = CARTESIAN_POINT('',(-12.07677516096,-17.17997385654,0.));
#7845 = LINE('',#7846,#7847);
#7846 = CARTESIAN_POINT('',(-12.07677516096,-17.17997385654,0.));
#7847 = VECTOR('',#7848,1.);
#7848 = DIRECTION('',(0.,0.,1.));
#7849 = ORIENTED_EDGE('',*,*,#7850,.F.);
#7850 = EDGE_CURVE('',#7773,#7843,#7851,.T.);
#7851 = B_SPLINE_CURVE_WITH_KNOTS('',1,(#7852,#7853),.UNSPECIFIED.,.F.,
  .F.,(2,2),(0.,0.655637850368),.PIECEWISE_BEZIER_KNOTS.);
#7852 = CARTESIAN_POINT('',(-12.60719732406,-16.79459959725,0.));
#7853 = CARTESIAN_POINT('',(-12.07677516096,-17.17997385654,0.));
#7854 = SURFACE_OF_LINEAR_EXTRUSION('',#7855,#7858);
#7855 = B_SPLINE_CURVE_WITH_KNOTS('',1,(#7856,#7857),.UNSPECIFIED.,.F.,
  .F.,(2,2),(0.,0.655637850368),.PIECEWISE_BEZIER_KNOTS.);
#7856 = CARTESIAN_POINT('',(-12.60719732406,-16.79459959725,0.));
#7857 = CARTESIAN_POINT('',(-12.07677516096,-17.17997385654,0.));
#7858 = VECTOR('',#7859,1.);
#7859 = DIRECTION('',(-0.,-0.,-1.));
#7860 = ADVANCED_FACE('',(#7861),#7924,.F.);
#7861 = FACE_BOUND('',#7862,.F.);
#7862 = EDGE_LOOP('',(#7863,#7864,#7891,#7899));
#7863 = ORIENTED_EDGE('',*,*,#7842,.T.);
#7864 = ORIENTED_EDGE('',*,*,#7865,.T.);
#7865 = EDGE_CURVE('',#7836,#7866,#7868,.T.);
#7866 = VERTEX_POINT('',#7867);
#7867 = CARTESIAN_POINT('',(-10.24666933426,-15.75482961437,10.));
#7868 = B_SPLINE_CURVE_WITH_KNOTS('',3,(#7869,#7870,#7871,#7872,#7873,
    #7874,#7875,#7876,#7877,#7878,#7879,#7880,#7881,#7882,#7883,#7884,
    #7885,#7886,#7887,#7888,#7889,#7890),.UNSPECIFIED.,.F.,.F.,(4,1,1,1,
    1,1,1,1,1,1,1,1,1,1,1,1,1,1,1,4),(0.,0.239379417168,0.465819406568,
    0.67931996821,0.879881102108,1.067502808279,1.242185086743,
    1.403927937526,1.55273136066,1.688595356185,1.811519924156,
    1.921505064645,2.018550777754,2.102657063634,2.173823922514,
    2.232051354779,2.277339361144,2.309687943179,2.329097105599,
    2.335566881401),.UNSPECIFIED.);
#7869 = CARTESIAN_POINT('',(-12.07677516096,-17.17997385654,10.));
#7870 = CARTESIAN_POINT('',(-12.00658494762,-17.14202338634,10.));
#7871 = CARTESIAN_POINT('',(-11.87092556157,-17.06643953002,10.));
#7872 = CARTESIAN_POINT('',(-11.67605868247,-16.9510569552,10.));
#7873 = CARTESIAN_POINT('',(-11.49523903687,-16.83749057059,10.));
#7874 = CARTESIAN_POINT('',(-11.32823351846,-16.72639098659,10.));
#7875 = CARTESIAN_POINT('',(-11.17477982966,-16.61840050983,10.));
#7876 = CARTESIAN_POINT('',(-11.03459279832,-16.51414848563,10.));
#7877 = CARTESIAN_POINT('',(-10.90736340916,-16.41425141619,10.));
#7878 = CARTESIAN_POINT('',(-10.79275964177,-16.31931193584,10.));
#7879 = CARTESIAN_POINT('',(-10.69042691401,-16.22991807676,10.));
#7880 = CARTESIAN_POINT('',(-10.5999886161,-16.14664250985,10.));
#7881 = CARTESIAN_POINT('',(-10.52104677086,-16.0700417381,10.));
#7882 = CARTESIAN_POINT('',(-10.45318232764,-16.00065556214,10.));
#7883 = CARTESIAN_POINT('',(-10.39595671615,-15.93900576496,10.));
#7884 = CARTESIAN_POINT('',(-10.34890970097,-15.88559722715,10.));
#7885 = CARTESIAN_POINT('',(-10.31156817878,-15.84091199298,10.));
#7886 = CARTESIAN_POINT('',(-10.28342469004,-15.80542297997,10.));
#7887 = CARTESIAN_POINT('',(-10.26399520656,-15.77955639688,10.));
#7888 = CARTESIAN_POINT('',(-10.25269384855,-15.76377271103,10.));
#7889 = CARTESIAN_POINT('',(-10.24786413345,-15.75662516605,10.));
#7890 = CARTESIAN_POINT('',(-10.24666933426,-15.75482961437,10.));
#7891 = ORIENTED_EDGE('',*,*,#7892,.F.);
#7892 = EDGE_CURVE('',#7893,#7866,#7895,.T.);
#7893 = VERTEX_POINT('',#7894);
#7894 = CARTESIAN_POINT('',(-10.24666933426,-15.75482961437,0.));
#7895 = LINE('',#7896,#7897);
#7896 = CARTESIAN_POINT('',(-10.24666933426,-15.75482961437,0.));
#7897 = VECTOR('',#7898,1.);
#7898 = DIRECTION('',(0.,0.,1.));
#7899 = ORIENTED_EDGE('',*,*,#7900,.F.);
#7900 = EDGE_CURVE('',#7843,#7893,#7901,.T.);
#7901 = B_SPLINE_CURVE_WITH_KNOTS('',3,(#7902,#7903,#7904,#7905,#7906,
    #7907,#7908,#7909,#7910,#7911,#7912,#7913,#7914,#7915,#7916,#7917,
    #7918,#7919,#7920,#7921,#7922,#7923),.UNSPECIFIED.,.F.,.F.,(4,1,1,1,
    1,1,1,1,1,1,1,1,1,1,1,1,1,1,1,4),(0.,0.239379417168,0.465819406568,
    0.67931996821,0.879881102108,1.067502808279,1.242185086743,
    1.403927937526,1.55273136066,1.688595356185,1.811519924156,
    1.921505064645,2.018550777754,2.102657063634,2.173823922514,
    2.232051354779,2.277339361144,2.309687943179,2.329097105599,
    2.335566881401),.UNSPECIFIED.);
#7902 = CARTESIAN_POINT('',(-12.07677516096,-17.17997385654,0.));
#7903 = CARTESIAN_POINT('',(-12.00658494762,-17.14202338634,0.));
#7904 = CARTESIAN_POINT('',(-11.87092556157,-17.06643953002,0.));
#7905 = CARTESIAN_POINT('',(-11.67605868247,-16.9510569552,0.));
#7906 = CARTESIAN_POINT('',(-11.49523903687,-16.83749057059,0.));
#7907 = CARTESIAN_POINT('',(-11.32823351846,-16.72639098659,0.));
#7908 = CARTESIAN_POINT('',(-11.17477982966,-16.61840050983,0.));
#7909 = CARTESIAN_POINT('',(-11.03459279832,-16.51414848563,0.));
#7910 = CARTESIAN_POINT('',(-10.90736340916,-16.41425141619,0.));
#7911 = CARTESIAN_POINT('',(-10.79275964177,-16.31931193584,0.));
#7912 = CARTESIAN_POINT('',(-10.69042691401,-16.22991807676,0.));
#7913 = CARTESIAN_POINT('',(-10.5999886161,-16.14664250985,0.));
#7914 = CARTESIAN_POINT('',(-10.52104677086,-16.0700417381,0.));
#7915 = CARTESIAN_POINT('',(-10.45318232764,-16.00065556214,0.));
#7916 = CARTESIAN_POINT('',(-10.39595671615,-15.93900576496,0.));
#7917 = CARTESIAN_POINT('',(-10.34890970097,-15.88559722715,0.));
#7918 = CARTESIAN_POINT('',(-10.31156817878,-15.84091199298,0.));
#7919 = CARTESIAN_POINT('',(-10.28342469004,-15.80542297997,0.));
#7920 = CARTESIAN_POINT('',(-10.26399520656,-15.77955639688,0.));
#7921 = CARTESIAN_POINT('',(-10.25269384855,-15.76377271103,0.));
#7922 = CARTESIAN_POINT('',(-10.24786413345,-15.75662516605,0.));
#7923 = CARTESIAN_POINT('',(-10.24666933426,-15.75482961437,0.));
#7924 = SURFACE_OF_LINEAR_EXTRUSION('',#7925,#7948);
#7925 = B_SPLINE_CURVE_WITH_KNOTS('',3,(#7926,#7927,#7928,#7929,#7930,
    #7931,#7932,#7933,#7934,#7935,#7936,#7937,#7938,#7939,#7940,#7941,
    #7942,#7943,#7944,#7945,#7946,#7947),.UNSPECIFIED.,.F.,.F.,(4,1,1,1,
    1,1,1,1,1,1,1,1,1,1,1,1,1,1,1,4),(0.,0.239379417168,0.465819406568,
    0.67931996821,0.879881102108,1.067502808279,1.242185086743,
    1.403927937526,1.55273136066,1.688595356185,1.811519924156,
    1.921505064645,2.018550777754,2.102657063634,2.173823922514,
    2.232051354779,2.277339361144,2.309687943179,2.329097105599,
    2.335566881401),.UNSPECIFIED.);
#7926 = CARTESIAN_POINT('',(-12.07677516096,-17.17997385654,0.));
#7927 = CARTESIAN_POINT('',(-12.00658494762,-17.14202338634,0.));
#7928 = CARTESIAN_POINT('',(-11.87092556157,-17.06643953002,0.));
#7929 = CARTESIAN_POINT('',(-11.67605868247,-16.9510569552,0.));
#7930 = CARTESIAN_POINT('',(-11.49523903687,-16.83749057059,0.));
#7931 = CARTESIAN_POINT('',(-11.32823351846,-16.72639098659,0.));
#7932 = CARTESIAN_POINT('',(-11.17477982966,-16.61840050983,0.));
#7933 = CARTESIAN_POINT('',(-11.03459279832,-16.51414848563,0.));
#7934 = CARTESIAN_POINT('',(-10.90736340916,-16.41425141619,0.));
#7935 = CARTESIAN_POINT('',(-10.79275964177,-16.31931193584,0.));
#7936 = CARTESIAN_POINT('',(-10.69042691401,-16.22991807676,0.));
#7937 = CARTESIAN_POINT('',(-10.5999886161,-16.14664250985,0.));
#7938 = CARTESIAN_POINT('',(-10.52104677086,-16.0700417381,0.));
#7939 = CARTESIAN_POINT('',(-10.45318232764,-16.00065556214,0.));
#7940 = CARTESIAN_POINT('',(-10.39595671615,-15.93900576496,0.));
#7941 = CARTESIAN_POINT('',(-10.34890970097,-15.88559722715,0.));
#7942 = CARTESIAN_POINT('',(-10.31156817878,-15.84091199298,0.));
#7943 = CARTESIAN_POINT('',(-10.28342469004,-15.80542297997,0.));
#7944 = CARTESIAN_POINT('',(-10.26399520656,-15.77955639688,0.));
#7945 = CARTESIAN_POINT('',(-10.25269384855,-15.76377271103,0.));
#7946 = CARTESIAN_POINT('',(-10.24786413345,-15.75662516605,0.));
#7947 = CARTESIAN_POINT('',(-10.24666933426,-15.75482961437,0.));
#7948 = VECTOR('',#7949,1.);
#7949 = DIRECTION('',(-0.,-0.,-1.));
#7950 = ADVANCED_FACE('',(#7951),#7974,.F.);
#7951 = FACE_BOUND('',#7952,.F.);
#7952 = EDGE_LOOP('',(#7953,#7954,#7961,#7969));
#7953 = ORIENTED_EDGE('',*,*,#7892,.T.);
#7954 = ORIENTED_EDGE('',*,*,#7955,.T.);
#7955 = EDGE_CURVE('',#7866,#7956,#7958,.T.);
#7956 = VERTEX_POINT('',#7957);
#7957 = CARTESIAN_POINT('',(-10.22276038822,-15.71806826696,10.));
#7958 = B_SPLINE_CURVE_WITH_KNOTS('',1,(#7959,#7960),.UNSPECIFIED.,.F.,
  .F.,(2,2),(0.,4.385241571817E-02),.PIECEWISE_BEZIER_KNOTS.);
#7959 = CARTESIAN_POINT('',(-10.24666933426,-15.75482961437,10.));
#7960 = CARTESIAN_POINT('',(-10.22276038822,-15.71806826696,10.));
#7961 = ORIENTED_EDGE('',*,*,#7962,.F.);
#7962 = EDGE_CURVE('',#7963,#7956,#7965,.T.);
#7963 = VERTEX_POINT('',#7964);
#7964 = CARTESIAN_POINT('',(-10.22276038822,-15.71806826696,0.));
#7965 = LINE('',#7966,#7967);
#7966 = CARTESIAN_POINT('',(-10.22276038822,-15.71806826696,0.));
#7967 = VECTOR('',#7968,1.);
#7968 = DIRECTION('',(0.,0.,1.));
#7969 = ORIENTED_EDGE('',*,*,#7970,.F.);
#7970 = EDGE_CURVE('',#7893,#7963,#7971,.T.);
#7971 = B_SPLINE_CURVE_WITH_KNOTS('',1,(#7972,#7973),.UNSPECIFIED.,.F.,
  .F.,(2,2),(0.,4.385241571817E-02),.PIECEWISE_BEZIER_KNOTS.);
#7972 = CARTESIAN_POINT('',(-10.24666933426,-15.75482961437,0.));
#7973 = CARTESIAN_POINT('',(-10.22276038822,-15.71806826696,0.));
#7974 = SURFACE_OF_LINEAR_EXTRUSION('',#7975,#7978);
#7975 = B_SPLINE_CURVE_WITH_KNOTS('',1,(#7976,#7977),.UNSPECIFIED.,.F.,
  .F.,(2,2),(0.,4.385241571817E-02),.PIECEWISE_BEZIER_KNOTS.);
#7976 = CARTESIAN_POINT('',(-10.24666933426,-15.75482961437,0.));
#7977 = CARTESIAN_POINT('',(-10.22276038822,-15.71806826696,0.));
#7978 = VECTOR('',#7979,1.);
#7979 = DIRECTION('',(-0.,-0.,-1.));
#7980 = ADVANCED_FACE('',(#7981),#8004,.F.);
#7981 = FACE_BOUND('',#7982,.F.);
#7982 = EDGE_LOOP('',(#7983,#7984,#7991,#7999));
#7983 = ORIENTED_EDGE('',*,*,#7962,.T.);
#7984 = ORIENTED_EDGE('',*,*,#7985,.T.);
#7985 = EDGE_CURVE('',#7956,#7986,#7988,.T.);
#7986 = VERTEX_POINT('',#7987);
#7987 = CARTESIAN_POINT('',(-9.363865276136,-16.24439986858,10.));
#7988 = B_SPLINE_CURVE_WITH_KNOTS('',1,(#7989,#7990),.UNSPECIFIED.,.F.,
  .F.,(2,2),(0.,1.007335975944),.PIECEWISE_BEZIER_KNOTS.);
#7989 = CARTESIAN_POINT('',(-10.22276038822,-15.71806826696,10.));
#7990 = CARTESIAN_POINT('',(-9.363865276136,-16.24439986858,10.));
#7991 = ORIENTED_EDGE('',*,*,#7992,.F.);
#7992 = EDGE_CURVE('',#7993,#7986,#7995,.T.);
#7993 = VERTEX_POINT('',#7994);
#7994 = CARTESIAN_POINT('',(-9.363865276136,-16.24439986858,0.));
#7995 = LINE('',#7996,#7997);
#7996 = CARTESIAN_POINT('',(-9.363865276136,-16.24439986858,0.));
#7997 = VECTOR('',#7998,1.);
#7998 = DIRECTION('',(0.,0.,1.));
#7999 = ORIENTED_EDGE('',*,*,#8000,.F.);
#8000 = EDGE_CURVE('',#7963,#7993,#8001,.T.);
#8001 = B_SPLINE_CURVE_WITH_KNOTS('',1,(#8002,#8003),.UNSPECIFIED.,.F.,
  .F.,(2,2),(0.,1.007335975944),.PIECEWISE_BEZIER_KNOTS.);
#8002 = CARTESIAN_POINT('',(-10.22276038822,-15.71806826696,0.));
#8003 = CARTESIAN_POINT('',(-9.363865276136,-16.24439986858,0.));
#8004 = SURFACE_OF_LINEAR_EXTRUSION('',#8005,#8008);
#8005 = B_SPLINE_CURVE_WITH_KNOTS('',1,(#8006,#8007),.UNSPECIFIED.,.F.,
  .F.,(2,2),(0.,1.007335975944),.PIECEWISE_BEZIER_KNOTS.);
#8006 = CARTESIAN_POINT('',(-10.22276038822,-15.71806826696,0.));
#8007 = CARTESIAN_POINT('',(-9.363865276136,-16.24439986858,0.));
#8008 = VECTOR('',#8009,1.);
#8009 = DIRECTION('',(-0.,-0.,-1.));
#8010 = ADVANCED_FACE('',(#8011),#8034,.F.);
#8011 = FACE_BOUND('',#8012,.F.);
#8012 = EDGE_LOOP('',(#8013,#8014,#8021,#8029));
#8013 = ORIENTED_EDGE('',*,*,#7992,.T.);
#8014 = ORIENTED_EDGE('',*,*,#8015,.T.);
#8015 = EDGE_CURVE('',#7986,#8016,#8018,.T.);
#8016 = VERTEX_POINT('',#8017);
#8017 = CARTESIAN_POINT('',(-9.385765442153,-16.28239219797,10.));
#8018 = B_SPLINE_CURVE_WITH_KNOTS('',1,(#8019,#8020),.UNSPECIFIED.,.F.,
  .F.,(2,2),(0.,4.385241571817E-02),.PIECEWISE_BEZIER_KNOTS.);
#8019 = CARTESIAN_POINT('',(-9.363865276136,-16.24439986858,10.));
#8020 = CARTESIAN_POINT('',(-9.385765442153,-16.28239219797,10.));
#8021 = ORIENTED_EDGE('',*,*,#8022,.F.);
#8022 = EDGE_CURVE('',#8023,#8016,#8025,.T.);
#8023 = VERTEX_POINT('',#8024);
#8024 = CARTESIAN_POINT('',(-9.385765442153,-16.28239219797,0.));
#8025 = LINE('',#8026,#8027);
#8026 = CARTESIAN_POINT('',(-9.385765442153,-16.28239219797,0.));
#8027 = VECTOR('',#8028,1.);
#8028 = DIRECTION('',(0.,0.,1.));
#8029 = ORIENTED_EDGE('',*,*,#8030,.F.);
#8030 = EDGE_CURVE('',#7993,#8023,#8031,.T.);
#8031 = B_SPLINE_CURVE_WITH_KNOTS('',1,(#8032,#8033),.UNSPECIFIED.,.F.,
  .F.,(2,2),(0.,4.385241571817E-02),.PIECEWISE_BEZIER_KNOTS.);
#8032 = CARTESIAN_POINT('',(-9.363865276136,-16.24439986858,0.));
#8033 = CARTESIAN_POINT('',(-9.385765442153,-16.28239219797,0.));
#8034 = SURFACE_OF_LINEAR_EXTRUSION('',#8035,#8038);
#8035 = B_SPLINE_CURVE_WITH_KNOTS('',1,(#8036,#8037),.UNSPECIFIED.,.F.,
  .F.,(2,2),(0.,4.385241571817E-02),.PIECEWISE_BEZIER_KNOTS.);
#8036 = CARTESIAN_POINT('',(-9.363865276136,-16.24439986858,0.));
#8037 = CARTESIAN_POINT('',(-9.385765442153,-16.28239219797,0.));
#8038 = VECTOR('',#8039,1.);
#8039 = DIRECTION('',(-0.,-0.,-1.));
#8040 = ADVANCED_FACE('',(#8041),#8104,.F.);
#8041 = FACE_BOUND('',#8042,.F.);
#8042 = EDGE_LOOP('',(#8043,#8044,#8071,#8079));
#8043 = ORIENTED_EDGE('',*,*,#8022,.T.);
#8044 = ORIENTED_EDGE('',*,*,#8045,.T.);
#8045 = EDGE_CURVE('',#8016,#8046,#8048,.T.);
#8046 = VERTEX_POINT('',#8047);
#8047 = CARTESIAN_POINT('',(-9.824727601,-18.56003037621,10.));
#8048 = B_SPLINE_CURVE_WITH_KNOTS('',3,(#8049,#8050,#8051,#8052,#8053,
    #8054,#8055,#8056,#8057,#8058,#8059,#8060,#8061,#8062,#8063,#8064,
    #8065,#8066,#8067,#8068,#8069,#8070),.UNSPECIFIED.,.F.,.F.,(4,1,1,1,
    1,1,1,1,1,1,1,1,1,1,1,1,1,1,1,4),(0.,6.469775801205E-03,
    2.587893822125E-02,5.822752025674E-02,0.103515526622,0.161742958887,
    0.232909817767,0.317016103646,0.414061816756,0.524046957245,
    0.646971525216,0.782835520741,0.931638943874,1.093381794658,
    1.268064073122,1.455685779293,1.656246913191,1.869747474833,
    2.096187464232,2.335566881401),.UNSPECIFIED.);
#8049 = CARTESIAN_POINT('',(-9.385765442153,-16.28239219797,10.));
#8050 = CARTESIAN_POINT('',(-9.386822862931,-16.28427193525,10.));
#8051 = CARTESIAN_POINT('',(-9.390998727372,-16.29182016043,10.));
#8052 = CARTESIAN_POINT('',(-9.399931385269,-16.30905538758,10.));
#8053 = CARTESIAN_POINT('',(-9.414157878648,-16.3381103671,10.));
#8054 = CARTESIAN_POINT('',(-9.433001944258,-16.37929807393,10.));
#8055 = CARTESIAN_POINT('',(-9.455864083116,-16.43285628562,10.));
#8056 = CARTESIAN_POINT('',(-9.482092540825,-16.49902245185,10.));
#8057 = CARTESIAN_POINT('',(-9.511043028367,-16.57799926728,10.));
#8058 = CARTESIAN_POINT('',(-9.542056751345,-16.66996759365,10.));
#8059 = CARTESIAN_POINT('',(-9.574469690958,-16.77508131543,10.));
#8060 = CARTESIAN_POINT('',(-9.607610636321,-16.89346874515,10.));
#8061 = CARTESIAN_POINT('',(-9.640803061761,-17.02523183597,10.));
#8062 = CARTESIAN_POINT('',(-9.673365736529,-17.17044616255,10.));
#8063 = CARTESIAN_POINT('',(-9.704613743181,-17.32916069883,10.));
#8064 = CARTESIAN_POINT('',(-9.733859396489,-17.50139768693,10.));
#8065 = CARTESIAN_POINT('',(-9.760413098966,-17.68715257532,10.));
#8066 = CARTESIAN_POINT('',(-9.783584634385,-17.88639373746,10.));
#8067 = CARTESIAN_POINT('',(-9.802682622732,-18.0990632811,10.));
#8068 = CARTESIAN_POINT('',(-9.817021537845,-18.32507353452,10.));
#8069 = CARTESIAN_POINT('',(-9.822779174484,-18.48026128526,10.));
#8070 = CARTESIAN_POINT('',(-9.824727601,-18.56003037621,10.));
#8071 = ORIENTED_EDGE('',*,*,#8072,.F.);
#8072 = EDGE_CURVE('',#8073,#8046,#8075,.T.);
#8073 = VERTEX_POINT('',#8074);
#8074 = CARTESIAN_POINT('',(-9.824727601,-18.56003037621,0.));
#8075 = LINE('',#8076,#8077);
#8076 = CARTESIAN_POINT('',(-9.824727601,-18.56003037621,0.));
#8077 = VECTOR('',#8078,1.);
#8078 = DIRECTION('',(0.,0.,1.));
#8079 = ORIENTED_EDGE('',*,*,#8080,.F.);
#8080 = EDGE_CURVE('',#8023,#8073,#8081,.T.);
#8081 = B_SPLINE_CURVE_WITH_KNOTS('',3,(#8082,#8083,#8084,#8085,#8086,
    #8087,#8088,#8089,#8090,#8091,#8092,#8093,#8094,#8095,#8096,#8097,
    #8098,#8099,#8100,#8101,#8102,#8103),.UNSPECIFIED.,.F.,.F.,(4,1,1,1,
    1,1,1,1,1,1,1,1,1,1,1,1,1,1,1,4),(0.,6.469775801205E-03,
    2.587893822125E-02,5.822752025674E-02,0.103515526622,0.161742958887,
    0.232909817767,0.317016103646,0.414061816756,0.524046957245,
    0.646971525216,0.782835520741,0.931638943874,1.093381794658,
    1.268064073122,1.455685779293,1.656246913191,1.869747474833,
    2.096187464232,2.335566881401),.UNSPECIFIED.);
#8082 = CARTESIAN_POINT('',(-9.385765442153,-16.28239219797,0.));
#8083 = CARTESIAN_POINT('',(-9.386822862931,-16.28427193525,0.));
#8084 = CARTESIAN_POINT('',(-9.390998727372,-16.29182016043,0.));
#8085 = CARTESIAN_POINT('',(-9.399931385269,-16.30905538758,0.));
#8086 = CARTESIAN_POINT('',(-9.414157878648,-16.3381103671,0.));
#8087 = CARTESIAN_POINT('',(-9.433001944258,-16.37929807393,0.));
#8088 = CARTESIAN_POINT('',(-9.455864083116,-16.43285628562,0.));
#8089 = CARTESIAN_POINT('',(-9.482092540825,-16.49902245185,0.));
#8090 = CARTESIAN_POINT('',(-9.511043028367,-16.57799926728,0.));
#8091 = CARTESIAN_POINT('',(-9.542056751345,-16.66996759365,0.));
#8092 = CARTESIAN_POINT('',(-9.574469690958,-16.77508131543,0.));
#8093 = CARTESIAN_POINT('',(-9.607610636321,-16.89346874515,0.));
#8094 = CARTESIAN_POINT('',(-9.640803061761,-17.02523183597,0.));
#8095 = CARTESIAN_POINT('',(-9.673365736529,-17.17044616255,0.));
#8096 = CARTESIAN_POINT('',(-9.704613743181,-17.32916069883,0.));
#8097 = CARTESIAN_POINT('',(-9.733859396489,-17.50139768693,0.));
#8098 = CARTESIAN_POINT('',(-9.760413098966,-17.68715257532,0.));
#8099 = CARTESIAN_POINT('',(-9.783584634385,-17.88639373746,0.));
#8100 = CARTESIAN_POINT('',(-9.802682622732,-18.0990632811,0.));
#8101 = CARTESIAN_POINT('',(-9.817021537845,-18.32507353452,0.));
#8102 = CARTESIAN_POINT('',(-9.822779174484,-18.48026128526,0.));
#8103 = CARTESIAN_POINT('',(-9.824727601,-18.56003037621,0.));
#8104 = SURFACE_OF_LINEAR_EXTRUSION('',#8105,#8128);
#8105 = B_SPLINE_CURVE_WITH_KNOTS('',3,(#8106,#8107,#8108,#8109,#8110,
    #8111,#8112,#8113,#8114,#8115,#8116,#8117,#8118,#8119,#8120,#8121,
    #8122,#8123,#8124,#8125,#8126,#8127),.UNSPECIFIED.,.F.,.F.,(4,1,1,1,
    1,1,1,1,1,1,1,1,1,1,1,1,1,1,1,4),(0.,6.469775801205E-03,
    2.587893822125E-02,5.822752025674E-02,0.103515526622,0.161742958887,
    0.232909817767,0.317016103646,0.414061816756,0.524046957245,
    0.646971525216,0.782835520741,0.931638943874,1.093381794658,
    1.268064073122,1.455685779293,1.656246913191,1.869747474833,
    2.096187464232,2.335566881401),.UNSPECIFIED.);
#8106 = CARTESIAN_POINT('',(-9.385765442153,-16.28239219797,0.));
#8107 = CARTESIAN_POINT('',(-9.386822862931,-16.28427193525,0.));
#8108 = CARTESIAN_POINT('',(-9.390998727372,-16.29182016043,0.));
#8109 = CARTESIAN_POINT('',(-9.399931385269,-16.30905538758,0.));
#8110 = CARTESIAN_POINT('',(-9.414157878648,-16.3381103671,0.));
#8111 = CARTESIAN_POINT('',(-9.433001944258,-16.37929807393,0.));
#8112 = CARTESIAN_POINT('',(-9.455864083116,-16.43285628562,0.));
#8113 = CARTESIAN_POINT('',(-9.482092540825,-16.49902245185,0.));
#8114 = CARTESIAN_POINT('',(-9.511043028367,-16.57799926728,0.));
#8115 = CARTESIAN_POINT('',(-9.542056751345,-16.66996759365,0.));
#8116 = CARTESIAN_POINT('',(-9.574469690958,-16.77508131543,0.));
#8117 = CARTESIAN_POINT('',(-9.607610636321,-16.89346874515,0.));
#8118 = CARTESIAN_POINT('',(-9.640803061761,-17.02523183597,0.));
#8119 = CARTESIAN_POINT('',(-9.673365736529,-17.17044616255,0.));
#8120 = CARTESIAN_POINT('',(-9.704613743181,-17.32916069883,0.));
#8121 = CARTESIAN_POINT('',(-9.733859396489,-17.50139768693,0.));
#8122 = CARTESIAN_POINT('',(-9.760413098966,-17.68715257532,0.));
#8123 = CARTESIAN_POINT('',(-9.783584634385,-17.88639373746,0.));
#8124 = CARTESIAN_POINT('',(-9.802682622732,-18.0990632811,0.));
#8125 = CARTESIAN_POINT('',(-9.817021537845,-18.32507353452,0.));
#8126 = CARTESIAN_POINT('',(-9.822779174484,-18.48026128526,0.));
#8127 = CARTESIAN_POINT('',(-9.824727601,-18.56003037621,0.));
#8128 = VECTOR('',#8129,1.);
#8129 = DIRECTION('',(-0.,-0.,-1.));
#8130 = ADVANCED_FACE('',(#8131),#8154,.F.);
#8131 = FACE_BOUND('',#8132,.F.);
#8132 = EDGE_LOOP('',(#8133,#8134,#8141,#8149));
#8133 = ORIENTED_EDGE('',*,*,#8072,.T.);
#8134 = ORIENTED_EDGE('',*,*,#8135,.T.);
#8135 = EDGE_CURVE('',#8046,#8136,#8138,.T.);
#8136 = VERTEX_POINT('',#8137);
#8137 = CARTESIAN_POINT('',(-9.240549998817,-18.85768373155,10.));
#8138 = B_SPLINE_CURVE_WITH_KNOTS('',1,(#8139,#8140),.UNSPECIFIED.,.F.,
  .F.,(2,2),(0.,0.655637850368),.PIECEWISE_BEZIER_KNOTS.);
#8139 = CARTESIAN_POINT('',(-9.824727601,-18.56003037621,10.));
#8140 = CARTESIAN_POINT('',(-9.240549998817,-18.85768373155,10.));
#8141 = ORIENTED_EDGE('',*,*,#8142,.F.);
#8142 = EDGE_CURVE('',#8143,#8136,#8145,.T.);
#8143 = VERTEX_POINT('',#8144);
#8144 = CARTESIAN_POINT('',(-9.240549998817,-18.85768373155,0.));
#8145 = LINE('',#8146,#8147);
#8146 = CARTESIAN_POINT('',(-9.240549998817,-18.85768373155,0.));
#8147 = VECTOR('',#8148,1.);
#8148 = DIRECTION('',(0.,0.,1.));
#8149 = ORIENTED_EDGE('',*,*,#8150,.F.);
#8150 = EDGE_CURVE('',#8073,#8143,#8151,.T.);
#8151 = B_SPLINE_CURVE_WITH_KNOTS('',1,(#8152,#8153),.UNSPECIFIED.,.F.,
  .F.,(2,2),(0.,0.655637850368),.PIECEWISE_BEZIER_KNOTS.);
#8152 = CARTESIAN_POINT('',(-9.824727601,-18.56003037621,0.));
#8153 = CARTESIAN_POINT('',(-9.240549998817,-18.85768373155,0.));
#8154 = SURFACE_OF_LINEAR_EXTRUSION('',#8155,#8158);
#8155 = B_SPLINE_CURVE_WITH_KNOTS('',1,(#8156,#8157),.UNSPECIFIED.,.F.,
  .F.,(2,2),(0.,0.655637850368),.PIECEWISE_BEZIER_KNOTS.);
#8156 = CARTESIAN_POINT('',(-9.824727601,-18.56003037621,0.));
#8157 = CARTESIAN_POINT('',(-9.240549998817,-18.85768373155,0.));
#8158 = VECTOR('',#8159,1.);
#8159 = DIRECTION('',(-0.,-0.,-1.));
#8160 = ADVANCED_FACE('',(#8161),#8224,.F.);
#8161 = FACE_BOUND('',#8162,.F.);
#8162 = EDGE_LOOP('',(#8163,#8164,#8191,#8199));
#8163 = ORIENTED_EDGE('',*,*,#8142,.T.);
#8164 = ORIENTED_EDGE('',*,*,#8165,.T.);
#8165 = EDGE_CURVE('',#8136,#8166,#8168,.T.);
#8166 = VERTEX_POINT('',#8167);
#8167 = CARTESIAN_POINT('',(-7.655917488866,-17.16379375393,10.));
#8168 = B_SPLINE_CURVE_WITH_KNOTS('',3,(#8169,#8170,#8171,#8172,#8173,
    #8174,#8175,#8176,#8177,#8178,#8179,#8180,#8181,#8182,#8183,#8184,
    #8185,#8186,#8187,#8188,#8189,#8190),.UNSPECIFIED.,.F.,.F.,(4,1,1,1,
    1,1,1,1,1,1,1,1,1,1,1,1,1,1,1,4),(0.,0.239379417168,0.465819406568,
    0.67931996821,0.879881102108,1.067502808279,1.242185086743,
    1.403927937526,1.55273136066,1.688595356185,1.811519924156,
    1.921505064645,2.018550777754,2.102657063634,2.173823922514,
    2.232051354779,2.277339361144,2.309687943179,2.329097105599,
    2.335566881401),.UNSPECIFIED.);
#8169 = CARTESIAN_POINT('',(-9.240549998817,-18.85768373155,10.));
#8170 = CARTESIAN_POINT('',(-9.177160704985,-18.80922032614,10.));
#8171 = CARTESIAN_POINT('',(-9.054995431219,-18.71334522903,10.));
#8172 = CARTESIAN_POINT('',(-8.880577498132,-18.56889930919,10.));
#8173 = CARTESIAN_POINT('',(-8.719749739046,-18.4284446907,10.));
#8174 = CARTESIAN_POINT('',(-8.572180139688,-18.292587508,10.));
#8175 = CARTESIAN_POINT('',(-8.437509152896,-18.16192112749,10.));
#8176 = CARTESIAN_POINT('',(-8.315356666174,-18.03702253545,10.));
#8177 = CARTESIAN_POINT('',(-8.205321026542,-17.91845230328,10.));
#8178 = CARTESIAN_POINT('',(-8.106980028517,-17.80675370643,10.));
#8179 = CARTESIAN_POINT('',(-8.019891466973,-17.70245206858,10.));
#8180 = CARTESIAN_POINT('',(-7.943593783344,-17.60605409533,10.));
#8181 = CARTESIAN_POINT('',(-7.877606843968,-17.51804718087,10.));
#8182 = CARTESIAN_POINT('',(-7.821432313977,-17.438898926,10.));
#8183 = CARTESIAN_POINT('',(-7.774555397758,-17.3690560822,10.));
#8184 = CARTESIAN_POINT('',(-7.73644254545,-17.30894531747,10.));
#8185 = CARTESIAN_POINT('',(-7.706551070066,-17.25896873163,10.));
#8186 = CARTESIAN_POINT('',(-7.684305779138,-17.21951403566,10.));
#8187 = CARTESIAN_POINT('',(-7.669161929933,-17.19092647228,10.));
#8188 = CARTESIAN_POINT('',(-7.660468822843,-17.1735691879,10.));
#8189 = CARTESIAN_POINT('',(-7.656816691927,-17.16575410715,10.));
#8190 = CARTESIAN_POINT('',(-7.655917488866,-17.16379375393,10.));
#8191 = ORIENTED_EDGE('',*,*,#8192,.F.);
#8192 = EDGE_CURVE('',#8193,#8166,#8195,.T.);
#8193 = VERTEX_POINT('',#8194);
#8194 = CARTESIAN_POINT('',(-7.655917488866,-17.16379375393,0.));
#8195 = LINE('',#8196,#8197);
#8196 = CARTESIAN_POINT('',(-7.655917488866,-17.16379375393,0.));
#8197 = VECTOR('',#8198,1.);
#8198 = DIRECTION('',(0.,0.,1.));
#8199 = ORIENTED_EDGE('',*,*,#8200,.F.);
#8200 = EDGE_CURVE('',#8143,#8193,#8201,.T.);
#8201 = B_SPLINE_CURVE_WITH_KNOTS('',3,(#8202,#8203,#8204,#8205,#8206,
    #8207,#8208,#8209,#8210,#8211,#8212,#8213,#8214,#8215,#8216,#8217,
    #8218,#8219,#8220,#8221,#8222,#8223),.UNSPECIFIED.,.F.,.F.,(4,1,1,1,
    1,1,1,1,1,1,1,1,1,1,1,1,1,1,1,4),(0.,0.239379417168,0.465819406568,
    0.67931996821,0.879881102108,1.067502808279,1.242185086743,
    1.403927937526,1.55273136066,1.688595356185,1.811519924156,
    1.921505064645,2.018550777754,2.102657063634,2.173823922514,
    2.232051354779,2.277339361144,2.309687943179,2.329097105599,
    2.335566881401),.UNSPECIFIED.);
#8202 = CARTESIAN_POINT('',(-9.240549998817,-18.85768373155,0.));
#8203 = CARTESIAN_POINT('',(-9.177160704985,-18.80922032614,0.));
#8204 = CARTESIAN_POINT('',(-9.054995431219,-18.71334522903,0.));
#8205 = CARTESIAN_POINT('',(-8.880577498132,-18.56889930919,0.));
#8206 = CARTESIAN_POINT('',(-8.719749739046,-18.4284446907,0.));
#8207 = CARTESIAN_POINT('',(-8.572180139688,-18.292587508,0.));
#8208 = CARTESIAN_POINT('',(-8.437509152896,-18.16192112749,0.));
#8209 = CARTESIAN_POINT('',(-8.315356666174,-18.03702253545,0.));
#8210 = CARTESIAN_POINT('',(-8.205321026542,-17.91845230328,0.));
#8211 = CARTESIAN_POINT('',(-8.106980028517,-17.80675370643,0.));
#8212 = CARTESIAN_POINT('',(-8.019891466973,-17.70245206858,0.));
#8213 = CARTESIAN_POINT('',(-7.943593783344,-17.60605409533,0.));
#8214 = CARTESIAN_POINT('',(-7.877606843968,-17.51804718087,0.));
#8215 = CARTESIAN_POINT('',(-7.821432313977,-17.438898926,0.));
#8216 = CARTESIAN_POINT('',(-7.774555397758,-17.3690560822,0.));
#8217 = CARTESIAN_POINT('',(-7.73644254545,-17.30894531747,0.));
#8218 = CARTESIAN_POINT('',(-7.706551070066,-17.25896873163,0.));
#8219 = CARTESIAN_POINT('',(-7.684305779138,-17.21951403566,0.));
#8220 = CARTESIAN_POINT('',(-7.669161929933,-17.19092647228,0.));
#8221 = CARTESIAN_POINT('',(-7.660468822843,-17.1735691879,0.));
#8222 = CARTESIAN_POINT('',(-7.656816691927,-17.16575410715,0.));
#8223 = CARTESIAN_POINT('',(-7.655917488866,-17.16379375393,0.));
#8224 = SURFACE_OF_LINEAR_EXTRUSION('',#8225,#8248);
#8225 = B_SPLINE_CURVE_WITH_KNOTS('',3,(#8226,#8227,#8228,#8229,#8230,
    #8231,#8232,#8233,#8234,#8235,#8236,#8237,#8238,#8239,#8240,#8241,
    #8242,#8243,#8244,#8245,#8246,#8247),.UNSPECIFIED.,.F.,.F.,(4,1,1,1,
    1,1,1,1,1,1,1,1,1,1,1,1,1,1,1,4),(0.,0.239379417168,0.465819406568,
    0.67931996821,0.879881102108,1.067502808279,1.242185086743,
    1.403927937526,1.55273136066,1.688595356185,1.811519924156,
    1.921505064645,2.018550777754,2.102657063634,2.173823922514,
    2.232051354779,2.277339361144,2.309687943179,2.329097105599,
    2.335566881401),.UNSPECIFIED.);
#8226 = CARTESIAN_POINT('',(-9.240549998817,-18.85768373155,0.));
#8227 = CARTESIAN_POINT('',(-9.177160704985,-18.80922032614,0.));
#8228 = CARTESIAN_POINT('',(-9.054995431219,-18.71334522903,0.));
#8229 = CARTESIAN_POINT('',(-8.880577498132,-18.56889930919,0.));
#8230 = CARTESIAN_POINT('',(-8.719749739046,-18.4284446907,0.));
#8231 = CARTESIAN_POINT('',(-8.572180139688,-18.292587508,0.));
#8232 = CARTESIAN_POINT('',(-8.437509152896,-18.16192112749,0.));
#8233 = CARTESIAN_POINT('',(-8.315356666174,-18.03702253545,0.));
#8234 = CARTESIAN_POINT('',(-8.205321026542,-17.91845230328,0.));
#8235 = CARTESIAN_POINT('',(-8.106980028517,-17.80675370643,0.));
#8236 = CARTESIAN_POINT('',(-8.019891466973,-17.70245206858,0.));
#8237 = CARTESIAN_POINT('',(-7.943593783344,-17.60605409533,0.));
#8238 = CARTESIAN_POINT('',(-7.877606843968,-17.51804718087,0.));
#8239 = CARTESIAN_POINT('',(-7.821432313977,-17.438898926,0.));
#8240 = CARTESIAN_POINT('',(-7.774555397758,-17.3690560822,0.));
#8241 = CARTESIAN_POINT('',(-7.73644254545,-17.30894531747,0.));
#8242 = CARTESIAN_POINT('',(-7.706551070066,-17.25896873163,0.));
#8243 = CARTESIAN_POINT('',(-7.684305779138,-17.21951403566,0.));
#8244 = CARTESIAN_POINT('',(-7.669161929933,-17.19092647228,0.));
#8245 = CARTESIAN_POINT('',(-7.660468822843,-17.1735691879,0.));
#8246 = CARTESIAN_POINT('',(-7.656816691927,-17.16575410715,0.));
#8247 = CARTESIAN_POINT('',(-7.655917488866,-17.16379375393,0.));
#8248 = VECTOR('',#8249,1.);
#8249 = DIRECTION('',(-0.,-0.,-1.));
#8250 = ADVANCED_FACE('',(#8251),#8274,.F.);
#8251 = FACE_BOUND('',#8252,.F.);
#8252 = EDGE_LOOP('',(#8253,#8254,#8261,#8269));
#8253 = ORIENTED_EDGE('',*,*,#8192,.T.);
#8254 = ORIENTED_EDGE('',*,*,#8255,.T.);
#8255 = EDGE_CURVE('',#8166,#8256,#8258,.T.);
#8256 = VERTEX_POINT('',#8257);
#8257 = CARTESIAN_POINT('',(-7.638053643338,-17.12374481652,10.));
#8258 = B_SPLINE_CURVE_WITH_KNOTS('',1,(#8259,#8260),.UNSPECIFIED.,.F.,
  .F.,(2,2),(0.,4.385241571817E-02),.PIECEWISE_BEZIER_KNOTS.);
#8259 = CARTESIAN_POINT('',(-7.655917488866,-17.16379375393,10.));
#8260 = CARTESIAN_POINT('',(-7.638053643338,-17.12374481652,10.));
#8261 = ORIENTED_EDGE('',*,*,#8262,.F.);
#8262 = EDGE_CURVE('',#8263,#8256,#8265,.T.);
#8263 = VERTEX_POINT('',#8264);
#8264 = CARTESIAN_POINT('',(-7.638053643338,-17.12374481652,0.));
#8265 = LINE('',#8266,#8267);
#8266 = CARTESIAN_POINT('',(-7.638053643338,-17.12374481652,0.));
#8267 = VECTOR('',#8268,1.);
#8268 = DIRECTION('',(0.,0.,1.));
#8269 = ORIENTED_EDGE('',*,*,#8270,.F.);
#8270 = EDGE_CURVE('',#8193,#8263,#8271,.T.);
#8271 = B_SPLINE_CURVE_WITH_KNOTS('',1,(#8272,#8273),.UNSPECIFIED.,.F.,
  .F.,(2,2),(0.,4.385241571817E-02),.PIECEWISE_BEZIER_KNOTS.);
#8272 = CARTESIAN_POINT('',(-7.655917488866,-17.16379375393,0.));
#8273 = CARTESIAN_POINT('',(-7.638053643338,-17.12374481652,0.));
#8274 = SURFACE_OF_LINEAR_EXTRUSION('',#8275,#8278);
#8275 = B_SPLINE_CURVE_WITH_KNOTS('',1,(#8276,#8277),.UNSPECIFIED.,.F.,
  .F.,(2,2),(0.,4.385241571817E-02),.PIECEWISE_BEZIER_KNOTS.);
#8276 = CARTESIAN_POINT('',(-7.655917488866,-17.16379375393,0.));
#8277 = CARTESIAN_POINT('',(-7.638053643338,-17.12374481652,0.));
#8278 = VECTOR('',#8279,1.);
#8279 = DIRECTION('',(-0.,-0.,-1.));
#8280 = ADVANCED_FACE('',(#8281),#8304,.F.);
#8281 = FACE_BOUND('',#8282,.F.);
#8282 = EDGE_LOOP('',(#8283,#8284,#8291,#8299));
#8283 = ORIENTED_EDGE('',*,*,#8262,.T.);
#8284 = ORIENTED_EDGE('',*,*,#8285,.T.);
#8285 = EDGE_CURVE('',#8256,#8286,#8288,.T.);
#8286 = VERTEX_POINT('',#8287);
#8287 = CARTESIAN_POINT('',(-6.707396552802,-17.50923560534,10.));
#8288 = B_SPLINE_CURVE_WITH_KNOTS('',1,(#8289,#8290),.UNSPECIFIED.,.F.,
  .F.,(2,2),(0.,1.007335975944),.PIECEWISE_BEZIER_KNOTS.);
#8289 = CARTESIAN_POINT('',(-7.638053643338,-17.12374481652,10.));
#8290 = CARTESIAN_POINT('',(-6.707396552802,-17.50923560534,10.));
#8291 = ORIENTED_EDGE('',*,*,#8292,.F.);
#8292 = EDGE_CURVE('',#8293,#8286,#8295,.T.);
#8293 = VERTEX_POINT('',#8294);
#8294 = CARTESIAN_POINT('',(-6.707396552802,-17.50923560534,0.));
#8295 = LINE('',#8296,#8297);
#8296 = CARTESIAN_POINT('',(-6.707396552802,-17.50923560534,0.));
#8297 = VECTOR('',#8298,1.);
#8298 = DIRECTION('',(0.,0.,1.));
#8299 = ORIENTED_EDGE('',*,*,#8300,.F.);
#8300 = EDGE_CURVE('',#8263,#8293,#8301,.T.);
#8301 = B_SPLINE_CURVE_WITH_KNOTS('',1,(#8302,#8303),.UNSPECIFIED.,.F.,
  .F.,(2,2),(0.,1.007335975944),.PIECEWISE_BEZIER_KNOTS.);
#8302 = CARTESIAN_POINT('',(-7.638053643338,-17.12374481652,0.));
#8303 = CARTESIAN_POINT('',(-6.707396552802,-17.50923560534,0.));
#8304 = SURFACE_OF_LINEAR_EXTRUSION('',#8305,#8308);
#8305 = B_SPLINE_CURVE_WITH_KNOTS('',1,(#8306,#8307),.UNSPECIFIED.,.F.,
  .F.,(2,2),(0.,1.007335975944),.PIECEWISE_BEZIER_KNOTS.);
#8306 = CARTESIAN_POINT('',(-7.638053643338,-17.12374481652,0.));
#8307 = CARTESIAN_POINT('',(-6.707396552802,-17.50923560534,0.));
#8308 = VECTOR('',#8309,1.);
#8309 = DIRECTION('',(-0.,-0.,-1.));
#8310 = ADVANCED_FACE('',(#8311),#8334,.F.);
#8311 = FACE_BOUND('',#8312,.F.);
#8312 = EDGE_LOOP('',(#8313,#8314,#8321,#8329));
#8313 = ORIENTED_EDGE('',*,*,#8292,.T.);
#8314 = ORIENTED_EDGE('',*,*,#8315,.T.);
#8315 = EDGE_CURVE('',#8286,#8316,#8318,.T.);
#8316 = VERTEX_POINT('',#8317);
#8317 = CARTESIAN_POINT('',(-6.72308378171,-17.55018612687,10.));
#8318 = B_SPLINE_CURVE_WITH_KNOTS('',1,(#8319,#8320),.UNSPECIFIED.,.F.,
  .F.,(2,2),(0.,4.385241571817E-02),.PIECEWISE_BEZIER_KNOTS.);
#8319 = CARTESIAN_POINT('',(-6.707396552802,-17.50923560534,10.));
#8320 = CARTESIAN_POINT('',(-6.72308378171,-17.55018612687,10.));
#8321 = ORIENTED_EDGE('',*,*,#8322,.F.);
#8322 = EDGE_CURVE('',#8323,#8316,#8325,.T.);
#8323 = VERTEX_POINT('',#8324);
#8324 = CARTESIAN_POINT('',(-6.72308378171,-17.55018612687,0.));
#8325 = LINE('',#8326,#8327);
#8326 = CARTESIAN_POINT('',(-6.72308378171,-17.55018612687,0.));
#8327 = VECTOR('',#8328,1.);
#8328 = DIRECTION('',(0.,0.,1.));
#8329 = ORIENTED_EDGE('',*,*,#8330,.F.);
#8330 = EDGE_CURVE('',#8293,#8323,#8331,.T.);
#8331 = B_SPLINE_CURVE_WITH_KNOTS('',1,(#8332,#8333),.UNSPECIFIED.,.F.,
  .F.,(2,2),(0.,4.385241571817E-02),.PIECEWISE_BEZIER_KNOTS.);
#8332 = CARTESIAN_POINT('',(-6.707396552802,-17.50923560534,0.));
#8333 = CARTESIAN_POINT('',(-6.72308378171,-17.55018612687,0.));
#8334 = SURFACE_OF_LINEAR_EXTRUSION('',#8335,#8338);
#8335 = B_SPLINE_CURVE_WITH_KNOTS('',1,(#8336,#8337),.UNSPECIFIED.,.F.,
  .F.,(2,2),(0.,4.385241571817E-02),.PIECEWISE_BEZIER_KNOTS.);
#8336 = CARTESIAN_POINT('',(-6.707396552802,-17.50923560534,0.));
#8337 = CARTESIAN_POINT('',(-6.72308378171,-17.55018612687,0.));
#8338 = VECTOR('',#8339,1.);
#8339 = DIRECTION('',(-0.,-0.,-1.));
#8340 = ADVANCED_FACE('',(#8341),#8404,.F.);
#8341 = FACE_BOUND('',#8342,.F.);
#8342 = EDGE_LOOP('',(#8343,#8344,#8371,#8379));
#8343 = ORIENTED_EDGE('',*,*,#8322,.T.);
#8344 = ORIENTED_EDGE('',*,*,#8345,.T.);
#8345 = EDGE_CURVE('',#8316,#8346,#8348,.T.);
#8346 = VERTEX_POINT('',#8347);
#8347 = CARTESIAN_POINT('',(-6.800340477997,-19.86845161011,10.));
#8348 = B_SPLINE_CURVE_WITH_KNOTS('',3,(#8349,#8350,#8351,#8352,#8353,
    #8354,#8355,#8356,#8357,#8358,#8359,#8360,#8361,#8362,#8363,#8364,
    #8365,#8366,#8367,#8368,#8369,#8370),.UNSPECIFIED.,.F.,.F.,(4,1,1,1,
    1,1,1,1,1,1,1,1,1,1,1,1,1,1,1,4),(0.,6.469775801205E-03,
    2.587893822125E-02,5.822752025674E-02,0.103515526622,0.161742958887,
    0.232909817767,0.317016103646,0.414061816756,0.524046957245,
    0.646971525216,0.782835520741,0.931638943874,1.093381794658,
    1.268064073122,1.455685779293,1.656246913191,1.869747474833,
    2.096187464232,2.335566881401),.UNSPECIFIED.);
#8349 = CARTESIAN_POINT('',(-6.72308378171,-17.55018612687,10.));
#8350 = CARTESIAN_POINT('',(-6.723834128188,-17.55220813851,10.));
#8351 = CARTESIAN_POINT('',(-6.72677777824,-17.56031668164,10.));
#8352 = CARTESIAN_POINT('',(-6.732904276756,-17.5787370901,10.));
#8353 = CARTESIAN_POINT('',(-6.742410418217,-17.60965986849,10.));
#8354 = CARTESIAN_POINT('',(-6.754579305224,-17.65328834763,10.));
#8355 = CARTESIAN_POINT('',(-6.768781623022,-17.70976359531,10.));
#8356 = CARTESIAN_POINT('',(-6.784336496074,-17.779218181,10.));
#8357 = CARTESIAN_POINT('',(-6.800575859201,-17.86175151481,10.));
#8358 = CARTESIAN_POINT('',(-6.816820735849,-17.95743917363,10.));
#8359 = CARTESIAN_POINT('',(-6.832391209554,-18.06632927194,10.));
#8360 = CARTESIAN_POINT('',(-6.84660426065,-18.188443542,10.));
#8361 = CARTESIAN_POINT('',(-6.858775743629,-18.32377684984,10.));
#8362 = CARTESIAN_POINT('',(-6.868220992341,-18.4722972717,10.));
#8363 = CARTESIAN_POINT('',(-6.874255860601,-18.63394603387,10.));
#8364 = CARTESIAN_POINT('',(-6.876197650293,-18.80863752696,10.));
#8365 = CARTESIAN_POINT('',(-6.873365966034,-18.99625937868,10.));
#8366 = CARTESIAN_POINT('',(-6.865084036788,-19.19667237824,10.));
#8367 = CARTESIAN_POINT('',(-6.850678050919,-19.40971119048,10.));
#8368 = CARTESIAN_POINT('',(-6.829484637105,-19.63518198316,10.));
#8369 = CARTESIAN_POINT('',(-6.810894674914,-19.78935980798,10.));
#8370 = CARTESIAN_POINT('',(-6.800340477997,-19.86845161011,10.));
#8371 = ORIENTED_EDGE('',*,*,#8372,.F.);
#8372 = EDGE_CURVE('',#8373,#8346,#8375,.T.);
#8373 = VERTEX_POINT('',#8374);
#8374 = CARTESIAN_POINT('',(-6.800340477997,-19.86845161011,0.));
#8375 = LINE('',#8376,#8377);
#8376 = CARTESIAN_POINT('',(-6.800340477997,-19.86845161011,0.));
#8377 = VECTOR('',#8378,1.);
#8378 = DIRECTION('',(0.,0.,1.));
#8379 = ORIENTED_EDGE('',*,*,#8380,.F.);
#8380 = EDGE_CURVE('',#8323,#8373,#8381,.T.);
#8381 = B_SPLINE_CURVE_WITH_KNOTS('',3,(#8382,#8383,#8384,#8385,#8386,
    #8387,#8388,#8389,#8390,#8391,#8392,#8393,#8394,#8395,#8396,#8397,
    #8398,#8399,#8400,#8401,#8402,#8403),.UNSPECIFIED.,.F.,.F.,(4,1,1,1,
    1,1,1,1,1,1,1,1,1,1,1,1,1,1,1,4),(0.,6.469775801205E-03,
    2.587893822125E-02,5.822752025674E-02,0.103515526622,0.161742958887,
    0.232909817767,0.317016103646,0.414061816756,0.524046957245,
    0.646971525216,0.782835520741,0.931638943874,1.093381794658,
    1.268064073122,1.455685779293,1.656246913191,1.869747474833,
    2.096187464232,2.335566881401),.UNSPECIFIED.);
#8382 = CARTESIAN_POINT('',(-6.72308378171,-17.55018612687,0.));
#8383 = CARTESIAN_POINT('',(-6.723834128188,-17.55220813851,0.));
#8384 = CARTESIAN_POINT('',(-6.72677777824,-17.56031668164,0.));
#8385 = CARTESIAN_POINT('',(-6.732904276756,-17.5787370901,0.));
#8386 = CARTESIAN_POINT('',(-6.742410418217,-17.60965986849,0.));
#8387 = CARTESIAN_POINT('',(-6.754579305224,-17.65328834763,0.));
#8388 = CARTESIAN_POINT('',(-6.768781623022,-17.70976359531,0.));
#8389 = CARTESIAN_POINT('',(-6.784336496074,-17.779218181,0.));
#8390 = CARTESIAN_POINT('',(-6.800575859201,-17.86175151481,0.));
#8391 = CARTESIAN_POINT('',(-6.816820735849,-17.95743917363,0.));
#8392 = CARTESIAN_POINT('',(-6.832391209554,-18.06632927194,0.));
#8393 = CARTESIAN_POINT('',(-6.84660426065,-18.188443542,0.));
#8394 = CARTESIAN_POINT('',(-6.858775743629,-18.32377684984,0.));
#8395 = CARTESIAN_POINT('',(-6.868220992341,-18.4722972717,0.));
#8396 = CARTESIAN_POINT('',(-6.874255860601,-18.63394603387,0.));
#8397 = CARTESIAN_POINT('',(-6.876197650293,-18.80863752696,0.));
#8398 = CARTESIAN_POINT('',(-6.873365966034,-18.99625937868,0.));
#8399 = CARTESIAN_POINT('',(-6.865084036788,-19.19667237824,0.));
#8400 = CARTESIAN_POINT('',(-6.850678050919,-19.40971119048,0.));
#8401 = CARTESIAN_POINT('',(-6.829484637105,-19.63518198316,0.));
#8402 = CARTESIAN_POINT('',(-6.810894674914,-19.78935980798,0.));
#8403 = CARTESIAN_POINT('',(-6.800340477997,-19.86845161011,0.));
#8404 = SURFACE_OF_LINEAR_EXTRUSION('',#8405,#8428);
#8405 = B_SPLINE_CURVE_WITH_KNOTS('',3,(#8406,#8407,#8408,#8409,#8410,
    #8411,#8412,#8413,#8414,#8415,#8416,#8417,#8418,#8419,#8420,#8421,
    #8422,#8423,#8424,#8425,#8426,#8427),.UNSPECIFIED.,.F.,.F.,(4,1,1,1,
    1,1,1,1,1,1,1,1,1,1,1,1,1,1,1,4),(0.,6.469775801205E-03,
    2.587893822125E-02,5.822752025674E-02,0.103515526622,0.161742958887,
    0.232909817767,0.317016103646,0.414061816756,0.524046957245,
    0.646971525216,0.782835520741,0.931638943874,1.093381794658,
    1.268064073122,1.455685779293,1.656246913191,1.869747474833,
    2.096187464232,2.335566881401),.UNSPECIFIED.);
#8406 = CARTESIAN_POINT('',(-6.72308378171,-17.55018612687,0.));
#8407 = CARTESIAN_POINT('',(-6.723834128188,-17.55220813851,0.));
#8408 = CARTESIAN_POINT('',(-6.72677777824,-17.56031668164,0.));
#8409 = CARTESIAN_POINT('',(-6.732904276756,-17.5787370901,0.));
#8410 = CARTESIAN_POINT('',(-6.742410418217,-17.60965986849,0.));
#8411 = CARTESIAN_POINT('',(-6.754579305224,-17.65328834763,0.));
#8412 = CARTESIAN_POINT('',(-6.768781623022,-17.70976359531,0.));
#8413 = CARTESIAN_POINT('',(-6.784336496074,-17.779218181,0.));
#8414 = CARTESIAN_POINT('',(-6.800575859201,-17.86175151481,0.));
#8415 = CARTESIAN_POINT('',(-6.816820735849,-17.95743917363,0.));
#8416 = CARTESIAN_POINT('',(-6.832391209554,-18.06632927194,0.));
#8417 = CARTESIAN_POINT('',(-6.84660426065,-18.188443542,0.));
#8418 = CARTESIAN_POINT('',(-6.858775743629,-18.32377684984,0.));
#8419 = CARTESIAN_POINT('',(-6.868220992341,-18.4722972717,0.));
#8420 = CARTESIAN_POINT('',(-6.874255860601,-18.63394603387,0.));
#8421 = CARTESIAN_POINT('',(-6.876197650293,-18.80863752696,0.));
#8422 = CARTESIAN_POINT('',(-6.873365966034,-18.99625937868,0.));
#8423 = CARTESIAN_POINT('',(-6.865084036788,-19.19667237824,0.));
#8424 = CARTESIAN_POINT('',(-6.850678050919,-19.40971119048,0.));
#8425 = CARTESIAN_POINT('',(-6.829484637105,-19.63518198316,0.));
#8426 = CARTESIAN_POINT('',(-6.810894674914,-19.78935980798,0.));
#8427 = CARTESIAN_POINT('',(-6.800340477997,-19.86845161011,0.));
#8428 = VECTOR('',#8429,1.);
#8429 = DIRECTION('',(-0.,-0.,-1.));
#8430 = ADVANCED_FACE('',(#8431),#8454,.F.);
#8431 = FACE_BOUND('',#8432,.F.);
#8432 = EDGE_LOOP('',(#8433,#8434,#8441,#8449));
#8433 = ORIENTED_EDGE('',*,*,#8372,.T.);
#8434 = ORIENTED_EDGE('',*,*,#8435,.T.);
#8435 = EDGE_CURVE('',#8346,#8436,#8438,.T.);
#8436 = VERTEX_POINT('',#8437);
#8437 = CARTESIAN_POINT('',(-6.176791828074,-20.07105484803,10.));
#8438 = B_SPLINE_CURVE_WITH_KNOTS('',1,(#8439,#8440),.UNSPECIFIED.,.F.,
  .F.,(2,2),(0.,0.655637850368),.PIECEWISE_BEZIER_KNOTS.);
#8439 = CARTESIAN_POINT('',(-6.800340477997,-19.86845161011,10.));
#8440 = CARTESIAN_POINT('',(-6.176791828074,-20.07105484803,10.));
#8441 = ORIENTED_EDGE('',*,*,#8442,.F.);
#8442 = EDGE_CURVE('',#8443,#8436,#8445,.T.);
#8443 = VERTEX_POINT('',#8444);
#8444 = CARTESIAN_POINT('',(-6.176791828074,-20.07105484803,0.));
#8445 = LINE('',#8446,#8447);
#8446 = CARTESIAN_POINT('',(-6.176791828074,-20.07105484803,0.));
#8447 = VECTOR('',#8448,1.);
#8448 = DIRECTION('',(0.,0.,1.));
#8449 = ORIENTED_EDGE('',*,*,#8450,.F.);
#8450 = EDGE_CURVE('',#8373,#8443,#8451,.T.);
#8451 = B_SPLINE_CURVE_WITH_KNOTS('',1,(#8452,#8453),.UNSPECIFIED.,.F.,
  .F.,(2,2),(0.,0.655637850368),.PIECEWISE_BEZIER_KNOTS.);
#8452 = CARTESIAN_POINT('',(-6.800340477997,-19.86845161011,0.));
#8453 = CARTESIAN_POINT('',(-6.176791828074,-20.07105484803,0.));
#8454 = SURFACE_OF_LINEAR_EXTRUSION('',#8455,#8458);
#8455 = B_SPLINE_CURVE_WITH_KNOTS('',1,(#8456,#8457),.UNSPECIFIED.,.F.,
  .F.,(2,2),(0.,0.655637850368),.PIECEWISE_BEZIER_KNOTS.);
#8456 = CARTESIAN_POINT('',(-6.800340477997,-19.86845161011,0.));
#8457 = CARTESIAN_POINT('',(-6.176791828074,-20.07105484803,0.));
#8458 = VECTOR('',#8459,1.);
#8459 = DIRECTION('',(-0.,-0.,-1.));
#8460 = ADVANCED_FACE('',(#8461),#8524,.F.);
#8461 = FACE_BOUND('',#8462,.F.);
#8462 = EDGE_LOOP('',(#8463,#8464,#8491,#8499));
#8463 = ORIENTED_EDGE('',*,*,#8442,.T.);
#8464 = ORIENTED_EDGE('',*,*,#8465,.T.);
#8465 = EDGE_CURVE('',#8436,#8466,#8468,.T.);
#8466 = VERTEX_POINT('',#8467);
#8467 = CARTESIAN_POINT('',(-4.876651546355,-18.1501283279,10.));
#8468 = B_SPLINE_CURVE_WITH_KNOTS('',3,(#8469,#8470,#8471,#8472,#8473,
    #8474,#8475,#8476,#8477,#8478,#8479,#8480,#8481,#8482,#8483,#8484,
    #8485,#8486,#8487,#8488,#8489,#8490),.UNSPECIFIED.,.F.,.F.,(4,1,1,1,
    1,1,1,1,1,1,1,1,1,1,1,1,1,1,1,4),(0.,0.239379417168,0.465819406568,
    0.67931996821,0.879881102108,1.067502808279,1.242185086743,
    1.403927937526,1.55273136066,1.688595356185,1.811519924156,
    1.921505064645,2.018550777754,2.102657063634,2.173823922514,
    2.232051354779,2.277339361144,2.309687943179,2.329097105599,
    2.335566881401),.UNSPECIFIED.);
#8469 = CARTESIAN_POINT('',(-6.176791828074,-20.07105484803,10.));
#8470 = CARTESIAN_POINT('',(-6.121764308537,-20.01327183728,10.));
#8471 = CARTESIAN_POINT('',(-6.016101261541,-19.89946626247,10.));
#8472 = CARTESIAN_POINT('',(-5.866427022837,-19.72951373554,10.));
#8473 = CARTESIAN_POINT('',(-5.72955126345,-19.56562934202,10.));
#8474 = CARTESIAN_POINT('',(-5.605051236435,-19.40835981535,10.));
#8475 = CARTESIAN_POINT('',(-5.492478998297,-19.25823497104,10.));
#8476 = CARTESIAN_POINT('',(-5.391368855817,-19.11576522901,10.));
#8477 = CARTESIAN_POINT('',(-5.301236408342,-18.98144142673,10.));
#8478 = CARTESIAN_POINT('',(-5.221579661435,-18.85573410354,10.));
#8479 = CARTESIAN_POINT('',(-5.151879675518,-18.7390929394,10.));
#8480 = CARTESIAN_POINT('',(-5.09160130836,-18.63194619784,10.));
#8481 = CARTESIAN_POINT('',(-5.040194092291,-18.53470016297,10.));
#8482 = CARTESIAN_POINT('',(-4.997092678888,-18.44773872191,10.));
#8483 = CARTESIAN_POINT('',(-4.961718723202,-18.37142259411,10.));
#8484 = CARTESIAN_POINT('',(-4.933478498676,-18.30608972897,10.));
#8485 = CARTESIAN_POINT('',(-4.911773097426,-18.25205238088,10.));
#8486 = CARTESIAN_POINT('',(-4.8959737572,-18.2096035075,10.));
#8487 = CARTESIAN_POINT('',(-4.885488434094,-18.17899888451,10.));
#8488 = CARTESIAN_POINT('',(-4.879617631074,-18.16049539555,10.));
#8489 = CARTESIAN_POINT('',(-4.877233011926,-18.15220521227,10.));
#8490 = CARTESIAN_POINT('',(-4.876651546355,-18.1501283279,10.));
#8491 = ORIENTED_EDGE('',*,*,#8492,.F.);
#8492 = EDGE_CURVE('',#8493,#8466,#8495,.T.);
#8493 = VERTEX_POINT('',#8494);
#8494 = CARTESIAN_POINT('',(-4.876651546355,-18.1501283279,0.));
#8495 = LINE('',#8496,#8497);
#8496 = CARTESIAN_POINT('',(-4.876651546355,-18.1501283279,0.));
#8497 = VECTOR('',#8498,1.);
#8498 = DIRECTION('',(0.,0.,1.));
#8499 = ORIENTED_EDGE('',*,*,#8500,.F.);
#8500 = EDGE_CURVE('',#8443,#8493,#8501,.T.);
#8501 = B_SPLINE_CURVE_WITH_KNOTS('',3,(#8502,#8503,#8504,#8505,#8506,
    #8507,#8508,#8509,#8510,#8511,#8512,#8513,#8514,#8515,#8516,#8517,
    #8518,#8519,#8520,#8521,#8522,#8523),.UNSPECIFIED.,.F.,.F.,(4,1,1,1,
    1,1,1,1,1,1,1,1,1,1,1,1,1,1,1,4),(0.,0.239379417168,0.465819406568,
    0.67931996821,0.879881102108,1.067502808279,1.242185086743,
    1.403927937526,1.55273136066,1.688595356185,1.811519924156,
    1.921505064645,2.018550777754,2.102657063634,2.173823922514,
    2.232051354779,2.277339361144,2.309687943179,2.329097105599,
    2.335566881401),.UNSPECIFIED.);
#8502 = CARTESIAN_POINT('',(-6.176791828074,-20.07105484803,0.));
#8503 = CARTESIAN_POINT('',(-6.121764308537,-20.01327183728,0.));
#8504 = CARTESIAN_POINT('',(-6.016101261541,-19.89946626247,0.));
#8505 = CARTESIAN_POINT('',(-5.866427022837,-19.72951373554,0.));
#8506 = CARTESIAN_POINT('',(-5.72955126345,-19.56562934202,0.));
#8507 = CARTESIAN_POINT('',(-5.605051236435,-19.40835981535,0.));
#8508 = CARTESIAN_POINT('',(-5.492478998297,-19.25823497104,0.));
#8509 = CARTESIAN_POINT('',(-5.391368855817,-19.11576522901,0.));
#8510 = CARTESIAN_POINT('',(-5.301236408342,-18.98144142673,0.));
#8511 = CARTESIAN_POINT('',(-5.221579661435,-18.85573410354,0.));
#8512 = CARTESIAN_POINT('',(-5.151879675518,-18.7390929394,0.));
#8513 = CARTESIAN_POINT('',(-5.09160130836,-18.63194619784,0.));
#8514 = CARTESIAN_POINT('',(-5.040194092291,-18.53470016297,0.));
#8515 = CARTESIAN_POINT('',(-4.997092678888,-18.44773872191,0.));
#8516 = CARTESIAN_POINT('',(-4.961718723202,-18.37142259411,0.));
#8517 = CARTESIAN_POINT('',(-4.933478498676,-18.30608972897,0.));
#8518 = CARTESIAN_POINT('',(-4.911773097426,-18.25205238088,0.));
#8519 = CARTESIAN_POINT('',(-4.8959737572,-18.2096035075,0.));
#8520 = CARTESIAN_POINT('',(-4.885488434094,-18.17899888451,0.));
#8521 = CARTESIAN_POINT('',(-4.879617631074,-18.16049539555,0.));
#8522 = CARTESIAN_POINT('',(-4.877233011926,-18.15220521227,0.));
#8523 = CARTESIAN_POINT('',(-4.876651546355,-18.1501283279,0.));
#8524 = SURFACE_OF_LINEAR_EXTRUSION('',#8525,#8548);
#8525 = B_SPLINE_CURVE_WITH_KNOTS('',3,(#8526,#8527,#8528,#8529,#8530,
    #8531,#8532,#8533,#8534,#8535,#8536,#8537,#8538,#8539,#8540,#8541,
    #8542,#8543,#8544,#8545,#8546,#8547),.UNSPECIFIED.,.F.,.F.,(4,1,1,1,
    1,1,1,1,1,1,1,1,1,1,1,1,1,1,1,4),(0.,0.239379417168,0.465819406568,
    0.67931996821,0.879881102108,1.067502808279,1.242185086743,
    1.403927937526,1.55273136066,1.688595356185,1.811519924156,
    1.921505064645,2.018550777754,2.102657063634,2.173823922514,
    2.232051354779,2.277339361144,2.309687943179,2.329097105599,
    2.335566881401),.UNSPECIFIED.);
#8526 = CARTESIAN_POINT('',(-6.176791828074,-20.07105484803,0.));
#8527 = CARTESIAN_POINT('',(-6.121764308537,-20.01327183728,0.));
#8528 = CARTESIAN_POINT('',(-6.016101261541,-19.89946626247,0.));
#8529 = CARTESIAN_POINT('',(-5.866427022837,-19.72951373554,0.));
#8530 = CARTESIAN_POINT('',(-5.72955126345,-19.56562934202,0.));
#8531 = CARTESIAN_POINT('',(-5.605051236435,-19.40835981535,0.));
#8532 = CARTESIAN_POINT('',(-5.492478998297,-19.25823497104,0.));
#8533 = CARTESIAN_POINT('',(-5.391368855817,-19.11576522901,0.));
#8534 = CARTESIAN_POINT('',(-5.301236408342,-18.98144142673,0.));
#8535 = CARTESIAN_POINT('',(-5.221579661435,-18.85573410354,0.));
#8536 = CARTESIAN_POINT('',(-5.151879675518,-18.7390929394,0.));
#8537 = CARTESIAN_POINT('',(-5.09160130836,-18.63194619784,0.));
#8538 = CARTESIAN_POINT('',(-5.040194092291,-18.53470016297,0.));
#8539 = CARTESIAN_POINT('',(-4.997092678888,-18.44773872191,0.));
#8540 = CARTESIAN_POINT('',(-4.961718723202,-18.37142259411,0.));
#8541 = CARTESIAN_POINT('',(-4.933478498676,-18.30608972897,0.));
#8542 = CARTESIAN_POINT('',(-4.911773097426,-18.25205238088,0.));
#8543 = CARTESIAN_POINT('',(-4.8959737572,-18.2096035075,0.));
#8544 = CARTESIAN_POINT('',(-4.885488434094,-18.17899888451,0.));
#8545 = CARTESIAN_POINT('',(-4.879617631074,-18.16049539555,0.));
#8546 = CARTESIAN_POINT('',(-4.877233011926,-18.15220521227,0.));
#8547 = CARTESIAN_POINT('',(-4.876651546355,-18.1501283279,0.));
#8548 = VECTOR('',#8549,1.);
#8549 = DIRECTION('',(-0.,-0.,-1.));
#8550 = ADVANCED_FACE('',(#8551),#8574,.F.);
#8551 = FACE_BOUND('',#8552,.F.);
#8552 = EDGE_LOOP('',(#8553,#8554,#8561,#8569));
#8553 = ORIENTED_EDGE('',*,*,#8492,.T.);
#8554 = ORIENTED_EDGE('',*,*,#8555,.T.);
#8555 = EDGE_CURVE('',#8466,#8556,#8558,.T.);
#8556 = VERTEX_POINT('',#8557);
#8557 = CARTESIAN_POINT('',(-4.865272668507,-18.10777793825,10.));
#8558 = B_SPLINE_CURVE_WITH_KNOTS('',1,(#8559,#8560),.UNSPECIFIED.,.F.,
  .F.,(2,2),(0.,4.385241571817E-02),.PIECEWISE_BEZIER_KNOTS.);
#8559 = CARTESIAN_POINT('',(-4.876651546355,-18.1501283279,10.));
#8560 = CARTESIAN_POINT('',(-4.865272668507,-18.10777793825,10.));
#8561 = ORIENTED_EDGE('',*,*,#8562,.F.);
#8562 = EDGE_CURVE('',#8563,#8556,#8565,.T.);
#8563 = VERTEX_POINT('',#8564);
#8564 = CARTESIAN_POINT('',(-4.865272668507,-18.10777793825,0.));
#8565 = LINE('',#8566,#8567);
#8566 = CARTESIAN_POINT('',(-4.865272668507,-18.10777793825,0.));
#8567 = VECTOR('',#8568,1.);
#8568 = DIRECTION('',(0.,0.,1.));
#8569 = ORIENTED_EDGE('',*,*,#8570,.F.);
#8570 = EDGE_CURVE('',#8493,#8563,#8571,.T.);
#8571 = B_SPLINE_CURVE_WITH_KNOTS('',1,(#8572,#8573),.UNSPECIFIED.,.F.,
  .F.,(2,2),(0.,4.385241571817E-02),.PIECEWISE_BEZIER_KNOTS.);
#8572 = CARTESIAN_POINT('',(-4.876651546355,-18.1501283279,0.));
#8573 = CARTESIAN_POINT('',(-4.865272668507,-18.10777793825,0.));
#8574 = SURFACE_OF_LINEAR_EXTRUSION('',#8575,#8578);
#8575 = B_SPLINE_CURVE_WITH_KNOTS('',1,(#8576,#8577),.UNSPECIFIED.,.F.,
  .F.,(2,2),(0.,4.385241571817E-02),.PIECEWISE_BEZIER_KNOTS.);
#8576 = CARTESIAN_POINT('',(-4.876651546355,-18.1501283279,0.));
#8577 = CARTESIAN_POINT('',(-4.865272668507,-18.10777793825,0.));
#8578 = VECTOR('',#8579,1.);
#8579 = DIRECTION('',(-0.,-0.,-1.));
#8580 = ADVANCED_FACE('',(#8581),#8604,.F.);
#8581 = FACE_BOUND('',#8582,.F.);
#8582 = EDGE_LOOP('',(#8583,#8584,#8591,#8599));
#8583 = ORIENTED_EDGE('',*,*,#8562,.T.);
#8584 = ORIENTED_EDGE('',*,*,#8585,.T.);
#8585 = EDGE_CURVE('',#8556,#8586,#8588,.T.);
#8586 = VERTEX_POINT('',#8587);
#8587 = CARTESIAN_POINT('',(-3.885769465765,-18.34293585168,10.));
#8588 = B_SPLINE_CURVE_WITH_KNOTS('',1,(#8589,#8590),.UNSPECIFIED.,.F.,
  .F.,(2,2),(0.,1.007335975944),.PIECEWISE_BEZIER_KNOTS.);
#8589 = CARTESIAN_POINT('',(-4.865272668507,-18.10777793825,10.));
#8590 = CARTESIAN_POINT('',(-3.885769465765,-18.34293585168,10.));
#8591 = ORIENTED_EDGE('',*,*,#8592,.F.);
#8592 = EDGE_CURVE('',#8593,#8586,#8595,.T.);
#8593 = VERTEX_POINT('',#8594);
#8594 = CARTESIAN_POINT('',(-3.885769465765,-18.34293585168,0.));
#8595 = LINE('',#8596,#8597);
#8596 = CARTESIAN_POINT('',(-3.885769465765,-18.34293585168,0.));
#8597 = VECTOR('',#8598,1.);
#8598 = DIRECTION('',(0.,0.,1.));
#8599 = ORIENTED_EDGE('',*,*,#8600,.F.);
#8600 = EDGE_CURVE('',#8563,#8593,#8601,.T.);
#8601 = B_SPLINE_CURVE_WITH_KNOTS('',1,(#8602,#8603),.UNSPECIFIED.,.F.,
  .F.,(2,2),(0.,1.007335975944),.PIECEWISE_BEZIER_KNOTS.);
#8602 = CARTESIAN_POINT('',(-4.865272668507,-18.10777793825,0.));
#8603 = CARTESIAN_POINT('',(-3.885769465765,-18.34293585168,0.));
#8604 = SURFACE_OF_LINEAR_EXTRUSION('',#8605,#8608);
#8605 = B_SPLINE_CURVE_WITH_KNOTS('',1,(#8606,#8607),.UNSPECIFIED.,.F.,
  .F.,(2,2),(0.,1.007335975944),.PIECEWISE_BEZIER_KNOTS.);
#8606 = CARTESIAN_POINT('',(-4.865272668507,-18.10777793825,0.));
#8607 = CARTESIAN_POINT('',(-3.885769465765,-18.34293585168,0.));
#8608 = VECTOR('',#8609,1.);
#8609 = DIRECTION('',(-0.,-0.,-1.));
#8610 = ADVANCED_FACE('',(#8611),#8634,.F.);
#8611 = FACE_BOUND('',#8612,.F.);
#8612 = EDGE_LOOP('',(#8613,#8614,#8621,#8629));
#8613 = ORIENTED_EDGE('',*,*,#8592,.T.);
#8614 = ORIENTED_EDGE('',*,*,#8615,.T.);
#8615 = EDGE_CURVE('',#8586,#8616,#8618,.T.);
#8616 = VERTEX_POINT('',#8617);
#8617 = CARTESIAN_POINT('',(-3.894857485925,-18.3858362276,10.));
#8618 = B_SPLINE_CURVE_WITH_KNOTS('',1,(#8619,#8620),.UNSPECIFIED.,.F.,
  .F.,(2,2),(0.,4.385241571817E-02),.PIECEWISE_BEZIER_KNOTS.);
#8619 = CARTESIAN_POINT('',(-3.885769465765,-18.34293585168,10.));
#8620 = CARTESIAN_POINT('',(-3.894857485925,-18.3858362276,10.));
#8621 = ORIENTED_EDGE('',*,*,#8622,.F.);
#8622 = EDGE_CURVE('',#8623,#8616,#8625,.T.);
#8623 = VERTEX_POINT('',#8624);
#8624 = CARTESIAN_POINT('',(-3.894857485925,-18.3858362276,0.));
#8625 = LINE('',#8626,#8627);
#8626 = CARTESIAN_POINT('',(-3.894857485925,-18.3858362276,0.));
#8627 = VECTOR('',#8628,1.);
#8628 = DIRECTION('',(0.,0.,1.));
#8629 = ORIENTED_EDGE('',*,*,#8630,.F.);
#8630 = EDGE_CURVE('',#8593,#8623,#8631,.T.);
#8631 = B_SPLINE_CURVE_WITH_KNOTS('',1,(#8632,#8633),.UNSPECIFIED.,.F.,
  .F.,(2,2),(0.,4.385241571817E-02),.PIECEWISE_BEZIER_KNOTS.);
#8632 = CARTESIAN_POINT('',(-3.885769465765,-18.34293585168,0.));
#8633 = CARTESIAN_POINT('',(-3.894857485925,-18.3858362276,0.));
#8634 = SURFACE_OF_LINEAR_EXTRUSION('',#8635,#8638);
#8635 = B_SPLINE_CURVE_WITH_KNOTS('',1,(#8636,#8637),.UNSPECIFIED.,.F.,
  .F.,(2,2),(0.,4.385241571817E-02),.PIECEWISE_BEZIER_KNOTS.);
#8636 = CARTESIAN_POINT('',(-3.885769465765,-18.34293585168,0.));
#8637 = CARTESIAN_POINT('',(-3.894857485925,-18.3858362276,0.));
#8638 = VECTOR('',#8639,1.);
#8639 = DIRECTION('',(-0.,-0.,-1.));
#8640 = ADVANCED_FACE('',(#8641),#8704,.F.);
#8641 = FACE_BOUND('',#8642,.F.);
#8642 = EDGE_LOOP('',(#8643,#8644,#8671,#8679));
#8643 = ORIENTED_EDGE('',*,*,#8622,.T.);
#8644 = ORIENTED_EDGE('',*,*,#8645,.T.);
#8645 = EDGE_CURVE('',#8616,#8646,#8648,.T.);
#8646 = VERTEX_POINT('',#8647);
#8647 = CARTESIAN_POINT('',(-3.608506403389,-20.68764562575,10.));
#8648 = B_SPLINE_CURVE_WITH_KNOTS('',3,(#8649,#8650,#8651,#8652,#8653,
    #8654,#8655,#8656,#8657,#8658,#8659,#8660,#8661,#8662,#8663,#8664,
    #8665,#8666,#8667,#8668,#8669,#8670),.UNSPECIFIED.,.F.,.F.,(4,1,1,1,
    1,1,1,1,1,1,1,1,1,1,1,1,1,1,1,4),(0.,6.469775801205E-03,
    2.587893822125E-02,5.822752025674E-02,0.103515526622,0.161742958887,
    0.232909817767,0.317016103646,0.414061816756,0.524046957245,
    0.646971525216,0.782835520741,0.931638943874,1.093381794658,
    1.268064073122,1.455685779293,1.656246913191,1.869747474833,
    2.096187464232,2.335566881401),.UNSPECIFIED.);
#8649 = CARTESIAN_POINT('',(-3.894857485925,-18.3858362276,10.));
#8650 = CARTESIAN_POINT('',(-3.895282282084,-18.38795072497,10.));
#8651 = CARTESIAN_POINT('',(-3.896921235313,-18.39641992679,10.));
#8652 = CARTESIAN_POINT('',(-3.900090719722,-18.41557194498,10.));
#8653 = CARTESIAN_POINT('',(-3.904642436512,-18.44760110081,10.));
#8654 = CARTESIAN_POINT('',(-3.909836506532,-18.4925960743,10.));
#8655 = CARTESIAN_POINT('',(-3.915029295071,-18.55059774996,10.));
#8656 = CARTESIAN_POINT('',(-3.919527570868,-18.62163055269,10.));
#8657 = CARTESIAN_POINT('',(-3.922655942565,-18.70568816028,10.));
#8658 = CARTESIAN_POINT('',(-3.923731970105,-18.80273900383,10.));
#8659 = CARTESIAN_POINT('',(-3.922076581165,-18.91272424306,10.));
#8660 = CARTESIAN_POINT('',(-3.917011765505,-19.03555849486,10.));
#8661 = CARTESIAN_POINT('',(-3.907862603717,-19.17112966454,10.));
#8662 = CARTESIAN_POINT('',(-3.893957853004,-19.31929911598,10.));
#8663 = CARTESIAN_POINT('',(-3.874630984386,-19.47990177503,10.));
#8664 = CARTESIAN_POINT('',(-3.849221097156,-19.65274628879,10.));
#8665 = CARTESIAN_POINT('',(-3.817073751625,-19.83761523117,10.));
#8666 = CARTESIAN_POINT('',(-3.777542286298,-20.03426523497,10.));
#8667 = CARTESIAN_POINT('',(-3.729987049395,-20.24242759321,10.));
#8668 = CARTESIAN_POINT('',(-3.673783158838,-20.46180708593,10.));
#8669 = CARTESIAN_POINT('',(-3.631303344384,-20.6111786151,10.));
#8670 = CARTESIAN_POINT('',(-3.608506403389,-20.68764562575,10.));
#8671 = ORIENTED_EDGE('',*,*,#8672,.F.);
#8672 = EDGE_CURVE('',#8673,#8646,#8675,.T.);
#8673 = VERTEX_POINT('',#8674);
#8674 = CARTESIAN_POINT('',(-3.608506403389,-20.68764562575,0.));
#8675 = LINE('',#8676,#8677);
#8676 = CARTESIAN_POINT('',(-3.608506403389,-20.68764562575,0.));
#8677 = VECTOR('',#8678,1.);
#8678 = DIRECTION('',(0.,0.,1.));
#8679 = ORIENTED_EDGE('',*,*,#8680,.F.);
#8680 = EDGE_CURVE('',#8623,#8673,#8681,.T.);
#8681 = B_SPLINE_CURVE_WITH_KNOTS('',3,(#8682,#8683,#8684,#8685,#8686,
    #8687,#8688,#8689,#8690,#8691,#8692,#8693,#8694,#8695,#8696,#8697,
    #8698,#8699,#8700,#8701,#8702,#8703),.UNSPECIFIED.,.F.,.F.,(4,1,1,1,
    1,1,1,1,1,1,1,1,1,1,1,1,1,1,1,4),(0.,6.469775801205E-03,
    2.587893822125E-02,5.822752025674E-02,0.103515526622,0.161742958887,
    0.232909817767,0.317016103646,0.414061816756,0.524046957245,
    0.646971525216,0.782835520741,0.931638943874,1.093381794658,
    1.268064073122,1.455685779293,1.656246913191,1.869747474833,
    2.096187464232,2.335566881401),.UNSPECIFIED.);
#8682 = CARTESIAN_POINT('',(-3.894857485925,-18.3858362276,0.));
#8683 = CARTESIAN_POINT('',(-3.895282282084,-18.38795072497,0.));
#8684 = CARTESIAN_POINT('',(-3.896921235313,-18.39641992679,0.));
#8685 = CARTESIAN_POINT('',(-3.900090719722,-18.41557194498,0.));
#8686 = CARTESIAN_POINT('',(-3.904642436512,-18.44760110081,0.));
#8687 = CARTESIAN_POINT('',(-3.909836506532,-18.4925960743,0.));
#8688 = CARTESIAN_POINT('',(-3.915029295071,-18.55059774996,0.));
#8689 = CARTESIAN_POINT('',(-3.919527570868,-18.62163055269,0.));
#8690 = CARTESIAN_POINT('',(-3.922655942565,-18.70568816028,0.));
#8691 = CARTESIAN_POINT('',(-3.923731970105,-18.80273900383,0.));
#8692 = CARTESIAN_POINT('',(-3.922076581165,-18.91272424306,0.));
#8693 = CARTESIAN_POINT('',(-3.917011765505,-19.03555849486,0.));
#8694 = CARTESIAN_POINT('',(-3.907862603717,-19.17112966454,0.));
#8695 = CARTESIAN_POINT('',(-3.893957853004,-19.31929911598,0.));
#8696 = CARTESIAN_POINT('',(-3.874630984386,-19.47990177503,0.));
#8697 = CARTESIAN_POINT('',(-3.849221097156,-19.65274628879,0.));
#8698 = CARTESIAN_POINT('',(-3.817073751625,-19.83761523117,0.));
#8699 = CARTESIAN_POINT('',(-3.777542286298,-20.03426523497,0.));
#8700 = CARTESIAN_POINT('',(-3.729987049395,-20.24242759321,0.));
#8701 = CARTESIAN_POINT('',(-3.673783158838,-20.46180708593,0.));
#8702 = CARTESIAN_POINT('',(-3.631303344384,-20.6111786151,0.));
#8703 = CARTESIAN_POINT('',(-3.608506403389,-20.68764562575,0.));
#8704 = SURFACE_OF_LINEAR_EXTRUSION('',#8705,#8728);
#8705 = B_SPLINE_CURVE_WITH_KNOTS('',3,(#8706,#8707,#8708,#8709,#8710,
    #8711,#8712,#8713,#8714,#8715,#8716,#8717,#8718,#8719,#8720,#8721,
    #8722,#8723,#8724,#8725,#8726,#8727),.UNSPECIFIED.,.F.,.F.,(4,1,1,1,
    1,1,1,1,1,1,1,1,1,1,1,1,1,1,1,4),(0.,6.469775801205E-03,
    2.587893822125E-02,5.822752025674E-02,0.103515526622,0.161742958887,
    0.232909817767,0.317016103646,0.414061816756,0.524046957245,
    0.646971525216,0.782835520741,0.931638943874,1.093381794658,
    1.268064073122,1.455685779293,1.656246913191,1.869747474833,
    2.096187464232,2.335566881401),.UNSPECIFIED.);
#8706 = CARTESIAN_POINT('',(-3.894857485925,-18.3858362276,0.));
#8707 = CARTESIAN_POINT('',(-3.895282282084,-18.38795072497,0.));
#8708 = CARTESIAN_POINT('',(-3.896921235313,-18.39641992679,0.));
#8709 = CARTESIAN_POINT('',(-3.900090719722,-18.41557194498,0.));
#8710 = CARTESIAN_POINT('',(-3.904642436512,-18.44760110081,0.));
#8711 = CARTESIAN_POINT('',(-3.909836506532,-18.4925960743,0.));
#8712 = CARTESIAN_POINT('',(-3.915029295071,-18.55059774996,0.));
#8713 = CARTESIAN_POINT('',(-3.919527570868,-18.62163055269,0.));
#8714 = CARTESIAN_POINT('',(-3.922655942565,-18.70568816028,0.));
#8715 = CARTESIAN_POINT('',(-3.923731970105,-18.80273900383,0.));
#8716 = CARTESIAN_POINT('',(-3.922076581165,-18.91272424306,0.));
#8717 = CARTESIAN_POINT('',(-3.917011765505,-19.03555849486,0.));
#8718 = CARTESIAN_POINT('',(-3.907862603717,-19.17112966454,0.));
#8719 = CARTESIAN_POINT('',(-3.893957853004,-19.31929911598,0.));
#8720 = CARTESIAN_POINT('',(-3.874630984386,-19.47990177503,0.));
#8721 = CARTESIAN_POINT('',(-3.849221097156,-19.65274628879,0.));
#8722 = CARTESIAN_POINT('',(-3.817073751625,-19.83761523117,0.));
#8723 = CARTESIAN_POINT('',(-3.777542286298,-20.03426523497,0.));
#8724 = CARTESIAN_POINT('',(-3.729987049395,-20.24242759321,0.));
#8725 = CARTESIAN_POINT('',(-3.673783158838,-20.46180708593,0.));
#8726 = CARTESIAN_POINT('',(-3.631303344384,-20.6111786151,0.));
#8727 = CARTESIAN_POINT('',(-3.608506403389,-20.68764562575,0.));
#8728 = VECTOR('',#8729,1.);
#8729 = DIRECTION('',(-0.,-0.,-1.));
#8730 = ADVANCED_FACE('',(#8731),#8754,.F.);
#8731 = FACE_BOUND('',#8732,.F.);
#8732 = EDGE_LOOP('',(#8733,#8734,#8741,#8749));
#8733 = ORIENTED_EDGE('',*,*,#8672,.T.);
#8734 = ORIENTED_EDGE('',*,*,#8735,.T.);
#8735 = EDGE_CURVE('',#8646,#8736,#8738,.T.);
#8736 = VERTEX_POINT('',#8737);
#8737 = CARTESIAN_POINT('',(-2.960940542928,-20.79020998213,10.));
#8738 = B_SPLINE_CURVE_WITH_KNOTS('',1,(#8739,#8740),.UNSPECIFIED.,.F.,
  .F.,(2,2),(0.,0.655637850368),.PIECEWISE_BEZIER_KNOTS.);
#8739 = CARTESIAN_POINT('',(-3.608506403389,-20.68764562575,10.));
#8740 = CARTESIAN_POINT('',(-2.960940542928,-20.79020998213,10.));
#8741 = ORIENTED_EDGE('',*,*,#8742,.F.);
#8742 = EDGE_CURVE('',#8743,#8736,#8745,.T.);
#8743 = VERTEX_POINT('',#8744);
#8744 = CARTESIAN_POINT('',(-2.960940542928,-20.79020998213,0.));
#8745 = LINE('',#8746,#8747);
#8746 = CARTESIAN_POINT('',(-2.960940542928,-20.79020998213,0.));
#8747 = VECTOR('',#8748,1.);
#8748 = DIRECTION('',(0.,0.,1.));
#8749 = ORIENTED_EDGE('',*,*,#8750,.F.);
#8750 = EDGE_CURVE('',#8673,#8743,#8751,.T.);
#8751 = B_SPLINE_CURVE_WITH_KNOTS('',1,(#8752,#8753),.UNSPECIFIED.,.F.,
  .F.,(2,2),(0.,0.655637850368),.PIECEWISE_BEZIER_KNOTS.);
#8752 = CARTESIAN_POINT('',(-3.608506403389,-20.68764562575,0.));
#8753 = CARTESIAN_POINT('',(-2.960940542928,-20.79020998213,0.));
#8754 = SURFACE_OF_LINEAR_EXTRUSION('',#8755,#8758);
#8755 = B_SPLINE_CURVE_WITH_KNOTS('',1,(#8756,#8757),.UNSPECIFIED.,.F.,
  .F.,(2,2),(0.,0.655637850368),.PIECEWISE_BEZIER_KNOTS.);
#8756 = CARTESIAN_POINT('',(-3.608506403389,-20.68764562575,0.));
#8757 = CARTESIAN_POINT('',(-2.960940542928,-20.79020998213,0.));
#8758 = VECTOR('',#8759,1.);
#8759 = DIRECTION('',(-0.,-0.,-1.));
#8760 = ADVANCED_FACE('',(#8761),#8824,.F.);
#8761 = FACE_BOUND('',#8762,.F.);
#8762 = EDGE_LOOP('',(#8763,#8764,#8791,#8799));
#8763 = ORIENTED_EDGE('',*,*,#8742,.T.);
#8764 = ORIENTED_EDGE('',*,*,#8765,.T.);
#8765 = EDGE_CURVE('',#8736,#8766,#8768,.T.);
#8766 = VERTEX_POINT('',#8767);
#8767 = CARTESIAN_POINT('',(-1.977306258093,-18.68954650561,10.));
#8768 = B_SPLINE_CURVE_WITH_KNOTS('',3,(#8769,#8770,#8771,#8772,#8773,
    #8774,#8775,#8776,#8777,#8778,#8779,#8780,#8781,#8782,#8783,#8784,
    #8785,#8786,#8787,#8788,#8789,#8790),.UNSPECIFIED.,.F.,.F.,(4,1,1,1,
    1,1,1,1,1,1,1,1,1,1,1,1,1,1,1,4),(0.,0.239379417168,0.465819406568,
    0.67931996821,0.879881102108,1.067502808279,1.242185086743,
    1.403927937526,1.55273136066,1.688595356185,1.811519924156,
    1.921505064645,2.018550777754,2.102657063634,2.173823922514,
    2.232051354779,2.277339361144,2.309687943179,2.329097105599,
    2.335566881401),.UNSPECIFIED.);
#8769 = CARTESIAN_POINT('',(-2.960940542928,-20.79020998213,10.));
#8770 = CARTESIAN_POINT('',(-2.915629757843,-20.72453017555,10.));
#8771 = CARTESIAN_POINT('',(-2.829070712508,-20.59559639398,10.));
#8772 = CARTESIAN_POINT('',(-2.707825644685,-20.40432205522,10.));
#8773 = CARTESIAN_POINT('',(-2.598272220457,-20.22104326434,10.));
#8774 = CARTESIAN_POINT('',(-2.499907369641,-20.04623389139,10.));
#8775 = CARTESIAN_POINT('',(-2.412205782267,-19.88034715518,10.));
#8776 = CARTESIAN_POINT('',(-2.334627651303,-19.72381434104,10.));
#8777 = CARTESIAN_POINT('',(-2.266617755974,-19.57704446646,10.));
#8778 = CARTESIAN_POINT('',(-2.207606673659,-19.44042374843,10.));
#8779 = CARTESIAN_POINT('',(-2.157011508344,-19.31431515056,10.));
#8780 = CARTESIAN_POINT('',(-2.114236711108,-19.19905794907,10.));
#8781 = CARTESIAN_POINT('',(-2.078675034616,-19.09496731392,10.));
#8782 = CARTESIAN_POINT('',(-2.049708037646,-19.00233396596,10.));
#8783 = CARTESIAN_POINT('',(-2.026708066681,-18.92142371049,10.));
#8784 = CARTESIAN_POINT('',(-2.009035837989,-18.85247745692,10.));
#8785 = CARTESIAN_POINT('',(-1.996050969886,-18.79570992542,10.));
#8786 = CARTESIAN_POINT('',(-1.987086612555,-18.75131210678,10.));
#8787 = CARTESIAN_POINT('',(-1.981517999,-18.71944401157,10.));
#8788 = CARTESIAN_POINT('',(-1.978614058706,-18.70024993533,10.));
#8789 = CARTESIAN_POINT('',(-1.977555668562,-18.69168878135,10.));
#8790 = CARTESIAN_POINT('',(-1.977306258093,-18.68954650561,10.));
#8791 = ORIENTED_EDGE('',*,*,#8792,.F.);
#8792 = EDGE_CURVE('',#8793,#8766,#8795,.T.);
#8793 = VERTEX_POINT('',#8794);
#8794 = CARTESIAN_POINT('',(-1.977306258093,-18.68954650561,0.));
#8795 = LINE('',#8796,#8797);
#8796 = CARTESIAN_POINT('',(-1.977306258093,-18.68954650561,0.));
#8797 = VECTOR('',#8798,1.);
#8798 = DIRECTION('',(0.,0.,1.));
#8799 = ORIENTED_EDGE('',*,*,#8800,.F.);
#8800 = EDGE_CURVE('',#8743,#8793,#8801,.T.);
#8801 = B_SPLINE_CURVE_WITH_KNOTS('',3,(#8802,#8803,#8804,#8805,#8806,
    #8807,#8808,#8809,#8810,#8811,#8812,#8813,#8814,#8815,#8816,#8817,
    #8818,#8819,#8820,#8821,#8822,#8823),.UNSPECIFIED.,.F.,.F.,(4,1,1,1,
    1,1,1,1,1,1,1,1,1,1,1,1,1,1,1,4),(0.,0.239379417168,0.465819406568,
    0.67931996821,0.879881102108,1.067502808279,1.242185086743,
    1.403927937526,1.55273136066,1.688595356185,1.811519924156,
    1.921505064645,2.018550777754,2.102657063634,2.173823922514,
    2.232051354779,2.277339361144,2.309687943179,2.329097105599,
    2.335566881401),.UNSPECIFIED.);
#8802 = CARTESIAN_POINT('',(-2.960940542928,-20.79020998213,0.));
#8803 = CARTESIAN_POINT('',(-2.915629757843,-20.72453017555,0.));
#8804 = CARTESIAN_POINT('',(-2.829070712508,-20.59559639398,0.));
#8805 = CARTESIAN_POINT('',(-2.707825644685,-20.40432205522,0.));
#8806 = CARTESIAN_POINT('',(-2.598272220457,-20.22104326434,0.));
#8807 = CARTESIAN_POINT('',(-2.499907369641,-20.04623389139,0.));
#8808 = CARTESIAN_POINT('',(-2.412205782267,-19.88034715518,0.));
#8809 = CARTESIAN_POINT('',(-2.334627651303,-19.72381434104,0.));
#8810 = CARTESIAN_POINT('',(-2.266617755974,-19.57704446646,0.));
#8811 = CARTESIAN_POINT('',(-2.207606673659,-19.44042374843,0.));
#8812 = CARTESIAN_POINT('',(-2.157011508344,-19.31431515056,0.));
#8813 = CARTESIAN_POINT('',(-2.114236711108,-19.19905794907,0.));
#8814 = CARTESIAN_POINT('',(-2.078675034616,-19.09496731392,0.));
#8815 = CARTESIAN_POINT('',(-2.049708037646,-19.00233396596,0.));
#8816 = CARTESIAN_POINT('',(-2.026708066681,-18.92142371049,0.));
#8817 = CARTESIAN_POINT('',(-2.009035837989,-18.85247745692,0.));
#8818 = CARTESIAN_POINT('',(-1.996050969886,-18.79570992542,0.));
#8819 = CARTESIAN_POINT('',(-1.987086612555,-18.75131210678,0.));
#8820 = CARTESIAN_POINT('',(-1.981517999,-18.71944401157,0.));
#8821 = CARTESIAN_POINT('',(-1.978614058706,-18.70024993533,0.));
#8822 = CARTESIAN_POINT('',(-1.977555668562,-18.69168878135,0.));
#8823 = CARTESIAN_POINT('',(-1.977306258093,-18.68954650561,0.));
#8824 = SURFACE_OF_LINEAR_EXTRUSION('',#8825,#8848);
#8825 = B_SPLINE_CURVE_WITH_KNOTS('',3,(#8826,#8827,#8828,#8829,#8830,
    #8831,#8832,#8833,#8834,#8835,#8836,#8837,#8838,#8839,#8840,#8841,
    #8842,#8843,#8844,#8845,#8846,#8847),.UNSPECIFIED.,.F.,.F.,(4,1,1,1,
    1,1,1,1,1,1,1,1,1,1,1,1,1,1,1,4),(0.,0.239379417168,0.465819406568,
    0.67931996821,0.879881102108,1.067502808279,1.242185086743,
    1.403927937526,1.55273136066,1.688595356185,1.811519924156,
    1.921505064645,2.018550777754,2.102657063634,2.173823922514,
    2.232051354779,2.277339361144,2.309687943179,2.329097105599,
    2.335566881401),.UNSPECIFIED.);
#8826 = CARTESIAN_POINT('',(-2.960940542928,-20.79020998213,0.));
#8827 = CARTESIAN_POINT('',(-2.915629757843,-20.72453017555,0.));
#8828 = CARTESIAN_POINT('',(-2.829070712508,-20.59559639398,0.));
#8829 = CARTESIAN_POINT('',(-2.707825644685,-20.40432205522,0.));
#8830 = CARTESIAN_POINT('',(-2.598272220457,-20.22104326434,0.));
#8831 = CARTESIAN_POINT('',(-2.499907369641,-20.04623389139,0.));
#8832 = CARTESIAN_POINT('',(-2.412205782267,-19.88034715518,0.));
#8833 = CARTESIAN_POINT('',(-2.334627651303,-19.72381434104,0.));
#8834 = CARTESIAN_POINT('',(-2.266617755974,-19.57704446646,0.));
#8835 = CARTESIAN_POINT('',(-2.207606673659,-19.44042374843,0.));
#8836 = CARTESIAN_POINT('',(-2.157011508344,-19.31431515056,0.));
#8837 = CARTESIAN_POINT('',(-2.114236711108,-19.19905794907,0.));
#8838 = CARTESIAN_POINT('',(-2.078675034616,-19.09496731392,0.));
#8839 = CARTESIAN_POINT('',(-2.049708037646,-19.00233396596,0.));
#8840 = CARTESIAN_POINT('',(-2.026708066681,-18.92142371049,0.));
#8841 = CARTESIAN_POINT('',(-2.009035837989,-18.85247745692,0.));
#8842 = CARTESIAN_POINT('',(-1.996050969886,-18.79570992542,0.));
#8843 = CARTESIAN_POINT('',(-1.987086612555,-18.75131210678,0.));
#8844 = CARTESIAN_POINT('',(-1.981517999,-18.71944401157,0.));
#8845 = CARTESIAN_POINT('',(-1.978614058706,-18.70024993533,0.));
#8846 = CARTESIAN_POINT('',(-1.977555668562,-18.69168878135,0.));
#8847 = CARTESIAN_POINT('',(-1.977306258093,-18.68954650561,0.));
#8848 = VECTOR('',#8849,1.);
#8849 = DIRECTION('',(-0.,-0.,-1.));
#8850 = ADVANCED_FACE('',(#8851),#8874,.F.);
#8851 = FACE_BOUND('',#8852,.F.);
#8852 = EDGE_LOOP('',(#8853,#8854,#8861,#8869));
#8853 = ORIENTED_EDGE('',*,*,#8792,.T.);
#8854 = ORIENTED_EDGE('',*,*,#8855,.T.);
#8855 = EDGE_CURVE('',#8766,#8856,#8858,.T.);
#8856 = VERTEX_POINT('',#8857);
#8857 = CARTESIAN_POINT('',(-1.972692533663,-18.64593747087,10.));
#8858 = B_SPLINE_CURVE_WITH_KNOTS('',1,(#8859,#8860),.UNSPECIFIED.,.F.,
  .F.,(2,2),(0.,4.385241571817E-02),.PIECEWISE_BEZIER_KNOTS.);
#8859 = CARTESIAN_POINT('',(-1.977306258093,-18.68954650561,10.));
#8860 = CARTESIAN_POINT('',(-1.972692533663,-18.64593747087,10.));
#8861 = ORIENTED_EDGE('',*,*,#8862,.F.);
#8862 = EDGE_CURVE('',#8863,#8856,#8865,.T.);
#8863 = VERTEX_POINT('',#8864);
#8864 = CARTESIAN_POINT('',(-1.972692533663,-18.64593747087,0.));
#8865 = LINE('',#8866,#8867);
#8866 = CARTESIAN_POINT('',(-1.972692533663,-18.64593747087,0.));
#8867 = VECTOR('',#8868,1.);
#8868 = DIRECTION('',(0.,0.,1.));
#8869 = ORIENTED_EDGE('',*,*,#8870,.F.);
#8870 = EDGE_CURVE('',#8793,#8863,#8871,.T.);
#8871 = B_SPLINE_CURVE_WITH_KNOTS('',1,(#8872,#8873),.UNSPECIFIED.,.F.,
  .F.,(2,2),(0.,4.385241571817E-02),.PIECEWISE_BEZIER_KNOTS.);
#8872 = CARTESIAN_POINT('',(-1.977306258093,-18.68954650561,0.));
#8873 = CARTESIAN_POINT('',(-1.972692533663,-18.64593747087,0.));
#8874 = SURFACE_OF_LINEAR_EXTRUSION('',#8875,#8878);
#8875 = B_SPLINE_CURVE_WITH_KNOTS('',1,(#8876,#8877),.UNSPECIFIED.,.F.,
  .F.,(2,2),(0.,4.385241571817E-02),.PIECEWISE_BEZIER_KNOTS.);
#8876 = CARTESIAN_POINT('',(-1.977306258093,-18.68954650561,0.));
#8877 = CARTESIAN_POINT('',(-1.972692533663,-18.64593747087,0.));
#8878 = VECTOR('',#8879,1.);
#8879 = DIRECTION('',(-0.,-0.,-1.));
#8880 = ADVANCED_FACE('',(#8881),#8904,.F.);
#8881 = FACE_BOUND('',#8882,.F.);
#8882 = EDGE_LOOP('',(#8883,#8884,#8891,#8899));
#8883 = ORIENTED_EDGE('',*,*,#8862,.T.);
#8884 = ORIENTED_EDGE('',*,*,#8885,.T.);
#8885 = EDGE_CURVE('',#8856,#8886,#8888,.T.);
#8886 = VERTEX_POINT('',#8887);
#8887 = CARTESIAN_POINT('',(-0.968461838352,-18.72497214063,10.));
#8888 = B_SPLINE_CURVE_WITH_KNOTS('',1,(#8889,#8890),.UNSPECIFIED.,.F.,
  .F.,(2,2),(0.,1.007335975944),.PIECEWISE_BEZIER_KNOTS.);
#8889 = CARTESIAN_POINT('',(-1.972692533663,-18.64593747087,10.));
#8890 = CARTESIAN_POINT('',(-0.968461838352,-18.72497214063,10.));
#8891 = ORIENTED_EDGE('',*,*,#8892,.F.);
#8892 = EDGE_CURVE('',#8893,#8886,#8895,.T.);
#8893 = VERTEX_POINT('',#8894);
#8894 = CARTESIAN_POINT('',(-0.968461838352,-18.72497214063,0.));
#8895 = LINE('',#8896,#8897);
#8896 = CARTESIAN_POINT('',(-0.968461838352,-18.72497214063,0.));
#8897 = VECTOR('',#8898,1.);
#8898 = DIRECTION('',(0.,0.,1.));
#8899 = ORIENTED_EDGE('',*,*,#8900,.F.);
#8900 = EDGE_CURVE('',#8863,#8893,#8901,.T.);
#8901 = B_SPLINE_CURVE_WITH_KNOTS('',1,(#8902,#8903),.UNSPECIFIED.,.F.,
  .F.,(2,2),(0.,1.007335975944),.PIECEWISE_BEZIER_KNOTS.);
#8902 = CARTESIAN_POINT('',(-1.972692533663,-18.64593747087,0.));
#8903 = CARTESIAN_POINT('',(-0.968461838352,-18.72497214063,0.));
#8904 = SURFACE_OF_LINEAR_EXTRUSION('',#8905,#8908);
#8905 = B_SPLINE_CURVE_WITH_KNOTS('',1,(#8906,#8907),.UNSPECIFIED.,.F.,
  .F.,(2,2),(0.,1.007335975944),.PIECEWISE_BEZIER_KNOTS.);
#8906 = CARTESIAN_POINT('',(-1.972692533663,-18.64593747087,0.));
#8907 = CARTESIAN_POINT('',(-0.968461838352,-18.72497214063,0.));
#8908 = VECTOR('',#8909,1.);
#8909 = DIRECTION('',(-0.,-0.,-1.));
#8910 = ADVANCED_FACE('',(#8911),#8934,.F.);
#8911 = FACE_BOUND('',#8912,.F.);
#8912 = EDGE_LOOP('',(#8913,#8914,#8921,#8929));
#8913 = ORIENTED_EDGE('',*,*,#8892,.T.);
#8914 = ORIENTED_EDGE('',*,*,#8915,.T.);
#8915 = EDGE_CURVE('',#8886,#8916,#8918,.T.);
#8916 = VERTEX_POINT('',#8917);
#8917 = CARTESIAN_POINT('',(-0.970726872546,-18.76876602131,10.));
#8918 = B_SPLINE_CURVE_WITH_KNOTS('',1,(#8919,#8920),.UNSPECIFIED.,.F.,
  .F.,(2,2),(0.,4.385241571817E-02),.PIECEWISE_BEZIER_KNOTS.);
#8919 = CARTESIAN_POINT('',(-0.968461838352,-18.72497214063,10.));
#8920 = CARTESIAN_POINT('',(-0.970726872546,-18.76876602131,10.));
#8921 = ORIENTED_EDGE('',*,*,#8922,.F.);
#8922 = EDGE_CURVE('',#8923,#8916,#8925,.T.);
#8923 = VERTEX_POINT('',#8924);
#8924 = CARTESIAN_POINT('',(-0.970726872546,-18.76876602131,0.));
#8925 = LINE('',#8926,#8927);
#8926 = CARTESIAN_POINT('',(-0.970726872546,-18.76876602131,0.));
#8927 = VECTOR('',#8928,1.);
#8928 = DIRECTION('',(0.,0.,1.));
#8929 = ORIENTED_EDGE('',*,*,#8930,.F.);
#8930 = EDGE_CURVE('',#8893,#8923,#8931,.T.);
#8931 = B_SPLINE_CURVE_WITH_KNOTS('',1,(#8932,#8933),.UNSPECIFIED.,.F.,
  .F.,(2,2),(0.,4.385241571817E-02),.PIECEWISE_BEZIER_KNOTS.);
#8932 = CARTESIAN_POINT('',(-0.968461838352,-18.72497214063,0.));
#8933 = CARTESIAN_POINT('',(-0.970726872546,-18.76876602131,0.));
#8934 = SURFACE_OF_LINEAR_EXTRUSION('',#8935,#8938);
#8935 = B_SPLINE_CURVE_WITH_KNOTS('',1,(#8936,#8937),.UNSPECIFIED.,.F.,
  .F.,(2,2),(0.,4.385241571817E-02),.PIECEWISE_BEZIER_KNOTS.);
#8936 = CARTESIAN_POINT('',(-0.968461838352,-18.72497214063,0.));
#8937 = CARTESIAN_POINT('',(-0.970726872546,-18.76876602131,0.));
#8938 = VECTOR('',#8939,1.);
#8939 = DIRECTION('',(-0.,-0.,-1.));
#8940 = ADVANCED_FACE('',(#8941),#9004,.F.);
#8941 = FACE_BOUND('',#8942,.F.);
#8942 = EDGE_LOOP('',(#8943,#8944,#8971,#8979));
#8943 = ORIENTED_EDGE('',*,*,#8922,.T.);
#8944 = ORIENTED_EDGE('',*,*,#8945,.T.);
#8945 = EDGE_CURVE('',#8916,#8946,#8948,.T.);
#8946 = VERTEX_POINT('',#8947);
#8947 = CARTESIAN_POINT('',(-0.327818925184,-20.99744114772,10.));
#8948 = B_SPLINE_CURVE_WITH_KNOTS('',3,(#8949,#8950,#8951,#8952,#8953,
    #8954,#8955,#8956,#8957,#8958,#8959,#8960,#8961,#8962,#8963,#8964,
    #8965,#8966,#8967,#8968,#8969,#8970),.UNSPECIFIED.,.F.,.F.,(4,1,1,1,
    1,1,1,1,1,1,1,1,1,1,1,1,1,1,1,4),(0.,6.469775801205E-03,
    2.587893822125E-02,5.822752025674E-02,0.103515526622,0.161742958887,
    0.232909817767,0.317016103646,0.414061816756,0.524046957245,
    0.646971525216,0.782835520741,0.931638943874,1.093381794658,
    1.268064073122,1.455685779293,1.656246913191,1.869747474833,
    2.096187464232,2.335566881401),.UNSPECIFIED.);
#8949 = CARTESIAN_POINT('',(-0.970726872546,-18.76876602131,10.));
#8950 = CARTESIAN_POINT('',(-0.970815658493,-18.77092093847,10.));
#8951 = CARTESIAN_POINT('',(-0.971109558432,-18.77954225914,10.));
#8952 = CARTESIAN_POINT('',(-0.971243985509,-18.7989543008,10.));
#8953 = CARTESIAN_POINT('',(-0.970729199254,-18.83130116995,10.));
#8954 = CARTESIAN_POINT('',(-0.968820557046,-18.87655471222,10.));
#8955 = CARTESIAN_POINT('',(-0.964875952638,-18.9346546221,10.));
#8956 = CARTESIAN_POINT('',(-0.9582068687,-19.00551657852,10.));
#8957 = CARTESIAN_POINT('',(-0.948147218074,-19.08902868263,10.));
#8958 = CARTESIAN_POINT('',(-0.934027901138,-19.18505299704,10.));
#8959 = CARTESIAN_POINT('',(-0.915187410721,-19.29342517558,10.));
#8960 = CARTESIAN_POINT('',(-0.890969440877,-19.41395482218,10.));
#8961 = CARTESIAN_POINT('',(-0.860724917049,-19.54642564157,10.));
#8962 = CARTESIAN_POINT('',(-0.82381254802,-19.69059569895,10.));
#8963 = CARTESIAN_POINT('',(-0.779599834172,-19.84619768441,10.));
#8964 = CARTESIAN_POINT('',(-0.727463945774,-20.01293921327,10.));
#8965 = CARTESIAN_POINT('',(-0.666792513309,-20.19050315939,10.));
#8966 = CARTESIAN_POINT('',(-0.596984907775,-20.37854799169,10.));
#8967 = CARTESIAN_POINT('',(-0.517451387598,-20.57670824784,10.));
#8968 = CARTESIAN_POINT('',(-0.427620946614,-20.78459458941,10.));
#8969 = CARTESIAN_POINT('',(-0.36229727391,-20.92548180013,10.));
#8970 = CARTESIAN_POINT('',(-0.327818925184,-20.99744114772,10.));
#8971 = ORIENTED_EDGE('',*,*,#8972,.F.);
#8972 = EDGE_CURVE('',#8973,#8946,#8975,.T.);
#8973 = VERTEX_POINT('',#8974);
#8974 = CARTESIAN_POINT('',(-0.327818925184,-20.99744114772,0.));
#8975 = LINE('',#8976,#8977);
#8976 = CARTESIAN_POINT('',(-0.327818925184,-20.99744114772,0.));
#8977 = VECTOR('',#8978,1.);
#8978 = DIRECTION('',(0.,0.,1.));
#8979 = ORIENTED_EDGE('',*,*,#8980,.F.);
#8980 = EDGE_CURVE('',#8923,#8973,#8981,.T.);
#8981 = B_SPLINE_CURVE_WITH_KNOTS('',3,(#8982,#8983,#8984,#8985,#8986,
    #8987,#8988,#8989,#8990,#8991,#8992,#8993,#8994,#8995,#8996,#8997,
    #8998,#8999,#9000,#9001,#9002,#9003),.UNSPECIFIED.,.F.,.F.,(4,1,1,1,
    1,1,1,1,1,1,1,1,1,1,1,1,1,1,1,4),(0.,6.469775801205E-03,
    2.587893822125E-02,5.822752025674E-02,0.103515526622,0.161742958887,
    0.232909817767,0.317016103646,0.414061816756,0.524046957245,
    0.646971525216,0.782835520741,0.931638943874,1.093381794658,
    1.268064073122,1.455685779293,1.656246913191,1.869747474833,
    2.096187464232,2.335566881401),.UNSPECIFIED.);
#8982 = CARTESIAN_POINT('',(-0.970726872546,-18.76876602131,0.));
#8983 = CARTESIAN_POINT('',(-0.970815658493,-18.77092093847,0.));
#8984 = CARTESIAN_POINT('',(-0.971109558432,-18.77954225914,0.));
#8985 = CARTESIAN_POINT('',(-0.971243985509,-18.7989543008,0.));
#8986 = CARTESIAN_POINT('',(-0.970729199254,-18.83130116995,0.));
#8987 = CARTESIAN_POINT('',(-0.968820557046,-18.87655471222,0.));
#8988 = CARTESIAN_POINT('',(-0.964875952638,-18.9346546221,0.));
#8989 = CARTESIAN_POINT('',(-0.9582068687,-19.00551657852,0.));
#8990 = CARTESIAN_POINT('',(-0.948147218074,-19.08902868263,0.));
#8991 = CARTESIAN_POINT('',(-0.934027901138,-19.18505299704,0.));
#8992 = CARTESIAN_POINT('',(-0.915187410721,-19.29342517558,0.));
#8993 = CARTESIAN_POINT('',(-0.890969440877,-19.41395482218,0.));
#8994 = CARTESIAN_POINT('',(-0.860724917049,-19.54642564157,0.));
#8995 = CARTESIAN_POINT('',(-0.82381254802,-19.69059569895,0.));
#8996 = CARTESIAN_POINT('',(-0.779599834172,-19.84619768441,0.));
#8997 = CARTESIAN_POINT('',(-0.727463945774,-20.01293921327,0.));
#8998 = CARTESIAN_POINT('',(-0.666792513309,-20.19050315939,0.));
#8999 = CARTESIAN_POINT('',(-0.596984907775,-20.37854799169,0.));
#9000 = CARTESIAN_POINT('',(-0.517451387598,-20.57670824784,0.));
#9001 = CARTESIAN_POINT('',(-0.427620946614,-20.78459458941,0.));
#9002 = CARTESIAN_POINT('',(-0.36229727391,-20.92548180013,0.));
#9003 = CARTESIAN_POINT('',(-0.327818925184,-20.99744114772,0.));
#9004 = SURFACE_OF_LINEAR_EXTRUSION('',#9005,#9028);
#9005 = B_SPLINE_CURVE_WITH_KNOTS('',3,(#9006,#9007,#9008,#9009,#9010,
    #9011,#9012,#9013,#9014,#9015,#9016,#9017,#9018,#9019,#9020,#9021,
    #9022,#9023,#9024,#9025,#9026,#9027),.UNSPECIFIED.,.F.,.F.,(4,1,1,1,
    1,1,1,1,1,1,1,1,1,1,1,1,1,1,1,4),(0.,6.469775801205E-03,
    2.587893822125E-02,5.822752025674E-02,0.103515526622,0.161742958887,
    0.232909817767,0.317016103646,0.414061816756,0.524046957245,
    0.646971525216,0.782835520741,0.931638943874,1.093381794658,
    1.268064073122,1.455685779293,1.656246913191,1.869747474833,
    2.096187464232,2.335566881401),.UNSPECIFIED.);
#9006 = CARTESIAN_POINT('',(-0.970726872546,-18.76876602131,0.));
#9007 = CARTESIAN_POINT('',(-0.970815658493,-18.77092093847,0.));
#9008 = CARTESIAN_POINT('',(-0.971109558432,-18.77954225914,0.));
#9009 = CARTESIAN_POINT('',(-0.971243985509,-18.7989543008,0.));
#9010 = CARTESIAN_POINT('',(-0.970729199254,-18.83130116995,0.));
#9011 = CARTESIAN_POINT('',(-0.968820557046,-18.87655471222,0.));
#9012 = CARTESIAN_POINT('',(-0.964875952638,-18.9346546221,0.));
#9013 = CARTESIAN_POINT('',(-0.9582068687,-19.00551657852,0.));
#9014 = CARTESIAN_POINT('',(-0.948147218074,-19.08902868263,0.));
#9015 = CARTESIAN_POINT('',(-0.934027901138,-19.18505299704,0.));
#9016 = CARTESIAN_POINT('',(-0.915187410721,-19.29342517558,0.));
#9017 = CARTESIAN_POINT('',(-0.890969440877,-19.41395482218,0.));
#9018 = CARTESIAN_POINT('',(-0.860724917049,-19.54642564157,0.));
#9019 = CARTESIAN_POINT('',(-0.82381254802,-19.69059569895,0.));
#9020 = CARTESIAN_POINT('',(-0.779599834172,-19.84619768441,0.));
#9021 = CARTESIAN_POINT('',(-0.727463945774,-20.01293921327,0.));
#9022 = CARTESIAN_POINT('',(-0.666792513309,-20.19050315939,0.));
#9023 = CARTESIAN_POINT('',(-0.596984907775,-20.37854799169,0.));
#9024 = CARTESIAN_POINT('',(-0.517451387598,-20.57670824784,0.));
#9025 = CARTESIAN_POINT('',(-0.427620946614,-20.78459458941,0.));
#9026 = CARTESIAN_POINT('',(-0.36229727391,-20.92548180013,0.));
#9027 = CARTESIAN_POINT('',(-0.327818925184,-20.99744114772,0.));
#9028 = VECTOR('',#9029,1.);
#9029 = DIRECTION('',(-0.,-0.,-1.));
#9030 = ADVANCED_FACE('',(#9031),#9054,.F.);
#9031 = FACE_BOUND('',#9032,.F.);
#9032 = EDGE_LOOP('',(#9033,#9034,#9041,#9049));
#9033 = ORIENTED_EDGE('',*,*,#8972,.T.);
#9034 = ORIENTED_EDGE('',*,*,#9035,.T.);
#9035 = EDGE_CURVE('',#8946,#9036,#9038,.T.);
#9036 = VERTEX_POINT('',#9037);
#9037 = CARTESIAN_POINT('',(0.327818925184,-20.99744114772,10.));
#9038 = B_SPLINE_CURVE_WITH_KNOTS('',1,(#9039,#9040),.UNSPECIFIED.,.F.,
  .F.,(2,2),(0.,0.655637850368),.PIECEWISE_BEZIER_KNOTS.);
#9039 = CARTESIAN_POINT('',(-0.327818925184,-20.99744114772,10.));
#9040 = CARTESIAN_POINT('',(0.327818925184,-20.99744114772,10.));
#9041 = ORIENTED_EDGE('',*,*,#9042,.F.);
#9042 = EDGE_CURVE('',#9043,#9036,#9045,.T.);
#9043 = VERTEX_POINT('',#9044);
#9044 = CARTESIAN_POINT('',(0.327818925184,-20.99744114772,0.));
#9045 = LINE('',#9046,#9047);
#9046 = CARTESIAN_POINT('',(0.327818925184,-20.99744114772,0.));
#9047 = VECTOR('',#9048,1.);
#9048 = DIRECTION('',(0.,0.,1.));
#9049 = ORIENTED_EDGE('',*,*,#9050,.F.);
#9050 = EDGE_CURVE('',#8973,#9043,#9051,.T.);
#9051 = B_SPLINE_CURVE_WITH_KNOTS('',1,(#9052,#9053),.UNSPECIFIED.,.F.,
  .F.,(2,2),(0.,0.655637850368),.PIECEWISE_BEZIER_KNOTS.);
#9052 = CARTESIAN_POINT('',(-0.327818925184,-20.99744114772,0.));
#9053 = CARTESIAN_POINT('',(0.327818925184,-20.99744114772,0.));
#9054 = SURFACE_OF_LINEAR_EXTRUSION('',#9055,#9058);
#9055 = B_SPLINE_CURVE_WITH_KNOTS('',1,(#9056,#9057),.UNSPECIFIED.,.F.,
  .F.,(2,2),(0.,0.655637850368),.PIECEWISE_BEZIER_KNOTS.);
#9056 = CARTESIAN_POINT('',(-0.327818925184,-20.99744114772,0.));
#9057 = CARTESIAN_POINT('',(0.327818925184,-20.99744114772,0.));
#9058 = VECTOR('',#9059,1.);
#9059 = DIRECTION('',(-0.,-0.,-1.));
#9060 = ADVANCED_FACE('',(#9061),#9124,.F.);
#9061 = FACE_BOUND('',#9062,.F.);
#9062 = EDGE_LOOP('',(#9063,#9064,#9091,#9099));
#9063 = ORIENTED_EDGE('',*,*,#9042,.T.);
#9064 = ORIENTED_EDGE('',*,*,#9065,.T.);
#9065 = EDGE_CURVE('',#9036,#9066,#9068,.T.);
#9066 = VERTEX_POINT('',#9067);
#9067 = CARTESIAN_POINT('',(0.970726872546,-18.76876602131,10.));
#9068 = B_SPLINE_CURVE_WITH_KNOTS('',3,(#9069,#9070,#9071,#9072,#9073,
    #9074,#9075,#9076,#9077,#9078,#9079,#9080,#9081,#9082,#9083,#9084,
    #9085,#9086,#9087,#9088,#9089,#9090),.UNSPECIFIED.,.F.,.F.,(4,1,1,1,
    1,1,1,1,1,1,1,1,1,1,1,1,1,1,1,4),(0.,0.239379417168,0.465819406568,
    0.67931996821,0.879881102108,1.067502808279,1.242185086743,
    1.403927937526,1.55273136066,1.688595356185,1.811519924156,
    1.921505064645,2.018550777754,2.102657063634,2.173823922514,
    2.232051354779,2.277339361144,2.309687943179,2.329097105599,
    2.335566881401),.UNSPECIFIED.);
#9069 = CARTESIAN_POINT('',(0.327818925184,-20.99744114772,10.));
#9070 = CARTESIAN_POINT('',(0.36229727391,-20.92548180013,10.));
#9071 = CARTESIAN_POINT('',(0.427620946614,-20.78459458941,10.));
#9072 = CARTESIAN_POINT('',(0.517451387598,-20.57670824784,10.));
#9073 = CARTESIAN_POINT('',(0.596984907775,-20.37854799169,10.));
#9074 = CARTESIAN_POINT('',(0.666792513309,-20.19050315939,10.));
#9075 = CARTESIAN_POINT('',(0.727463945774,-20.01293921327,10.));
#9076 = CARTESIAN_POINT('',(0.779599834172,-19.84619768441,10.));
#9077 = CARTESIAN_POINT('',(0.82381254802,-19.69059569895,10.));
#9078 = CARTESIAN_POINT('',(0.860724917049,-19.54642564157,10.));
#9079 = CARTESIAN_POINT('',(0.890969440877,-19.41395482218,10.));
#9080 = CARTESIAN_POINT('',(0.915187410721,-19.29342517558,10.));
#9081 = CARTESIAN_POINT('',(0.934027901138,-19.18505299704,10.));
#9082 = CARTESIAN_POINT('',(0.948147218074,-19.08902868263,10.));
#9083 = CARTESIAN_POINT('',(0.9582068687,-19.00551657852,10.));
#9084 = CARTESIAN_POINT('',(0.964875952638,-18.9346546221,10.));
#9085 = CARTESIAN_POINT('',(0.968820557046,-18.87655471222,10.));
#9086 = CARTESIAN_POINT('',(0.970729199254,-18.83130116995,10.));
#9087 = CARTESIAN_POINT('',(0.971243985509,-18.7989543008,10.));
#9088 = CARTESIAN_POINT('',(0.971109558432,-18.77954225914,10.));
#9089 = CARTESIAN_POINT('',(0.970815658493,-18.77092093847,10.));
#9090 = CARTESIAN_POINT('',(0.970726872546,-18.76876602131,10.));
#9091 = ORIENTED_EDGE('',*,*,#9092,.F.);
#9092 = EDGE_CURVE('',#9093,#9066,#9095,.T.);
#9093 = VERTEX_POINT('',#9094);
#9094 = CARTESIAN_POINT('',(0.970726872546,-18.76876602131,0.));
#9095 = LINE('',#9096,#9097);
#9096 = CARTESIAN_POINT('',(0.970726872546,-18.76876602131,0.));
#9097 = VECTOR('',#9098,1.);
#9098 = DIRECTION('',(0.,0.,1.));
#9099 = ORIENTED_EDGE('',*,*,#9100,.F.);
#9100 = EDGE_CURVE('',#9043,#9093,#9101,.T.);
#9101 = B_SPLINE_CURVE_WITH_KNOTS('',3,(#9102,#9103,#9104,#9105,#9106,
    #9107,#9108,#9109,#9110,#9111,#9112,#9113,#9114,#9115,#9116,#9117,
    #9118,#9119,#9120,#9121,#9122,#9123),.UNSPECIFIED.,.F.,.F.,(4,1,1,1,
    1,1,1,1,1,1,1,1,1,1,1,1,1,1,1,4),(0.,0.239379417168,0.465819406568,
    0.67931996821,0.879881102108,1.067502808279,1.242185086743,
    1.403927937526,1.55273136066,1.688595356185,1.811519924156,
    1.921505064645,2.018550777754,2.102657063634,2.173823922514,
    2.232051354779,2.277339361144,2.309687943179,2.329097105599,
    2.335566881401),.UNSPECIFIED.);
#9102 = CARTESIAN_POINT('',(0.327818925184,-20.99744114772,0.));
#9103 = CARTESIAN_POINT('',(0.36229727391,-20.92548180013,0.));
#9104 = CARTESIAN_POINT('',(0.427620946614,-20.78459458941,0.));
#9105 = CARTESIAN_POINT('',(0.517451387598,-20.57670824784,0.));
#9106 = CARTESIAN_POINT('',(0.596984907775,-20.37854799169,0.));
#9107 = CARTESIAN_POINT('',(0.666792513309,-20.19050315939,0.));
#9108 = CARTESIAN_POINT('',(0.727463945774,-20.01293921327,0.));
#9109 = CARTESIAN_POINT('',(0.779599834172,-19.84619768441,0.));
#9110 = CARTESIAN_POINT('',(0.82381254802,-19.69059569895,0.));
#9111 = CARTESIAN_POINT('',(0.860724917049,-19.54642564157,0.));
#9112 = CARTESIAN_POINT('',(0.890969440877,-19.41395482218,0.));
#9113 = CARTESIAN_POINT('',(0.915187410721,-19.29342517558,0.));
#9114 = CARTESIAN_POINT('',(0.934027901138,-19.18505299704,0.));
#9115 = CARTESIAN_POINT('',(0.948147218074,-19.08902868263,0.));
#9116 = CARTESIAN_POINT('',(0.9582068687,-19.00551657852,0.));
#9117 = CARTESIAN_POINT('',(0.964875952638,-18.9346546221,0.));
#9118 = CARTESIAN_POINT('',(0.968820557046,-18.87655471222,0.));
#9119 = CARTESIAN_POINT('',(0.970729199254,-18.83130116995,0.));
#9120 = CARTESIAN_POINT('',(0.971243985509,-18.7989543008,0.));
#9121 = CARTESIAN_POINT('',(0.971109558432,-18.77954225914,0.));
#9122 = CARTESIAN_POINT('',(0.970815658493,-18.77092093847,0.));
#9123 = CARTESIAN_POINT('',(0.970726872546,-18.76876602131,0.));
#9124 = SURFACE_OF_LINEAR_EXTRUSION('',#9125,#9148);
#9125 = B_SPLINE_CURVE_WITH_KNOTS('',3,(#9126,#9127,#9128,#9129,#9130,
    #9131,#9132,#9133,#9134,#9135,#9136,#9137,#9138,#9139,#9140,#9141,
    #9142,#9143,#9144,#9145,#9146,#9147),.UNSPECIFIED.,.F.,.F.,(4,1,1,1,
    1,1,1,1,1,1,1,1,1,1,1,1,1,1,1,4),(0.,0.239379417168,0.465819406568,
    0.67931996821,0.879881102108,1.067502808279,1.242185086743,
    1.403927937526,1.55273136066,1.688595356185,1.811519924156,
    1.921505064645,2.018550777754,2.102657063634,2.173823922514,
    2.232051354779,2.277339361144,2.309687943179,2.329097105599,
    2.335566881401),.UNSPECIFIED.);
#9126 = CARTESIAN_POINT('',(0.327818925184,-20.99744114772,0.));
#9127 = CARTESIAN_POINT('',(0.36229727391,-20.92548180013,0.));
#9128 = CARTESIAN_POINT('',(0.427620946614,-20.78459458941,0.));
#9129 = CARTESIAN_POINT('',(0.517451387598,-20.57670824784,0.));
#9130 = CARTESIAN_POINT('',(0.596984907775,-20.37854799169,0.));
#9131 = CARTESIAN_POINT('',(0.666792513309,-20.19050315939,0.));
#9132 = CARTESIAN_POINT('',(0.727463945774,-20.01293921327,0.));
#9133 = CARTESIAN_POINT('',(0.779599834172,-19.84619768441,0.));
#9134 = CARTESIAN_POINT('',(0.82381254802,-19.69059569895,0.));
#9135 = CARTESIAN_POINT('',(0.860724917049,-19.54642564157,0.));
#9136 = CARTESIAN_POINT('',(0.890969440877,-19.41395482218,0.));
#9137 = CARTESIAN_POINT('',(0.915187410721,-19.29342517558,0.));
#9138 = CARTESIAN_POINT('',(0.934027901138,-19.18505299704,0.));
#9139 = CARTESIAN_POINT('',(0.948147218074,-19.08902868263,0.));
#9140 = CARTESIAN_POINT('',(0.9582068687,-19.00551657852,0.));
#9141 = CARTESIAN_POINT('',(0.964875952638,-18.9346546221,0.));
#9142 = CARTESIAN_POINT('',(0.968820557046,-18.87655471222,0.));
#9143 = CARTESIAN_POINT('',(0.970729199254,-18.83130116995,0.));
#9144 = CARTESIAN_POINT('',(0.971243985509,-18.7989543008,0.));
#9145 = CARTESIAN_POINT('',(0.971109558432,-18.77954225914,0.));
#9146 = CARTESIAN_POINT('',(0.970815658493,-18.77092093847,0.));
#9147 = CARTESIAN_POINT('',(0.970726872546,-18.76876602131,0.));
#9148 = VECTOR('',#9149,1.);
#9149 = DIRECTION('',(-0.,-0.,-1.));
#9150 = ADVANCED_FACE('',(#9151),#9174,.F.);
#9151 = FACE_BOUND('',#9152,.F.);
#9152 = EDGE_LOOP('',(#9153,#9154,#9161,#9169));
#9153 = ORIENTED_EDGE('',*,*,#9092,.T.);
#9154 = ORIENTED_EDGE('',*,*,#9155,.T.);
#9155 = EDGE_CURVE('',#9066,#9156,#9158,.T.);
#9156 = VERTEX_POINT('',#9157);
#9157 = CARTESIAN_POINT('',(0.968461838352,-18.72497214063,10.));
#9158 = B_SPLINE_CURVE_WITH_KNOTS('',1,(#9159,#9160),.UNSPECIFIED.,.F.,
  .F.,(2,2),(0.,4.385241571817E-02),.PIECEWISE_BEZIER_KNOTS.);
#9159 = CARTESIAN_POINT('',(0.970726872546,-18.76876602131,10.));
#9160 = CARTESIAN_POINT('',(0.968461838352,-18.72497214063,10.));
#9161 = ORIENTED_EDGE('',*,*,#9162,.F.);
#9162 = EDGE_CURVE('',#9163,#9156,#9165,.T.);
#9163 = VERTEX_POINT('',#9164);
#9164 = CARTESIAN_POINT('',(0.968461838352,-18.72497214063,0.));
#9165 = LINE('',#9166,#9167);
#9166 = CARTESIAN_POINT('',(0.968461838352,-18.72497214063,0.));
#9167 = VECTOR('',#9168,1.);
#9168 = DIRECTION('',(0.,0.,1.));
#9169 = ORIENTED_EDGE('',*,*,#9170,.F.);
#9170 = EDGE_CURVE('',#9093,#9163,#9171,.T.);
#9171 = B_SPLINE_CURVE_WITH_KNOTS('',1,(#9172,#9173),.UNSPECIFIED.,.F.,
  .F.,(2,2),(0.,4.385241571817E-02),.PIECEWISE_BEZIER_KNOTS.);
#9172 = CARTESIAN_POINT('',(0.970726872546,-18.76876602131,0.));
#9173 = CARTESIAN_POINT('',(0.968461838352,-18.72497214063,0.));
#9174 = SURFACE_OF_LINEAR_EXTRUSION('',#9175,#9178);
#9175 = B_SPLINE_CURVE_WITH_KNOTS('',1,(#9176,#9177),.UNSPECIFIED.,.F.,
  .F.,(2,2),(0.,4.385241571817E-02),.PIECEWISE_BEZIER_KNOTS.);
#9176 = CARTESIAN_POINT('',(0.970726872546,-18.76876602131,0.));
#9177 = CARTESIAN_POINT('',(0.968461838352,-18.72497214063,0.));
#9178 = VECTOR('',#9179,1.);
#9179 = DIRECTION('',(-0.,-0.,-1.));
#9180 = ADVANCED_FACE('',(#9181),#9204,.F.);
#9181 = FACE_BOUND('',#9182,.F.);
#9182 = EDGE_LOOP('',(#9183,#9184,#9191,#9199));
#9183 = ORIENTED_EDGE('',*,*,#9162,.T.);
#9184 = ORIENTED_EDGE('',*,*,#9185,.T.);
#9185 = EDGE_CURVE('',#9156,#9186,#9188,.T.);
#9186 = VERTEX_POINT('',#9187);
#9187 = CARTESIAN_POINT('',(1.972692533663,-18.64593747087,10.));
#9188 = B_SPLINE_CURVE_WITH_KNOTS('',1,(#9189,#9190),.UNSPECIFIED.,.F.,
  .F.,(2,2),(0.,1.007335975944),.PIECEWISE_BEZIER_KNOTS.);
#9189 = CARTESIAN_POINT('',(0.968461838352,-18.72497214063,10.));
#9190 = CARTESIAN_POINT('',(1.972692533663,-18.64593747087,10.));
#9191 = ORIENTED_EDGE('',*,*,#9192,.F.);
#9192 = EDGE_CURVE('',#9193,#9186,#9195,.T.);
#9193 = VERTEX_POINT('',#9194);
#9194 = CARTESIAN_POINT('',(1.972692533663,-18.64593747087,0.));
#9195 = LINE('',#9196,#9197);
#9196 = CARTESIAN_POINT('',(1.972692533663,-18.64593747087,0.));
#9197 = VECTOR('',#9198,1.);
#9198 = DIRECTION('',(0.,0.,1.));
#9199 = ORIENTED_EDGE('',*,*,#9200,.F.);
#9200 = EDGE_CURVE('',#9163,#9193,#9201,.T.);
#9201 = B_SPLINE_CURVE_WITH_KNOTS('',1,(#9202,#9203),.UNSPECIFIED.,.F.,
  .F.,(2,2),(0.,1.007335975944),.PIECEWISE_BEZIER_KNOTS.);
#9202 = CARTESIAN_POINT('',(0.968461838352,-18.72497214063,0.));
#9203 = CARTESIAN_POINT('',(1.972692533663,-18.64593747087,0.));
#9204 = SURFACE_OF_LINEAR_EXTRUSION('',#9205,#9208);
#9205 = B_SPLINE_CURVE_WITH_KNOTS('',1,(#9206,#9207),.UNSPECIFIED.,.F.,
  .F.,(2,2),(0.,1.007335975944),.PIECEWISE_BEZIER_KNOTS.);
#9206 = CARTESIAN_POINT('',(0.968461838352,-18.72497214063,0.));
#9207 = CARTESIAN_POINT('',(1.972692533663,-18.64593747087,0.));
#9208 = VECTOR('',#9209,1.);
#9209 = DIRECTION('',(-0.,-0.,-1.));
#9210 = ADVANCED_FACE('',(#9211),#9234,.F.);
#9211 = FACE_BOUND('',#9212,.F.);
#9212 = EDGE_LOOP('',(#9213,#9214,#9221,#9229));
#9213 = ORIENTED_EDGE('',*,*,#9192,.T.);
#9214 = ORIENTED_EDGE('',*,*,#9215,.T.);
#9215 = EDGE_CURVE('',#9186,#9216,#9218,.T.);
#9216 = VERTEX_POINT('',#9217);
#9217 = CARTESIAN_POINT('',(1.977306258093,-18.68954650561,10.));
#9218 = B_SPLINE_CURVE_WITH_KNOTS('',1,(#9219,#9220),.UNSPECIFIED.,.F.,
  .F.,(2,2),(0.,4.385241571817E-02),.PIECEWISE_BEZIER_KNOTS.);
#9219 = CARTESIAN_POINT('',(1.972692533663,-18.64593747087,10.));
#9220 = CARTESIAN_POINT('',(1.977306258093,-18.68954650561,10.));
#9221 = ORIENTED_EDGE('',*,*,#9222,.F.);
#9222 = EDGE_CURVE('',#9223,#9216,#9225,.T.);
#9223 = VERTEX_POINT('',#9224);
#9224 = CARTESIAN_POINT('',(1.977306258093,-18.68954650561,0.));
#9225 = LINE('',#9226,#9227);
#9226 = CARTESIAN_POINT('',(1.977306258093,-18.68954650561,0.));
#9227 = VECTOR('',#9228,1.);
#9228 = DIRECTION('',(0.,0.,1.));
#9229 = ORIENTED_EDGE('',*,*,#9230,.F.);
#9230 = EDGE_CURVE('',#9193,#9223,#9231,.T.);
#9231 = B_SPLINE_CURVE_WITH_KNOTS('',1,(#9232,#9233),.UNSPECIFIED.,.F.,
  .F.,(2,2),(0.,4.385241571817E-02),.PIECEWISE_BEZIER_KNOTS.);
#9232 = CARTESIAN_POINT('',(1.972692533663,-18.64593747087,0.));
#9233 = CARTESIAN_POINT('',(1.977306258093,-18.68954650561,0.));
#9234 = SURFACE_OF_LINEAR_EXTRUSION('',#9235,#9238);
#9235 = B_SPLINE_CURVE_WITH_KNOTS('',1,(#9236,#9237),.UNSPECIFIED.,.F.,
  .F.,(2,2),(0.,4.385241571817E-02),.PIECEWISE_BEZIER_KNOTS.);
#9236 = CARTESIAN_POINT('',(1.972692533663,-18.64593747087,0.));
#9237 = CARTESIAN_POINT('',(1.977306258093,-18.68954650561,0.));
#9238 = VECTOR('',#9239,1.);
#9239 = DIRECTION('',(-0.,-0.,-1.));
#9240 = ADVANCED_FACE('',(#9241),#9304,.F.);
#9241 = FACE_BOUND('',#9242,.F.);
#9242 = EDGE_LOOP('',(#9243,#9244,#9271,#9279));
#9243 = ORIENTED_EDGE('',*,*,#9222,.T.);
#9244 = ORIENTED_EDGE('',*,*,#9245,.T.);
#9245 = EDGE_CURVE('',#9216,#9246,#9248,.T.);
#9246 = VERTEX_POINT('',#9247);
#9247 = CARTESIAN_POINT('',(2.960940542928,-20.79020998213,10.));
#9248 = B_SPLINE_CURVE_WITH_KNOTS('',3,(#9249,#9250,#9251,#9252,#9253,
    #9254,#9255,#9256,#9257,#9258,#9259,#9260,#9261,#9262,#9263,#9264,
    #9265,#9266,#9267,#9268,#9269,#9270),.UNSPECIFIED.,.F.,.F.,(4,1,1,1,
    1,1,1,1,1,1,1,1,1,1,1,1,1,1,1,4),(0.,6.469775801205E-03,
    2.587893822125E-02,5.822752025674E-02,0.103515526622,0.161742958887,
    0.232909817767,0.317016103646,0.414061816756,0.524046957245,
    0.646971525216,0.782835520741,0.931638943874,1.093381794658,
    1.268064073122,1.455685779293,1.656246913191,1.869747474833,
    2.096187464232,2.335566881401),.UNSPECIFIED.);
#9249 = CARTESIAN_POINT('',(1.977306258093,-18.68954650561,10.));
#9250 = CARTESIAN_POINT('',(1.977555668562,-18.69168878135,10.));
#9251 = CARTESIAN_POINT('',(1.978614058706,-18.70024993533,10.));
#9252 = CARTESIAN_POINT('',(1.981517999,-18.71944401157,10.));
#9253 = CARTESIAN_POINT('',(1.987086612555,-18.75131210678,10.));
#9254 = CARTESIAN_POINT('',(1.996050969886,-18.79570992542,10.));
#9255 = CARTESIAN_POINT('',(2.009035837989,-18.85247745692,10.));
#9256 = CARTESIAN_POINT('',(2.026708066681,-18.92142371049,10.));
#9257 = CARTESIAN_POINT('',(2.049708037646,-19.00233396596,10.));
#9258 = CARTESIAN_POINT('',(2.078675034616,-19.09496731392,10.));
#9259 = CARTESIAN_POINT('',(2.114236711108,-19.19905794907,10.));
#9260 = CARTESIAN_POINT('',(2.157011508344,-19.31431515056,10.));
#9261 = CARTESIAN_POINT('',(2.207606673659,-19.44042374843,10.));
#9262 = CARTESIAN_POINT('',(2.266617755974,-19.57704446646,10.));
#9263 = CARTESIAN_POINT('',(2.334627651303,-19.72381434104,10.));
#9264 = CARTESIAN_POINT('',(2.412205782267,-19.88034715518,10.));
#9265 = CARTESIAN_POINT('',(2.499907369641,-20.04623389139,10.));
#9266 = CARTESIAN_POINT('',(2.598272220457,-20.22104326434,10.));
#9267 = CARTESIAN_POINT('',(2.707825644685,-20.40432205522,10.));
#9268 = CARTESIAN_POINT('',(2.829070712508,-20.59559639398,10.));
#9269 = CARTESIAN_POINT('',(2.915629757843,-20.72453017555,10.));
#9270 = CARTESIAN_POINT('',(2.960940542928,-20.79020998213,10.));
#9271 = ORIENTED_EDGE('',*,*,#9272,.F.);
#9272 = EDGE_CURVE('',#9273,#9246,#9275,.T.);
#9273 = VERTEX_POINT('',#9274);
#9274 = CARTESIAN_POINT('',(2.960940542928,-20.79020998213,0.));
#9275 = LINE('',#9276,#9277);
#9276 = CARTESIAN_POINT('',(2.960940542928,-20.79020998213,0.));
#9277 = VECTOR('',#9278,1.);
#9278 = DIRECTION('',(0.,0.,1.));
#9279 = ORIENTED_EDGE('',*,*,#9280,.F.);
#9280 = EDGE_CURVE('',#9223,#9273,#9281,.T.);
#9281 = B_SPLINE_CURVE_WITH_KNOTS('',3,(#9282,#9283,#9284,#9285,#9286,
    #9287,#9288,#9289,#9290,#9291,#9292,#9293,#9294,#9295,#9296,#9297,
    #9298,#9299,#9300,#9301,#9302,#9303),.UNSPECIFIED.,.F.,.F.,(4,1,1,1,
    1,1,1,1,1,1,1,1,1,1,1,1,1,1,1,4),(0.,6.469775801205E-03,
    2.587893822125E-02,5.822752025674E-02,0.103515526622,0.161742958887,
    0.232909817767,0.317016103646,0.414061816756,0.524046957245,
    0.646971525216,0.782835520741,0.931638943874,1.093381794658,
    1.268064073122,1.455685779293,1.656246913191,1.869747474833,
    2.096187464232,2.335566881401),.UNSPECIFIED.);
#9282 = CARTESIAN_POINT('',(1.977306258093,-18.68954650561,0.));
#9283 = CARTESIAN_POINT('',(1.977555668562,-18.69168878135,0.));
#9284 = CARTESIAN_POINT('',(1.978614058706,-18.70024993533,0.));
#9285 = CARTESIAN_POINT('',(1.981517999,-18.71944401157,0.));
#9286 = CARTESIAN_POINT('',(1.987086612555,-18.75131210678,0.));
#9287 = CARTESIAN_POINT('',(1.996050969886,-18.79570992542,0.));
#9288 = CARTESIAN_POINT('',(2.009035837989,-18.85247745692,0.));
#9289 = CARTESIAN_POINT('',(2.026708066681,-18.92142371049,0.));
#9290 = CARTESIAN_POINT('',(2.049708037646,-19.00233396596,0.));
#9291 = CARTESIAN_POINT('',(2.078675034616,-19.09496731392,0.));
#9292 = CARTESIAN_POINT('',(2.114236711108,-19.19905794907,0.));
#9293 = CARTESIAN_POINT('',(2.157011508344,-19.31431515056,0.));
#9294 = CARTESIAN_POINT('',(2.207606673659,-19.44042374843,0.));
#9295 = CARTESIAN_POINT('',(2.266617755974,-19.57704446646,0.));
#9296 = CARTESIAN_POINT('',(2.334627651303,-19.72381434104,0.));
#9297 = CARTESIAN_POINT('',(2.412205782267,-19.88034715518,0.));
#9298 = CARTESIAN_POINT('',(2.499907369641,-20.04623389139,0.));
#9299 = CARTESIAN_POINT('',(2.598272220457,-20.22104326434,0.));
#9300 = CARTESIAN_POINT('',(2.707825644685,-20.40432205522,0.));
#9301 = CARTESIAN_POINT('',(2.829070712508,-20.59559639398,0.));
#9302 = CARTESIAN_POINT('',(2.915629757843,-20.72453017555,0.));
#9303 = CARTESIAN_POINT('',(2.960940542928,-20.79020998213,0.));
#9304 = SURFACE_OF_LINEAR_EXTRUSION('',#9305,#9328);
#9305 = B_SPLINE_CURVE_WITH_KNOTS('',3,(#9306,#9307,#9308,#9309,#9310,
    #9311,#9312,#9313,#9314,#9315,#9316,#9317,#9318,#9319,#9320,#9321,
    #9322,#9323,#9324,#9325,#9326,#9327),.UNSPECIFIED.,.F.,.F.,(4,1,1,1,
    1,1,1,1,1,1,1,1,1,1,1,1,1,1,1,4),(0.,6.469775801205E-03,
    2.587893822125E-02,5.822752025674E-02,0.103515526622,0.161742958887,
    0.232909817767,0.317016103646,0.414061816756,0.524046957245,
    0.646971525216,0.782835520741,0.931638943874,1.093381794658,
    1.268064073122,1.455685779293,1.656246913191,1.869747474833,
    2.096187464232,2.335566881401),.UNSPECIFIED.);
#9306 = CARTESIAN_POINT('',(1.977306258093,-18.68954650561,0.));
#9307 = CARTESIAN_POINT('',(1.977555668562,-18.69168878135,0.));
#9308 = CARTESIAN_POINT('',(1.978614058706,-18.70024993533,0.));
#9309 = CARTESIAN_POINT('',(1.981517999,-18.71944401157,0.));
#9310 = CARTESIAN_POINT('',(1.987086612555,-18.75131210678,0.));
#9311 = CARTESIAN_POINT('',(1.996050969886,-18.79570992542,0.));
#9312 = CARTESIAN_POINT('',(2.009035837989,-18.85247745692,0.));
#9313 = CARTESIAN_POINT('',(2.026708066681,-18.92142371049,0.));
#9314 = CARTESIAN_POINT('',(2.049708037646,-19.00233396596,0.));
#9315 = CARTESIAN_POINT('',(2.078675034616,-19.09496731392,0.));
#9316 = CARTESIAN_POINT('',(2.114236711108,-19.19905794907,0.));
#9317 = CARTESIAN_POINT('',(2.157011508344,-19.31431515056,0.));
#9318 = CARTESIAN_POINT('',(2.207606673659,-19.44042374843,0.));
#9319 = CARTESIAN_POINT('',(2.266617755974,-19.57704446646,0.));
#9320 = CARTESIAN_POINT('',(2.334627651303,-19.72381434104,0.));
#9321 = CARTESIAN_POINT('',(2.412205782267,-19.88034715518,0.));
#9322 = CARTESIAN_POINT('',(2.499907369641,-20.04623389139,0.));
#9323 = CARTESIAN_POINT('',(2.598272220457,-20.22104326434,0.));
#9324 = CARTESIAN_POINT('',(2.707825644685,-20.40432205522,0.));
#9325 = CARTESIAN_POINT('',(2.829070712508,-20.59559639398,0.));
#9326 = CARTESIAN_POINT('',(2.915629757843,-20.72453017555,0.));
#9327 = CARTESIAN_POINT('',(2.960940542928,-20.79020998213,0.));
#9328 = VECTOR('',#9329,1.);
#9329 = DIRECTION('',(-0.,-0.,-1.));
#9330 = ADVANCED_FACE('',(#9331),#9354,.F.);
#9331 = FACE_BOUND('',#9332,.F.);
#9332 = EDGE_LOOP('',(#9333,#9334,#9341,#9349));
#9333 = ORIENTED_EDGE('',*,*,#9272,.T.);
#9334 = ORIENTED_EDGE('',*,*,#9335,.T.);
#9335 = EDGE_CURVE('',#9246,#9336,#9338,.T.);
#9336 = VERTEX_POINT('',#9337);
#9337 = CARTESIAN_POINT('',(3.608506403389,-20.68764562575,10.));
#9338 = B_SPLINE_CURVE_WITH_KNOTS('',1,(#9339,#9340),.UNSPECIFIED.,.F.,
  .F.,(2,2),(0.,0.655637850368),.PIECEWISE_BEZIER_KNOTS.);
#9339 = CARTESIAN_POINT('',(2.960940542928,-20.79020998213,10.));
#9340 = CARTESIAN_POINT('',(3.608506403389,-20.68764562575,10.));
#9341 = ORIENTED_EDGE('',*,*,#9342,.F.);
#9342 = EDGE_CURVE('',#9343,#9336,#9345,.T.);
#9343 = VERTEX_POINT('',#9344);
#9344 = CARTESIAN_POINT('',(3.608506403389,-20.68764562575,0.));
#9345 = LINE('',#9346,#9347);
#9346 = CARTESIAN_POINT('',(3.608506403389,-20.68764562575,0.));
#9347 = VECTOR('',#9348,1.);
#9348 = DIRECTION('',(0.,0.,1.));
#9349 = ORIENTED_EDGE('',*,*,#9350,.F.);
#9350 = EDGE_CURVE('',#9273,#9343,#9351,.T.);
#9351 = B_SPLINE_CURVE_WITH_KNOTS('',1,(#9352,#9353),.UNSPECIFIED.,.F.,
  .F.,(2,2),(0.,0.655637850368),.PIECEWISE_BEZIER_KNOTS.);
#9352 = CARTESIAN_POINT('',(2.960940542928,-20.79020998213,0.));
#9353 = CARTESIAN_POINT('',(3.608506403389,-20.68764562575,0.));
#9354 = SURFACE_OF_LINEAR_EXTRUSION('',#9355,#9358);
#9355 = B_SPLINE_CURVE_WITH_KNOTS('',1,(#9356,#9357),.UNSPECIFIED.,.F.,
  .F.,(2,2),(0.,0.655637850368),.PIECEWISE_BEZIER_KNOTS.);
#9356 = CARTESIAN_POINT('',(2.960940542928,-20.79020998213,0.));
#9357 = CARTESIAN_POINT('',(3.608506403389,-20.68764562575,0.));
#9358 = VECTOR('',#9359,1.);
#9359 = DIRECTION('',(-0.,-0.,-1.));
#9360 = ADVANCED_FACE('',(#9361),#9424,.F.);
#9361 = FACE_BOUND('',#9362,.F.);
#9362 = EDGE_LOOP('',(#9363,#9364,#9391,#9399));
#9363 = ORIENTED_EDGE('',*,*,#9342,.T.);
#9364 = ORIENTED_EDGE('',*,*,#9365,.T.);
#9365 = EDGE_CURVE('',#9336,#9366,#9368,.T.);
#9366 = VERTEX_POINT('',#9367);
#9367 = CARTESIAN_POINT('',(3.894857485925,-18.3858362276,10.));
#9368 = B_SPLINE_CURVE_WITH_KNOTS('',3,(#9369,#9370,#9371,#9372,#9373,
    #9374,#9375,#9376,#9377,#9378,#9379,#9380,#9381,#9382,#9383,#9384,
    #9385,#9386,#9387,#9388,#9389,#9390),.UNSPECIFIED.,.F.,.F.,(4,1,1,1,
    1,1,1,1,1,1,1,1,1,1,1,1,1,1,1,4),(0.,0.239379417168,0.465819406568,
    0.67931996821,0.879881102108,1.067502808279,1.242185086743,
    1.403927937526,1.55273136066,1.688595356185,1.811519924156,
    1.921505064645,2.018550777754,2.102657063634,2.173823922514,
    2.232051354779,2.277339361144,2.309687943179,2.329097105599,
    2.335566881401),.UNSPECIFIED.);
#9369 = CARTESIAN_POINT('',(3.608506403389,-20.68764562575,10.));
#9370 = CARTESIAN_POINT('',(3.631303344384,-20.6111786151,10.));
#9371 = CARTESIAN_POINT('',(3.673783158838,-20.46180708593,10.));
#9372 = CARTESIAN_POINT('',(3.729987049395,-20.24242759321,10.));
#9373 = CARTESIAN_POINT('',(3.777542286298,-20.03426523497,10.));
#9374 = CARTESIAN_POINT('',(3.817073751625,-19.83761523117,10.));
#9375 = CARTESIAN_POINT('',(3.849221097156,-19.65274628879,10.));
#9376 = CARTESIAN_POINT('',(3.874630984386,-19.47990177503,10.));
#9377 = CARTESIAN_POINT('',(3.893957853004,-19.31929911598,10.));
#9378 = CARTESIAN_POINT('',(3.907862603717,-19.17112966454,10.));
#9379 = CARTESIAN_POINT('',(3.917011765505,-19.03555849486,10.));
#9380 = CARTESIAN_POINT('',(3.922076581165,-18.91272424306,10.));
#9381 = CARTESIAN_POINT('',(3.923731970105,-18.80273900383,10.));
#9382 = CARTESIAN_POINT('',(3.922655942565,-18.70568816028,10.));
#9383 = CARTESIAN_POINT('',(3.919527570868,-18.62163055269,10.));
#9384 = CARTESIAN_POINT('',(3.915029295071,-18.55059774996,10.));
#9385 = CARTESIAN_POINT('',(3.909836506532,-18.4925960743,10.));
#9386 = CARTESIAN_POINT('',(3.904642436512,-18.44760110081,10.));
#9387 = CARTESIAN_POINT('',(3.900090719722,-18.41557194498,10.));
#9388 = CARTESIAN_POINT('',(3.896921235313,-18.39641992679,10.));
#9389 = CARTESIAN_POINT('',(3.895282282084,-18.38795072497,10.));
#9390 = CARTESIAN_POINT('',(3.894857485925,-18.3858362276,10.));
#9391 = ORIENTED_EDGE('',*,*,#9392,.F.);
#9392 = EDGE_CURVE('',#9393,#9366,#9395,.T.);
#9393 = VERTEX_POINT('',#9394);
#9394 = CARTESIAN_POINT('',(3.894857485925,-18.3858362276,0.));
#9395 = LINE('',#9396,#9397);
#9396 = CARTESIAN_POINT('',(3.894857485925,-18.3858362276,0.));
#9397 = VECTOR('',#9398,1.);
#9398 = DIRECTION('',(0.,0.,1.));
#9399 = ORIENTED_EDGE('',*,*,#9400,.F.);
#9400 = EDGE_CURVE('',#9343,#9393,#9401,.T.);
#9401 = B_SPLINE_CURVE_WITH_KNOTS('',3,(#9402,#9403,#9404,#9405,#9406,
    #9407,#9408,#9409,#9410,#9411,#9412,#9413,#9414,#9415,#9416,#9417,
    #9418,#9419,#9420,#9421,#9422,#9423),.UNSPECIFIED.,.F.,.F.,(4,1,1,1,
    1,1,1,1,1,1,1,1,1,1,1,1,1,1,1,4),(0.,0.239379417168,0.465819406568,
    0.67931996821,0.879881102108,1.067502808279,1.242185086743,
    1.403927937526,1.55273136066,1.688595356185,1.811519924156,
    1.921505064645,2.018550777754,2.102657063634,2.173823922514,
    2.232051354779,2.277339361144,2.309687943179,2.329097105599,
    2.335566881401),.UNSPECIFIED.);
#9402 = CARTESIAN_POINT('',(3.608506403389,-20.68764562575,0.));
#9403 = CARTESIAN_POINT('',(3.631303344384,-20.6111786151,0.));
#9404 = CARTESIAN_POINT('',(3.673783158838,-20.46180708593,0.));
#9405 = CARTESIAN_POINT('',(3.729987049395,-20.24242759321,0.));
#9406 = CARTESIAN_POINT('',(3.777542286298,-20.03426523497,0.));
#9407 = CARTESIAN_POINT('',(3.817073751625,-19.83761523117,0.));
#9408 = CARTESIAN_POINT('',(3.849221097156,-19.65274628879,0.));
#9409 = CARTESIAN_POINT('',(3.874630984386,-19.47990177503,0.));
#9410 = CARTESIAN_POINT('',(3.893957853004,-19.31929911598,0.));
#9411 = CARTESIAN_POINT('',(3.907862603717,-19.17112966454,0.));
#9412 = CARTESIAN_POINT('',(3.917011765505,-19.03555849486,0.));
#9413 = CARTESIAN_POINT('',(3.922076581165,-18.91272424306,0.));
#9414 = CARTESIAN_POINT('',(3.923731970105,-18.80273900383,0.));
#9415 = CARTESIAN_POINT('',(3.922655942565,-18.70568816028,0.));
#9416 = CARTESIAN_POINT('',(3.919527570868,-18.62163055269,0.));
#9417 = CARTESIAN_POINT('',(3.915029295071,-18.55059774996,0.));
#9418 = CARTESIAN_POINT('',(3.909836506532,-18.4925960743,0.));
#9419 = CARTESIAN_POINT('',(3.904642436512,-18.44760110081,0.));
#9420 = CARTESIAN_POINT('',(3.900090719722,-18.41557194498,0.));
#9421 = CARTESIAN_POINT('',(3.896921235313,-18.39641992679,0.));
#9422 = CARTESIAN_POINT('',(3.895282282084,-18.38795072497,0.));
#9423 = CARTESIAN_POINT('',(3.894857485925,-18.3858362276,0.));
#9424 = SURFACE_OF_LINEAR_EXTRUSION('',#9425,#9448);
#9425 = B_SPLINE_CURVE_WITH_KNOTS('',3,(#9426,#9427,#9428,#9429,#9430,
    #9431,#9432,#9433,#9434,#9435,#9436,#9437,#9438,#9439,#9440,#9441,
    #9442,#9443,#9444,#9445,#9446,#9447),.UNSPECIFIED.,.F.,.F.,(4,1,1,1,
    1,1,1,1,1,1,1,1,1,1,1,1,1,1,1,4),(0.,0.239379417168,0.465819406568,
    0.67931996821,0.879881102108,1.067502808279,1.242185086743,
    1.403927937526,1.55273136066,1.688595356185,1.811519924156,
    1.921505064645,2.018550777754,2.102657063634,2.173823922514,
    2.232051354779,2.277339361144,2.309687943179,2.329097105599,
    2.335566881401),.UNSPECIFIED.);
#9426 = CARTESIAN_POINT('',(3.608506403389,-20.68764562575,0.));
#9427 = CARTESIAN_POINT('',(3.631303344384,-20.6111786151,0.));
#9428 = CARTESIAN_POINT('',(3.673783158838,-20.46180708593,0.));
#9429 = CARTESIAN_POINT('',(3.729987049395,-20.24242759321,0.));
#9430 = CARTESIAN_POINT('',(3.777542286298,-20.03426523497,0.));
#9431 = CARTESIAN_POINT('',(3.817073751625,-19.83761523117,0.));
#9432 = CARTESIAN_POINT('',(3.849221097156,-19.65274628879,0.));
#9433 = CARTESIAN_POINT('',(3.874630984386,-19.47990177503,0.));
#9434 = CARTESIAN_POINT('',(3.893957853004,-19.31929911598,0.));
#9435 = CARTESIAN_POINT('',(3.907862603717,-19.17112966454,0.));
#9436 = CARTESIAN_POINT('',(3.917011765505,-19.03555849486,0.));
#9437 = CARTESIAN_POINT('',(3.922076581165,-18.91272424306,0.));
#9438 = CARTESIAN_POINT('',(3.923731970105,-18.80273900383,0.));
#9439 = CARTESIAN_POINT('',(3.922655942565,-18.70568816028,0.));
#9440 = CARTESIAN_POINT('',(3.919527570868,-18.62163055269,0.));
#9441 = CARTESIAN_POINT('',(3.915029295071,-18.55059774996,0.));
#9442 = CARTESIAN_POINT('',(3.909836506532,-18.4925960743,0.));
#9443 = CARTESIAN_POINT('',(3.904642436512,-18.44760110081,0.));
#9444 = CARTESIAN_POINT('',(3.900090719722,-18.41557194498,0.));
#9445 = CARTESIAN_POINT('',(3.896921235313,-18.39641992679,0.));
#9446 = CARTESIAN_POINT('',(3.895282282084,-18.38795072497,0.));
#9447 = CARTESIAN_POINT('',(3.894857485925,-18.3858362276,0.));
#9448 = VECTOR('',#9449,1.);
#9449 = DIRECTION('',(-0.,-0.,-1.));
#9450 = ADVANCED_FACE('',(#9451),#9474,.F.);
#9451 = FACE_BOUND('',#9452,.F.);
#9452 = EDGE_LOOP('',(#9453,#9454,#9461,#9469));
#9453 = ORIENTED_EDGE('',*,*,#9392,.T.);
#9454 = ORIENTED_EDGE('',*,*,#9455,.T.);
#9455 = EDGE_CURVE('',#9366,#9456,#9458,.T.);
#9456 = VERTEX_POINT('',#9457);
#9457 = CARTESIAN_POINT('',(3.885769465765,-18.34293585168,10.));
#9458 = B_SPLINE_CURVE_WITH_KNOTS('',1,(#9459,#9460),.UNSPECIFIED.,.F.,
  .F.,(2,2),(0.,4.385241571817E-02),.PIECEWISE_BEZIER_KNOTS.);
#9459 = CARTESIAN_POINT('',(3.894857485925,-18.3858362276,10.));
#9460 = CARTESIAN_POINT('',(3.885769465765,-18.34293585168,10.));
#9461 = ORIENTED_EDGE('',*,*,#9462,.F.);
#9462 = EDGE_CURVE('',#9463,#9456,#9465,.T.);
#9463 = VERTEX_POINT('',#9464);
#9464 = CARTESIAN_POINT('',(3.885769465765,-18.34293585168,0.));
#9465 = LINE('',#9466,#9467);
#9466 = CARTESIAN_POINT('',(3.885769465765,-18.34293585168,0.));
#9467 = VECTOR('',#9468,1.);
#9468 = DIRECTION('',(0.,0.,1.));
#9469 = ORIENTED_EDGE('',*,*,#9470,.F.);
#9470 = EDGE_CURVE('',#9393,#9463,#9471,.T.);
#9471 = B_SPLINE_CURVE_WITH_KNOTS('',1,(#9472,#9473),.UNSPECIFIED.,.F.,
  .F.,(2,2),(0.,4.385241571817E-02),.PIECEWISE_BEZIER_KNOTS.);
#9472 = CARTESIAN_POINT('',(3.894857485925,-18.3858362276,0.));
#9473 = CARTESIAN_POINT('',(3.885769465765,-18.34293585168,0.));
#9474 = SURFACE_OF_LINEAR_EXTRUSION('',#9475,#9478);
#9475 = B_SPLINE_CURVE_WITH_KNOTS('',1,(#9476,#9477),.UNSPECIFIED.,.F.,
  .F.,(2,2),(0.,4.385241571817E-02),.PIECEWISE_BEZIER_KNOTS.);
#9476 = CARTESIAN_POINT('',(3.894857485925,-18.3858362276,0.));
#9477 = CARTESIAN_POINT('',(3.885769465765,-18.34293585168,0.));
#9478 = VECTOR('',#9479,1.);
#9479 = DIRECTION('',(-0.,-0.,-1.));
#9480 = ADVANCED_FACE('',(#9481),#9504,.F.);
#9481 = FACE_BOUND('',#9482,.F.);
#9482 = EDGE_LOOP('',(#9483,#9484,#9491,#9499));
#9483 = ORIENTED_EDGE('',*,*,#9462,.T.);
#9484 = ORIENTED_EDGE('',*,*,#9485,.T.);
#9485 = EDGE_CURVE('',#9456,#9486,#9488,.T.);
#9486 = VERTEX_POINT('',#9487);
#9487 = CARTESIAN_POINT('',(4.865272668507,-18.10777793825,10.));
#9488 = B_SPLINE_CURVE_WITH_KNOTS('',1,(#9489,#9490),.UNSPECIFIED.,.F.,
  .F.,(2,2),(0.,1.007335975944),.PIECEWISE_BEZIER_KNOTS.);
#9489 = CARTESIAN_POINT('',(3.885769465765,-18.34293585168,10.));
#9490 = CARTESIAN_POINT('',(4.865272668507,-18.10777793825,10.));
#9491 = ORIENTED_EDGE('',*,*,#9492,.F.);
#9492 = EDGE_CURVE('',#9493,#9486,#9495,.T.);
#9493 = VERTEX_POINT('',#9494);
#9494 = CARTESIAN_POINT('',(4.865272668507,-18.10777793825,0.));
#9495 = LINE('',#9496,#9497);
#9496 = CARTESIAN_POINT('',(4.865272668507,-18.10777793825,0.));
#9497 = VECTOR('',#9498,1.);
#9498 = DIRECTION('',(0.,0.,1.));
#9499 = ORIENTED_EDGE('',*,*,#9500,.F.);
#9500 = EDGE_CURVE('',#9463,#9493,#9501,.T.);
#9501 = B_SPLINE_CURVE_WITH_KNOTS('',1,(#9502,#9503),.UNSPECIFIED.,.F.,
  .F.,(2,2),(0.,1.007335975944),.PIECEWISE_BEZIER_KNOTS.);
#9502 = CARTESIAN_POINT('',(3.885769465765,-18.34293585168,0.));
#9503 = CARTESIAN_POINT('',(4.865272668507,-18.10777793825,0.));
#9504 = SURFACE_OF_LINEAR_EXTRUSION('',#9505,#9508);
#9505 = B_SPLINE_CURVE_WITH_KNOTS('',1,(#9506,#9507),.UNSPECIFIED.,.F.,
  .F.,(2,2),(0.,1.007335975944),.PIECEWISE_BEZIER_KNOTS.);
#9506 = CARTESIAN_POINT('',(3.885769465765,-18.34293585168,0.));
#9507 = CARTESIAN_POINT('',(4.865272668507,-18.10777793825,0.));
#9508 = VECTOR('',#9509,1.);
#9509 = DIRECTION('',(-0.,-0.,-1.));
#9510 = ADVANCED_FACE('',(#9511),#9534,.F.);
#9511 = FACE_BOUND('',#9512,.F.);
#9512 = EDGE_LOOP('',(#9513,#9514,#9521,#9529));
#9513 = ORIENTED_EDGE('',*,*,#9492,.T.);
#9514 = ORIENTED_EDGE('',*,*,#9515,.T.);
#9515 = EDGE_CURVE('',#9486,#9516,#9518,.T.);
#9516 = VERTEX_POINT('',#9517);
#9517 = CARTESIAN_POINT('',(4.876651546355,-18.1501283279,10.));
#9518 = B_SPLINE_CURVE_WITH_KNOTS('',1,(#9519,#9520),.UNSPECIFIED.,.F.,
  .F.,(2,2),(0.,4.385241571817E-02),.PIECEWISE_BEZIER_KNOTS.);
#9519 = CARTESIAN_POINT('',(4.865272668507,-18.10777793825,10.));
#9520 = CARTESIAN_POINT('',(4.876651546355,-18.1501283279,10.));
#9521 = ORIENTED_EDGE('',*,*,#9522,.F.);
#9522 = EDGE_CURVE('',#9523,#9516,#9525,.T.);
#9523 = VERTEX_POINT('',#9524);
#9524 = CARTESIAN_POINT('',(4.876651546355,-18.1501283279,0.));
#9525 = LINE('',#9526,#9527);
#9526 = CARTESIAN_POINT('',(4.876651546355,-18.1501283279,0.));
#9527 = VECTOR('',#9528,1.);
#9528 = DIRECTION('',(0.,0.,1.));
#9529 = ORIENTED_EDGE('',*,*,#9530,.F.);
#9530 = EDGE_CURVE('',#9493,#9523,#9531,.T.);
#9531 = B_SPLINE_CURVE_WITH_KNOTS('',1,(#9532,#9533),.UNSPECIFIED.,.F.,
  .F.,(2,2),(0.,4.385241571817E-02),.PIECEWISE_BEZIER_KNOTS.);
#9532 = CARTESIAN_POINT('',(4.865272668507,-18.10777793825,0.));
#9533 = CARTESIAN_POINT('',(4.876651546355,-18.1501283279,0.));
#9534 = SURFACE_OF_LINEAR_EXTRUSION('',#9535,#9538);
#9535 = B_SPLINE_CURVE_WITH_KNOTS('',1,(#9536,#9537),.UNSPECIFIED.,.F.,
  .F.,(2,2),(0.,4.385241571817E-02),.PIECEWISE_BEZIER_KNOTS.);
#9536 = CARTESIAN_POINT('',(4.865272668507,-18.10777793825,0.));
#9537 = CARTESIAN_POINT('',(4.876651546355,-18.1501283279,0.));
#9538 = VECTOR('',#9539,1.);
#9539 = DIRECTION('',(-0.,-0.,-1.));
#9540 = ADVANCED_FACE('',(#9541),#9604,.F.);
#9541 = FACE_BOUND('',#9542,.F.);
#9542 = EDGE_LOOP('',(#9543,#9544,#9571,#9579));
#9543 = ORIENTED_EDGE('',*,*,#9522,.T.);
#9544 = ORIENTED_EDGE('',*,*,#9545,.T.);
#9545 = EDGE_CURVE('',#9516,#9546,#9548,.T.);
#9546 = VERTEX_POINT('',#9547);
#9547 = CARTESIAN_POINT('',(6.176791828074,-20.07105484803,10.));
#9548 = B_SPLINE_CURVE_WITH_KNOTS('',3,(#9549,#9550,#9551,#9552,#9553,
    #9554,#9555,#9556,#9557,#9558,#9559,#9560,#9561,#9562,#9563,#9564,
    #9565,#9566,#9567,#9568,#9569,#9570),.UNSPECIFIED.,.F.,.F.,(4,1,1,1,
    1,1,1,1,1,1,1,1,1,1,1,1,1,1,1,4),(0.,6.469775801205E-03,
    2.587893822125E-02,5.822752025674E-02,0.103515526622,0.161742958887,
    0.232909817767,0.317016103646,0.414061816756,0.524046957245,
    0.646971525216,0.782835520741,0.931638943874,1.093381794658,
    1.268064073122,1.455685779293,1.656246913191,1.869747474833,
    2.096187464232,2.335566881401),.UNSPECIFIED.);
#9549 = CARTESIAN_POINT('',(4.876651546355,-18.1501283279,10.));
#9550 = CARTESIAN_POINT('',(4.877233011925,-18.15220521227,10.));
#9551 = CARTESIAN_POINT('',(4.879617631074,-18.16049539555,10.));
#9552 = CARTESIAN_POINT('',(4.885488434094,-18.17899888451,10.));
#9553 = CARTESIAN_POINT('',(4.8959737572,-18.2096035075,10.));
#9554 = CARTESIAN_POINT('',(4.911773097426,-18.25205238088,10.));
#9555 = CARTESIAN_POINT('',(4.933478498676,-18.30608972897,10.));
#9556 = CARTESIAN_POINT('',(4.961718723202,-18.37142259411,10.));
#9557 = CARTESIAN_POINT('',(4.997092678888,-18.44773872191,10.));
#9558 = CARTESIAN_POINT('',(5.040194092291,-18.53470016297,10.));
#9559 = CARTESIAN_POINT('',(5.09160130836,-18.63194619784,10.));
#9560 = CARTESIAN_POINT('',(5.151879675518,-18.7390929394,10.));
#9561 = CARTESIAN_POINT('',(5.221579661435,-18.85573410354,10.));
#9562 = CARTESIAN_POINT('',(5.301236408342,-18.98144142673,10.));
#9563 = CARTESIAN_POINT('',(5.391368855817,-19.11576522901,10.));
#9564 = CARTESIAN_POINT('',(5.492478998297,-19.25823497104,10.));
#9565 = CARTESIAN_POINT('',(5.605051236435,-19.40835981535,10.));
#9566 = CARTESIAN_POINT('',(5.72955126345,-19.56562934202,10.));
#9567 = CARTESIAN_POINT('',(5.866427022837,-19.72951373554,10.));
#9568 = CARTESIAN_POINT('',(6.016101261541,-19.89946626247,10.));
#9569 = CARTESIAN_POINT('',(6.121764308537,-20.01327183728,10.));
#9570 = CARTESIAN_POINT('',(6.176791828074,-20.07105484803,10.));
#9571 = ORIENTED_EDGE('',*,*,#9572,.F.);
#9572 = EDGE_CURVE('',#9573,#9546,#9575,.T.);
#9573 = VERTEX_POINT('',#9574);
#9574 = CARTESIAN_POINT('',(6.176791828074,-20.07105484803,0.));
#9575 = LINE('',#9576,#9577);
#9576 = CARTESIAN_POINT('',(6.176791828074,-20.07105484803,0.));
#9577 = VECTOR('',#9578,1.);
#9578 = DIRECTION('',(0.,0.,1.));
#9579 = ORIENTED_EDGE('',*,*,#9580,.F.);
#9580 = EDGE_CURVE('',#9523,#9573,#9581,.T.);
#9581 = B_SPLINE_CURVE_WITH_KNOTS('',3,(#9582,#9583,#9584,#9585,#9586,
    #9587,#9588,#9589,#9590,#9591,#9592,#9593,#9594,#9595,#9596,#9597,
    #9598,#9599,#9600,#9601,#9602,#9603),.UNSPECIFIED.,.F.,.F.,(4,1,1,1,
    1,1,1,1,1,1,1,1,1,1,1,1,1,1,1,4),(0.,6.469775801205E-03,
    2.587893822125E-02,5.822752025674E-02,0.103515526622,0.161742958887,
    0.232909817767,0.317016103646,0.414061816756,0.524046957245,
    0.646971525216,0.782835520741,0.931638943874,1.093381794658,
    1.268064073122,1.455685779293,1.656246913191,1.869747474833,
    2.096187464232,2.335566881401),.UNSPECIFIED.);
#9582 = CARTESIAN_POINT('',(4.876651546355,-18.1501283279,0.));
#9583 = CARTESIAN_POINT('',(4.877233011925,-18.15220521227,0.));
#9584 = CARTESIAN_POINT('',(4.879617631074,-18.16049539555,0.));
#9585 = CARTESIAN_POINT('',(4.885488434094,-18.17899888451,0.));
#9586 = CARTESIAN_POINT('',(4.8959737572,-18.2096035075,0.));
#9587 = CARTESIAN_POINT('',(4.911773097426,-18.25205238088,0.));
#9588 = CARTESIAN_POINT('',(4.933478498676,-18.30608972897,0.));
#9589 = CARTESIAN_POINT('',(4.961718723202,-18.37142259411,0.));
#9590 = CARTESIAN_POINT('',(4.997092678888,-18.44773872191,0.));
#9591 = CARTESIAN_POINT('',(5.040194092291,-18.53470016297,0.));
#9592 = CARTESIAN_POINT('',(5.09160130836,-18.63194619784,0.));
#9593 = CARTESIAN_POINT('',(5.151879675518,-18.7390929394,0.));
#9594 = CARTESIAN_POINT('',(5.221579661435,-18.85573410354,0.));
#9595 = CARTESIAN_POINT('',(5.301236408342,-18.98144142673,0.));
#9596 = CARTESIAN_POINT('',(5.391368855817,-19.11576522901,0.));
#9597 = CARTESIAN_POINT('',(5.492478998297,-19.25823497104,0.));
#9598 = CARTESIAN_POINT('',(5.605051236435,-19.40835981535,0.));
#9599 = CARTESIAN_POINT('',(5.72955126345,-19.56562934202,0.));
#9600 = CARTESIAN_POINT('',(5.866427022837,-19.72951373554,0.));
#9601 = CARTESIAN_POINT('',(6.016101261541,-19.89946626247,0.));
#9602 = CARTESIAN_POINT('',(6.121764308537,-20.01327183728,0.));
#9603 = CARTESIAN_POINT('',(6.176791828074,-20.07105484803,0.));
#9604 = SURFACE_OF_LINEAR_EXTRUSION('',#9605,#9628);
#9605 = B_SPLINE_CURVE_WITH_KNOTS('',3,(#9606,#9607,#9608,#9609,#9610,
    #9611,#9612,#9613,#9614,#9615,#9616,#9617,#9618,#9619,#9620,#9621,
    #9622,#9623,#9624,#9625,#9626,#9627),.UNSPECIFIED.,.F.,.F.,(4,1,1,1,
    1,1,1,1,1,1,1,1,1,1,1,1,1,1,1,4),(0.,6.469775801205E-03,
    2.587893822125E-02,5.822752025674E-02,0.103515526622,0.161742958887,
    0.232909817767,0.317016103646,0.414061816756,0.524046957245,
    0.646971525216,0.782835520741,0.931638943874,1.093381794658,
    1.268064073122,1.455685779293,1.656246913191,1.869747474833,
    2.096187464232,2.335566881401),.UNSPECIFIED.);
#9606 = CARTESIAN_POINT('',(4.876651546355,-18.1501283279,0.));
#9607 = CARTESIAN_POINT('',(4.877233011925,-18.15220521227,0.));
#9608 = CARTESIAN_POINT('',(4.879617631074,-18.16049539555,0.));
#9609 = CARTESIAN_POINT('',(4.885488434094,-18.17899888451,0.));
#9610 = CARTESIAN_POINT('',(4.8959737572,-18.2096035075,0.));
#9611 = CARTESIAN_POINT('',(4.911773097426,-18.25205238088,0.));
#9612 = CARTESIAN_POINT('',(4.933478498676,-18.30608972897,0.));
#9613 = CARTESIAN_POINT('',(4.961718723202,-18.37142259411,0.));
#9614 = CARTESIAN_POINT('',(4.997092678888,-18.44773872191,0.));
#9615 = CARTESIAN_POINT('',(5.040194092291,-18.53470016297,0.));
#9616 = CARTESIAN_POINT('',(5.09160130836,-18.63194619784,0.));
#9617 = CARTESIAN_POINT('',(5.151879675518,-18.7390929394,0.));
#9618 = CARTESIAN_POINT('',(5.221579661435,-18.85573410354,0.));
#9619 = CARTESIAN_POINT('',(5.301236408342,-18.98144142673,0.));
#9620 = CARTESIAN_POINT('',(5.391368855817,-19.11576522901,0.));
#9621 = CARTESIAN_POINT('',(5.492478998297,-19.25823497104,0.));
#9622 = CARTESIAN_POINT('',(5.605051236435,-19.40835981535,0.));
#9623 = CARTESIAN_POINT('',(5.72955126345,-19.56562934202,0.));
#9624 = CARTESIAN_POINT('',(5.866427022837,-19.72951373554,0.));
#9625 = CARTESIAN_POINT('',(6.016101261541,-19.89946626247,0.));
#9626 = CARTESIAN_POINT('',(6.121764308537,-20.01327183728,0.));
#9627 = CARTESIAN_POINT('',(6.176791828074,-20.07105484803,0.));
#9628 = VECTOR('',#9629,1.);
#9629 = DIRECTION('',(-0.,-0.,-1.));
#9630 = ADVANCED_FACE('',(#9631),#9654,.F.);
#9631 = FACE_BOUND('',#9632,.F.);
#9632 = EDGE_LOOP('',(#9633,#9634,#9641,#9649));
#9633 = ORIENTED_EDGE('',*,*,#9572,.T.);
#9634 = ORIENTED_EDGE('',*,*,#9635,.T.);
#9635 = EDGE_CURVE('',#9546,#9636,#9638,.T.);
#9636 = VERTEX_POINT('',#9637);
#9637 = CARTESIAN_POINT('',(6.800340477997,-19.86845161011,10.));
#9638 = B_SPLINE_CURVE_WITH_KNOTS('',1,(#9639,#9640),.UNSPECIFIED.,.F.,
  .F.,(2,2),(0.,0.655637850368),.PIECEWISE_BEZIER_KNOTS.);
#9639 = CARTESIAN_POINT('',(6.176791828074,-20.07105484803,10.));
#9640 = CARTESIAN_POINT('',(6.800340477997,-19.86845161011,10.));
#9641 = ORIENTED_EDGE('',*,*,#9642,.F.);
#9642 = EDGE_CURVE('',#9643,#9636,#9645,.T.);
#9643 = VERTEX_POINT('',#9644);
#9644 = CARTESIAN_POINT('',(6.800340477997,-19.86845161011,0.));
#9645 = LINE('',#9646,#9647);
#9646 = CARTESIAN_POINT('',(6.800340477997,-19.86845161011,0.));
#9647 = VECTOR('',#9648,1.);
#9648 = DIRECTION('',(0.,0.,1.));
#9649 = ORIENTED_EDGE('',*,*,#9650,.F.);
#9650 = EDGE_CURVE('',#9573,#9643,#9651,.T.);
#9651 = B_SPLINE_CURVE_WITH_KNOTS('',1,(#9652,#9653),.UNSPECIFIED.,.F.,
  .F.,(2,2),(0.,0.655637850368),.PIECEWISE_BEZIER_KNOTS.);
#9652 = CARTESIAN_POINT('',(6.176791828074,-20.07105484803,0.));
#9653 = CARTESIAN_POINT('',(6.800340477997,-19.86845161011,0.));
#9654 = SURFACE_OF_LINEAR_EXTRUSION('',#9655,#9658);
#9655 = B_SPLINE_CURVE_WITH_KNOTS('',1,(#9656,#9657),.UNSPECIFIED.,.F.,
  .F.,(2,2),(0.,0.655637850368),.PIECEWISE_BEZIER_KNOTS.);
#9656 = CARTESIAN_POINT('',(6.176791828074,-20.07105484803,0.));
#9657 = CARTESIAN_POINT('',(6.800340477997,-19.86845161011,0.));
#9658 = VECTOR('',#9659,1.);
#9659 = DIRECTION('',(-0.,-0.,-1.));
#9660 = ADVANCED_FACE('',(#9661),#9724,.F.);
#9661 = FACE_BOUND('',#9662,.F.);
#9662 = EDGE_LOOP('',(#9663,#9664,#9691,#9699));
#9663 = ORIENTED_EDGE('',*,*,#9642,.T.);
#9664 = ORIENTED_EDGE('',*,*,#9665,.T.);
#9665 = EDGE_CURVE('',#9636,#9666,#9668,.T.);
#9666 = VERTEX_POINT('',#9667);
#9667 = CARTESIAN_POINT('',(6.72308378171,-17.55018612687,10.));
#9668 = B_SPLINE_CURVE_WITH_KNOTS('',3,(#9669,#9670,#9671,#9672,#9673,
    #9674,#9675,#9676,#9677,#9678,#9679,#9680,#9681,#9682,#9683,#9684,
    #9685,#9686,#9687,#9688,#9689,#9690),.UNSPECIFIED.,.F.,.F.,(4,1,1,1,
    1,1,1,1,1,1,1,1,1,1,1,1,1,1,1,4),(0.,0.239379417168,0.465819406568,
    0.67931996821,0.879881102108,1.067502808279,1.242185086743,
    1.403927937526,1.55273136066,1.688595356185,1.811519924156,
    1.921505064645,2.018550777754,2.102657063634,2.173823922514,
    2.232051354779,2.277339361144,2.309687943179,2.329097105599,
    2.335566881401),.UNSPECIFIED.);
#9669 = CARTESIAN_POINT('',(6.800340477997,-19.86845161011,10.));
#9670 = CARTESIAN_POINT('',(6.810894674914,-19.78935980798,10.));
#9671 = CARTESIAN_POINT('',(6.829484637105,-19.63518198316,10.));
#9672 = CARTESIAN_POINT('',(6.850678050919,-19.40971119048,10.));
#9673 = CARTESIAN_POINT('',(6.865084036788,-19.19667237824,10.));
#9674 = CARTESIAN_POINT('',(6.873365966034,-18.99625937868,10.));
#9675 = CARTESIAN_POINT('',(6.876197650293,-18.80863752696,10.));
#9676 = CARTESIAN_POINT('',(6.874255860601,-18.63394603387,10.));
#9677 = CARTESIAN_POINT('',(6.868220992341,-18.4722972717,10.));
#9678 = CARTESIAN_POINT('',(6.858775743629,-18.32377684984,10.));
#9679 = CARTESIAN_POINT('',(6.84660426065,-18.188443542,10.));
#9680 = CARTESIAN_POINT('',(6.832391209554,-18.06632927194,10.));
#9681 = CARTESIAN_POINT('',(6.816820735849,-17.95743917363,10.));
#9682 = CARTESIAN_POINT('',(6.800575859201,-17.86175151481,10.));
#9683 = CARTESIAN_POINT('',(6.784336496074,-17.779218181,10.));
#9684 = CARTESIAN_POINT('',(6.768781623022,-17.70976359531,10.));
#9685 = CARTESIAN_POINT('',(6.754579305224,-17.65328834763,10.));
#9686 = CARTESIAN_POINT('',(6.742410418217,-17.60965986849,10.));
#9687 = CARTESIAN_POINT('',(6.732904276756,-17.5787370901,10.));
#9688 = CARTESIAN_POINT('',(6.72677777824,-17.56031668164,10.));
#9689 = CARTESIAN_POINT('',(6.723834128188,-17.55220813851,10.));
#9690 = CARTESIAN_POINT('',(6.72308378171,-17.55018612687,10.));
#9691 = ORIENTED_EDGE('',*,*,#9692,.F.);
#9692 = EDGE_CURVE('',#9693,#9666,#9695,.T.);
#9693 = VERTEX_POINT('',#9694);
#9694 = CARTESIAN_POINT('',(6.72308378171,-17.55018612687,0.));
#9695 = LINE('',#9696,#9697);
#9696 = CARTESIAN_POINT('',(6.72308378171,-17.55018612687,0.));
#9697 = VECTOR('',#9698,1.);
#9698 = DIRECTION('',(0.,0.,1.));
#9699 = ORIENTED_EDGE('',*,*,#9700,.F.);
#9700 = EDGE_CURVE('',#9643,#9693,#9701,.T.);
#9701 = B_SPLINE_CURVE_WITH_KNOTS('',3,(#9702,#9703,#9704,#9705,#9706,
    #9707,#9708,#9709,#9710,#9711,#9712,#9713,#9714,#9715,#9716,#9717,
    #9718,#9719,#9720,#9721,#9722,#9723),.UNSPECIFIED.,.F.,.F.,(4,1,1,1,
    1,1,1,1,1,1,1,1,1,1,1,1,1,1,1,4),(0.,0.239379417168,0.465819406568,
    0.67931996821,0.879881102108,1.067502808279,1.242185086743,
    1.403927937526,1.55273136066,1.688595356185,1.811519924156,
    1.921505064645,2.018550777754,2.102657063634,2.173823922514,
    2.232051354779,2.277339361144,2.309687943179,2.329097105599,
    2.335566881401),.UNSPECIFIED.);
#9702 = CARTESIAN_POINT('',(6.800340477997,-19.86845161011,0.));
#9703 = CARTESIAN_POINT('',(6.810894674914,-19.78935980798,0.));
#9704 = CARTESIAN_POINT('',(6.829484637105,-19.63518198316,0.));
#9705 = CARTESIAN_POINT('',(6.850678050919,-19.40971119048,0.));
#9706 = CARTESIAN_POINT('',(6.865084036788,-19.19667237824,0.));
#9707 = CARTESIAN_POINT('',(6.873365966034,-18.99625937868,0.));
#9708 = CARTESIAN_POINT('',(6.876197650293,-18.80863752696,0.));
#9709 = CARTESIAN_POINT('',(6.874255860601,-18.63394603387,0.));
#9710 = CARTESIAN_POINT('',(6.868220992341,-18.4722972717,0.));
#9711 = CARTESIAN_POINT('',(6.858775743629,-18.32377684984,0.));
#9712 = CARTESIAN_POINT('',(6.84660426065,-18.188443542,0.));
#9713 = CARTESIAN_POINT('',(6.832391209554,-18.06632927194,0.));
#9714 = CARTESIAN_POINT('',(6.816820735849,-17.95743917363,0.));
#9715 = CARTESIAN_POINT('',(6.800575859201,-17.86175151481,0.));
#9716 = CARTESIAN_POINT('',(6.784336496074,-17.779218181,0.));
#9717 = CARTESIAN_POINT('',(6.768781623022,-17.70976359531,0.));
#9718 = CARTESIAN_POINT('',(6.754579305224,-17.65328834763,0.));
#9719 = CARTESIAN_POINT('',(6.742410418217,-17.60965986849,0.));
#9720 = CARTESIAN_POINT('',(6.732904276756,-17.5787370901,0.));
#9721 = CARTESIAN_POINT('',(6.72677777824,-17.56031668164,0.));
#9722 = CARTESIAN_POINT('',(6.723834128188,-17.55220813851,0.));
#9723 = CARTESIAN_POINT('',(6.72308378171,-17.55018612687,0.));
#9724 = SURFACE_OF_LINEAR_EXTRUSION('',#9725,#9748);
#9725 = B_SPLINE_CURVE_WITH_KNOTS('',3,(#9726,#9727,#9728,#9729,#9730,
    #9731,#9732,#9733,#9734,#9735,#9736,#9737,#9738,#9739,#9740,#9741,
    #9742,#9743,#9744,#9745,#9746,#9747),.UNSPECIFIED.,.F.,.F.,(4,1,1,1,
    1,1,1,1,1,1,1,1,1,1,1,1,1,1,1,4),(0.,0.239379417168,0.465819406568,
    0.67931996821,0.879881102108,1.067502808279,1.242185086743,
    1.403927937526,1.55273136066,1.688595356185,1.811519924156,
    1.921505064645,2.018550777754,2.102657063634,2.173823922514,
    2.232051354779,2.277339361144,2.309687943179,2.329097105599,
    2.335566881401),.UNSPECIFIED.);
#9726 = CARTESIAN_POINT('',(6.800340477997,-19.86845161011,0.));
#9727 = CARTESIAN_POINT('',(6.810894674914,-19.78935980798,0.));
#9728 = CARTESIAN_POINT('',(6.829484637105,-19.63518198316,0.));
#9729 = CARTESIAN_POINT('',(6.850678050919,-19.40971119048,0.));
#9730 = CARTESIAN_POINT('',(6.865084036788,-19.19667237824,0.));
#9731 = CARTESIAN_POINT('',(6.873365966034,-18.99625937868,0.));
#9732 = CARTESIAN_POINT('',(6.876197650293,-18.80863752696,0.));
#9733 = CARTESIAN_POINT('',(6.874255860601,-18.63394603387,0.));
#9734 = CARTESIAN_POINT('',(6.868220992341,-18.4722972717,0.));
#9735 = CARTESIAN_POINT('',(6.858775743629,-18.32377684984,0.));
#9736 = CARTESIAN_POINT('',(6.84660426065,-18.188443542,0.));
#9737 = CARTESIAN_POINT('',(6.832391209554,-18.06632927194,0.));
#9738 = CARTESIAN_POINT('',(6.816820735849,-17.95743917363,0.));
#9739 = CARTESIAN_POINT('',(6.800575859201,-17.86175151481,0.));
#9740 = CARTESIAN_POINT('',(6.784336496074,-17.779218181,0.));
#9741 = CARTESIAN_POINT('',(6.768781623022,-17.70976359531,0.));
#9742 = CARTESIAN_POINT('',(6.754579305224,-17.65328834763,0.));
#9743 = CARTESIAN_POINT('',(6.742410418217,-17.60965986849,0.));
#9744 = CARTESIAN_POINT('',(6.732904276756,-17.5787370901,0.));
#9745 = CARTESIAN_POINT('',(6.72677777824,-17.56031668164,0.));
#9746 = CARTESIAN_POINT('',(6.723834128188,-17.55220813851,0.));
#9747 = CARTESIAN_POINT('',(6.72308378171,-17.55018612687,0.));
#9748 = VECTOR('',#9749,1.);
#9749 = DIRECTION('',(-0.,-0.,-1.));
#9750 = ADVANCED_FACE('',(#9751),#9774,.F.);
#9751 = FACE_BOUND('',#9752,.F.);
#9752 = EDGE_LOOP('',(#9753,#9754,#9761,#9769));
#9753 = ORIENTED_EDGE('',*,*,#9692,.T.);
#9754 = ORIENTED_EDGE('',*,*,#9755,.T.);
#9755 = EDGE_CURVE('',#9666,#9756,#9758,.T.);
#9756 = VERTEX_POINT('',#9757);
#9757 = CARTESIAN_POINT('',(6.707396552802,-17.50923560534,10.));
#9758 = B_SPLINE_CURVE_WITH_KNOTS('',1,(#9759,#9760),.UNSPECIFIED.,.F.,
  .F.,(2,2),(0.,4.385241571817E-02),.PIECEWISE_BEZIER_KNOTS.);
#9759 = CARTESIAN_POINT('',(6.72308378171,-17.55018612687,10.));
#9760 = CARTESIAN_POINT('',(6.707396552802,-17.50923560534,10.));
#9761 = ORIENTED_EDGE('',*,*,#9762,.F.);
#9762 = EDGE_CURVE('',#9763,#9756,#9765,.T.);
#9763 = VERTEX_POINT('',#9764);
#9764 = CARTESIAN_POINT('',(6.707396552802,-17.50923560534,0.));
#9765 = LINE('',#9766,#9767);
#9766 = CARTESIAN_POINT('',(6.707396552802,-17.50923560534,0.));
#9767 = VECTOR('',#9768,1.);
#9768 = DIRECTION('',(0.,0.,1.));
#9769 = ORIENTED_EDGE('',*,*,#9770,.F.);
#9770 = EDGE_CURVE('',#9693,#9763,#9771,.T.);
#9771 = B_SPLINE_CURVE_WITH_KNOTS('',1,(#9772,#9773),.UNSPECIFIED.,.F.,
  .F.,(2,2),(0.,4.385241571817E-02),.PIECEWISE_BEZIER_KNOTS.);
#9772 = CARTESIAN_POINT('',(6.72308378171,-17.55018612687,0.));
#9773 = CARTESIAN_POINT('',(6.707396552802,-17.50923560534,0.));
#9774 = SURFACE_OF_LINEAR_EXTRUSION('',#9775,#9778);
#9775 = B_SPLINE_CURVE_WITH_KNOTS('',1,(#9776,#9777),.UNSPECIFIED.,.F.,
  .F.,(2,2),(0.,4.385241571817E-02),.PIECEWISE_BEZIER_KNOTS.);
#9776 = CARTESIAN_POINT('',(6.72308378171,-17.55018612687,0.));
#9777 = CARTESIAN_POINT('',(6.707396552802,-17.50923560534,0.));
#9778 = VECTOR('',#9779,1.);
#9779 = DIRECTION('',(-0.,-0.,-1.));
#9780 = ADVANCED_FACE('',(#9781),#9804,.F.);
#9781 = FACE_BOUND('',#9782,.F.);
#9782 = EDGE_LOOP('',(#9783,#9784,#9791,#9799));
#9783 = ORIENTED_EDGE('',*,*,#9762,.T.);
#9784 = ORIENTED_EDGE('',*,*,#9785,.T.);
#9785 = EDGE_CURVE('',#9756,#9786,#9788,.T.);
#9786 = VERTEX_POINT('',#9787);
#9787 = CARTESIAN_POINT('',(7.638053643338,-17.12374481652,10.));
#9788 = B_SPLINE_CURVE_WITH_KNOTS('',1,(#9789,#9790),.UNSPECIFIED.,.F.,
  .F.,(2,2),(0.,1.007335975944),.PIECEWISE_BEZIER_KNOTS.);
#9789 = CARTESIAN_POINT('',(6.707396552802,-17.50923560534,10.));
#9790 = CARTESIAN_POINT('',(7.638053643338,-17.12374481652,10.));
#9791 = ORIENTED_EDGE('',*,*,#9792,.F.);
#9792 = EDGE_CURVE('',#9793,#9786,#9795,.T.);
#9793 = VERTEX_POINT('',#9794);
#9794 = CARTESIAN_POINT('',(7.638053643338,-17.12374481652,0.));
#9795 = LINE('',#9796,#9797);
#9796 = CARTESIAN_POINT('',(7.638053643338,-17.12374481652,0.));
#9797 = VECTOR('',#9798,1.);
#9798 = DIRECTION('',(0.,0.,1.));
#9799 = ORIENTED_EDGE('',*,*,#9800,.F.);
#9800 = EDGE_CURVE('',#9763,#9793,#9801,.T.);
#9801 = B_SPLINE_CURVE_WITH_KNOTS('',1,(#9802,#9803),.UNSPECIFIED.,.F.,
  .F.,(2,2),(0.,1.007335975944),.PIECEWISE_BEZIER_KNOTS.);
#9802 = CARTESIAN_POINT('',(6.707396552802,-17.50923560534,0.));
#9803 = CARTESIAN_POINT('',(7.638053643338,-17.12374481652,0.));
#9804 = SURFACE_OF_LINEAR_EXTRUSION('',#9805,#9808);
#9805 = B_SPLINE_CURVE_WITH_KNOTS('',1,(#9806,#9807),.UNSPECIFIED.,.F.,
  .F.,(2,2),(0.,1.007335975944),.PIECEWISE_BEZIER_KNOTS.);
#9806 = CARTESIAN_POINT('',(6.707396552802,-17.50923560534,0.));
#9807 = CARTESIAN_POINT('',(7.638053643338,-17.12374481652,0.));
#9808 = VECTOR('',#9809,1.);
#9809 = DIRECTION('',(-0.,-0.,-1.));
#9810 = ADVANCED_FACE('',(#9811),#9834,.F.);
#9811 = FACE_BOUND('',#9812,.F.);
#9812 = EDGE_LOOP('',(#9813,#9814,#9821,#9829));
#9813 = ORIENTED_EDGE('',*,*,#9792,.T.);
#9814 = ORIENTED_EDGE('',*,*,#9815,.T.);
#9815 = EDGE_CURVE('',#9786,#9816,#9818,.T.);
#9816 = VERTEX_POINT('',#9817);
#9817 = CARTESIAN_POINT('',(7.655917488866,-17.16379375393,10.));
#9818 = B_SPLINE_CURVE_WITH_KNOTS('',1,(#9819,#9820),.UNSPECIFIED.,.F.,
  .F.,(2,2),(0.,4.385241571817E-02),.PIECEWISE_BEZIER_KNOTS.);
#9819 = CARTESIAN_POINT('',(7.638053643338,-17.12374481652,10.));
#9820 = CARTESIAN_POINT('',(7.655917488866,-17.16379375393,10.));
#9821 = ORIENTED_EDGE('',*,*,#9822,.F.);
#9822 = EDGE_CURVE('',#9823,#9816,#9825,.T.);
#9823 = VERTEX_POINT('',#9824);
#9824 = CARTESIAN_POINT('',(7.655917488866,-17.16379375393,0.));
#9825 = LINE('',#9826,#9827);
#9826 = CARTESIAN_POINT('',(7.655917488866,-17.16379375393,0.));
#9827 = VECTOR('',#9828,1.);
#9828 = DIRECTION('',(0.,0.,1.));
#9829 = ORIENTED_EDGE('',*,*,#9830,.F.);
#9830 = EDGE_CURVE('',#9793,#9823,#9831,.T.);
#9831 = B_SPLINE_CURVE_WITH_KNOTS('',1,(#9832,#9833),.UNSPECIFIED.,.F.,
  .F.,(2,2),(0.,4.385241571817E-02),.PIECEWISE_BEZIER_KNOTS.);
#9832 = CARTESIAN_POINT('',(7.638053643338,-17.12374481652,0.));
#9833 = CARTESIAN_POINT('',(7.655917488866,-17.16379375393,0.));
#9834 = SURFACE_OF_LINEAR_EXTRUSION('',#9835,#9838);
#9835 = B_SPLINE_CURVE_WITH_KNOTS('',1,(#9836,#9837),.UNSPECIFIED.,.F.,
  .F.,(2,2),(0.,4.385241571817E-02),.PIECEWISE_BEZIER_KNOTS.);
#9836 = CARTESIAN_POINT('',(7.638053643338,-17.12374481652,0.));
#9837 = CARTESIAN_POINT('',(7.655917488866,-17.16379375393,0.));
#9838 = VECTOR('',#9839,1.);
#9839 = DIRECTION('',(-0.,-0.,-1.));
#9840 = ADVANCED_FACE('',(#9841),#9904,.F.);
#9841 = FACE_BOUND('',#9842,.F.);
#9842 = EDGE_LOOP('',(#9843,#9844,#9871,#9879));
#9843 = ORIENTED_EDGE('',*,*,#9822,.T.);
#9844 = ORIENTED_EDGE('',*,*,#9845,.T.);
#9845 = EDGE_CURVE('',#9816,#9846,#9848,.T.);
#9846 = VERTEX_POINT('',#9847);
#9847 = CARTESIAN_POINT('',(9.240549998817,-18.85768373155,10.));
#9848 = B_SPLINE_CURVE_WITH_KNOTS('',3,(#9849,#9850,#9851,#9852,#9853,
    #9854,#9855,#9856,#9857,#9858,#9859,#9860,#9861,#9862,#9863,#9864,
    #9865,#9866,#9867,#9868,#9869,#9870),.UNSPECIFIED.,.F.,.F.,(4,1,1,1,
    1,1,1,1,1,1,1,1,1,1,1,1,1,1,1,4),(0.,6.469775801205E-03,
    2.587893822125E-02,5.822752025674E-02,0.103515526622,0.161742958887,
    0.232909817767,0.317016103646,0.414061816756,0.524046957245,
    0.646971525216,0.782835520741,0.931638943874,1.093381794658,
    1.268064073122,1.455685779293,1.656246913191,1.869747474833,
    2.096187464232,2.335566881401),.UNSPECIFIED.);
#9849 = CARTESIAN_POINT('',(7.655917488866,-17.16379375393,10.));
#9850 = CARTESIAN_POINT('',(7.656816691927,-17.16575410715,10.));
#9851 = CARTESIAN_POINT('',(7.660468822843,-17.1735691879,10.));
#9852 = CARTESIAN_POINT('',(7.669161929933,-17.19092647228,10.));
#9853 = CARTESIAN_POINT('',(7.684305779138,-17.21951403566,10.));
#9854 = CARTESIAN_POINT('',(7.706551070066,-17.25896873163,10.));
#9855 = CARTESIAN_POINT('',(7.73644254545,-17.30894531747,10.));
#9856 = CARTESIAN_POINT('',(7.774555397758,-17.3690560822,10.));
#9857 = CARTESIAN_POINT('',(7.821432313977,-17.438898926,10.));
#9858 = CARTESIAN_POINT('',(7.877606843968,-17.51804718087,10.));
#9859 = CARTESIAN_POINT('',(7.943593783344,-17.60605409533,10.));
#9860 = CARTESIAN_POINT('',(8.019891466973,-17.70245206858,10.));
#9861 = CARTESIAN_POINT('',(8.106980028517,-17.80675370643,10.));
#9862 = CARTESIAN_POINT('',(8.205321026542,-17.91845230328,10.));
#9863 = CARTESIAN_POINT('',(8.315356666174,-18.03702253545,10.));
#9864 = CARTESIAN_POINT('',(8.437509152896,-18.16192112749,10.));
#9865 = CARTESIAN_POINT('',(8.572180139688,-18.292587508,10.));
#9866 = CARTESIAN_POINT('',(8.719749739046,-18.4284446907,10.));
#9867 = CARTESIAN_POINT('',(8.880577498132,-18.56889930919,10.));
#9868 = CARTESIAN_POINT('',(9.054995431219,-18.71334522903,10.));
#9869 = CARTESIAN_POINT('',(9.177160704985,-18.80922032614,10.));
#9870 = CARTESIAN_POINT('',(9.240549998817,-18.85768373155,10.));
#9871 = ORIENTED_EDGE('',*,*,#9872,.F.);
#9872 = EDGE_CURVE('',#9873,#9846,#9875,.T.);
#9873 = VERTEX_POINT('',#9874);
#9874 = CARTESIAN_POINT('',(9.240549998817,-18.85768373155,0.));
#9875 = LINE('',#9876,#9877);
#9876 = CARTESIAN_POINT('',(9.240549998817,-18.85768373155,0.));
#9877 = VECTOR('',#9878,1.);
#9878 = DIRECTION('',(0.,0.,1.));
#9879 = ORIENTED_EDGE('',*,*,#9880,.F.);
#9880 = EDGE_CURVE('',#9823,#9873,#9881,.T.);
#9881 = B_SPLINE_CURVE_WITH_KNOTS('',3,(#9882,#9883,#9884,#9885,#9886,
    #9887,#9888,#9889,#9890,#9891,#9892,#9893,#9894,#9895,#9896,#9897,
    #9898,#9899,#9900,#9901,#9902,#9903),.UNSPECIFIED.,.F.,.F.,(4,1,1,1,
    1,1,1,1,1,1,1,1,1,1,1,1,1,1,1,4),(0.,6.469775801205E-03,
    2.587893822125E-02,5.822752025674E-02,0.103515526622,0.161742958887,
    0.232909817767,0.317016103646,0.414061816756,0.524046957245,
    0.646971525216,0.782835520741,0.931638943874,1.093381794658,
    1.268064073122,1.455685779293,1.656246913191,1.869747474833,
    2.096187464232,2.335566881401),.UNSPECIFIED.);
#9882 = CARTESIAN_POINT('',(7.655917488866,-17.16379375393,0.));
#9883 = CARTESIAN_POINT('',(7.656816691927,-17.16575410715,0.));
#9884 = CARTESIAN_POINT('',(7.660468822843,-17.1735691879,0.));
#9885 = CARTESIAN_POINT('',(7.669161929933,-17.19092647228,0.));
#9886 = CARTESIAN_POINT('',(7.684305779138,-17.21951403566,0.));
#9887 = CARTESIAN_POINT('',(7.706551070066,-17.25896873163,0.));
#9888 = CARTESIAN_POINT('',(7.73644254545,-17.30894531747,0.));
#9889 = CARTESIAN_POINT('',(7.774555397758,-17.3690560822,0.));
#9890 = CARTESIAN_POINT('',(7.821432313977,-17.438898926,0.));
#9891 = CARTESIAN_POINT('',(7.877606843968,-17.51804718087,0.));
#9892 = CARTESIAN_POINT('',(7.943593783344,-17.60605409533,0.));
#9893 = CARTESIAN_POINT('',(8.019891466973,-17.70245206858,0.));
#9894 = CARTESIAN_POINT('',(8.106980028517,-17.80675370643,0.));
#9895 = CARTESIAN_POINT('',(8.205321026542,-17.91845230328,0.));
#9896 = CARTESIAN_POINT('',(8.315356666174,-18.03702253545,0.));
#9897 = CARTESIAN_POINT('',(8.437509152896,-18.16192112749,0.));
#9898 = CARTESIAN_POINT('',(8.572180139688,-18.292587508,0.));
#9899 = CARTESIAN_POINT('',(8.719749739046,-18.4284446907,0.));
#9900 = CARTESIAN_POINT('',(8.880577498132,-18.56889930919,0.));
#9901 = CARTESIAN_POINT('',(9.054995431219,-18.71334522903,0.));
#9902 = CARTESIAN_POINT('',(9.177160704985,-18.80922032614,0.));
#9903 = CARTESIAN_POINT('',(9.240549998817,-18.85768373155,0.));
#9904 = SURFACE_OF_LINEAR_EXTRUSION('',#9905,#9928);
#9905 = B_SPLINE_CURVE_WITH_KNOTS('',3,(#9906,#9907,#9908,#9909,#9910,
    #9911,#9912,#9913,#9914,#9915,#9916,#9917,#9918,#9919,#9920,#9921,
    #9922,#9923,#9924,#9925,#9926,#9927),.UNSPECIFIED.,.F.,.F.,(4,1,1,1,
    1,1,1,1,1,1,1,1,1,1,1,1,1,1,1,4),(0.,6.469775801205E-03,
    2.587893822125E-02,5.822752025674E-02,0.103515526622,0.161742958887,
    0.232909817767,0.317016103646,0.414061816756,0.524046957245,
    0.646971525216,0.782835520741,0.931638943874,1.093381794658,
    1.268064073122,1.455685779293,1.656246913191,1.869747474833,
    2.096187464232,2.335566881401),.UNSPECIFIED.);
#9906 = CARTESIAN_POINT('',(7.655917488866,-17.16379375393,0.));
#9907 = CARTESIAN_POINT('',(7.656816691927,-17.16575410715,0.));
#9908 = CARTESIAN_POINT('',(7.660468822843,-17.1735691879,0.));
#9909 = CARTESIAN_POINT('',(7.669161929933,-17.19092647228,0.));
#9910 = CARTESIAN_POINT('',(7.684305779138,-17.21951403566,0.));
#9911 = CARTESIAN_POINT('',(7.706551070066,-17.25896873163,0.));
#9912 = CARTESIAN_POINT('',(7.73644254545,-17.30894531747,0.));
#9913 = CARTESIAN_POINT('',(7.774555397758,-17.3690560822,0.));
#9914 = CARTESIAN_POINT('',(7.821432313977,-17.438898926,0.));
#9915 = CARTESIAN_POINT('',(7.877606843968,-17.51804718087,0.));
#9916 = CARTESIAN_POINT('',(7.943593783344,-17.60605409533,0.));
#9917 = CARTESIAN_POINT('',(8.019891466973,-17.70245206858,0.));
#9918 = CARTESIAN_POINT('',(8.106980028517,-17.80675370643,0.));
#9919 = CARTESIAN_POINT('',(8.205321026542,-17.91845230328,0.));
#9920 = CARTESIAN_POINT('',(8.315356666174,-18.03702253545,0.));
#9921 = CARTESIAN_POINT('',(8.437509152896,-18.16192112749,0.));
#9922 = CARTESIAN_POINT('',(8.572180139688,-18.292587508,0.));
#9923 = CARTESIAN_POINT('',(8.719749739046,-18.4284446907,0.));
#9924 = CARTESIAN_POINT('',(8.880577498132,-18.56889930919,0.));
#9925 = CARTESIAN_POINT('',(9.054995431219,-18.71334522903,0.));
#9926 = CARTESIAN_POINT('',(9.177160704985,-18.80922032614,0.));
#9927 = CARTESIAN_POINT('',(9.240549998817,-18.85768373155,0.));
#9928 = VECTOR('',#9929,1.);
#9929 = DIRECTION('',(-0.,-0.,-1.));
#9930 = ADVANCED_FACE('',(#9931),#9954,.F.);
#9931 = FACE_BOUND('',#9932,.F.);
#9932 = EDGE_LOOP('',(#9933,#9934,#9941,#9949));
#9933 = ORIENTED_EDGE('',*,*,#9872,.T.);
#9934 = ORIENTED_EDGE('',*,*,#9935,.T.);
#9935 = EDGE_CURVE('',#9846,#9936,#9938,.T.);
#9936 = VERTEX_POINT('',#9937);
#9937 = CARTESIAN_POINT('',(9.824727601,-18.56003037621,10.));
#9938 = B_SPLINE_CURVE_WITH_KNOTS('',1,(#9939,#9940),.UNSPECIFIED.,.F.,
  .F.,(2,2),(0.,0.655637850368),.PIECEWISE_BEZIER_KNOTS.);
#9939 = CARTESIAN_POINT('',(9.240549998817,-18.85768373155,10.));
#9940 = CARTESIAN_POINT('',(9.824727601,-18.56003037621,10.));
#9941 = ORIENTED_EDGE('',*,*,#9942,.F.);
#9942 = EDGE_CURVE('',#9943,#9936,#9945,.T.);
#9943 = VERTEX_POINT('',#9944);
#9944 = CARTESIAN_POINT('',(9.824727601,-18.56003037621,0.));
#9945 = LINE('',#9946,#9947);
#9946 = CARTESIAN_POINT('',(9.824727601,-18.56003037621,0.));
#9947 = VECTOR('',#9948,1.);
#9948 = DIRECTION('',(0.,0.,1.));
#9949 = ORIENTED_EDGE('',*,*,#9950,.F.);
#9950 = EDGE_CURVE('',#9873,#9943,#9951,.T.);
#9951 = B_SPLINE_CURVE_WITH_KNOTS('',1,(#9952,#9953),.UNSPECIFIED.,.F.,
  .F.,(2,2),(0.,0.655637850368),.PIECEWISE_BEZIER_KNOTS.);
#9952 = CARTESIAN_POINT('',(9.240549998817,-18.85768373155,0.));
#9953 = CARTESIAN_POINT('',(9.824727601,-18.56003037621,0.));
#9954 = SURFACE_OF_LINEAR_EXTRUSION('',#9955,#9958);
#9955 = B_SPLINE_CURVE_WITH_KNOTS('',1,(#9956,#9957),.UNSPECIFIED.,.F.,
  .F.,(2,2),(0.,0.655637850368),.PIECEWISE_BEZIER_KNOTS.);
#9956 = CARTESIAN_POINT('',(9.240549998817,-18.85768373155,0.));
#9957 = CARTESIAN_POINT('',(9.824727601,-18.56003037621,0.));
#9958 = VECTOR('',#9959,1.);
#9959 = DIRECTION('',(-0.,-0.,-1.));
#9960 = ADVANCED_FACE('',(#9961),#10024,.F.);
#9961 = FACE_BOUND('',#9962,.F.);
#9962 = EDGE_LOOP('',(#9963,#9964,#9991,#9999));
#9963 = ORIENTED_EDGE('',*,*,#9942,.T.);
#9964 = ORIENTED_EDGE('',*,*,#9965,.T.);
#9965 = EDGE_CURVE('',#9936,#9966,#9968,.T.);
#9966 = VERTEX_POINT('',#9967);
#9967 = CARTESIAN_POINT('',(9.385765442153,-16.28239219797,10.));
#9968 = B_SPLINE_CURVE_WITH_KNOTS('',3,(#9969,#9970,#9971,#9972,#9973,
    #9974,#9975,#9976,#9977,#9978,#9979,#9980,#9981,#9982,#9983,#9984,
    #9985,#9986,#9987,#9988,#9989,#9990),.UNSPECIFIED.,.F.,.F.,(4,1,1,1,
    1,1,1,1,1,1,1,1,1,1,1,1,1,1,1,4),(0.,0.239379417168,0.465819406568,
    0.67931996821,0.879881102108,1.067502808279,1.242185086743,
    1.403927937526,1.55273136066,1.688595356185,1.811519924156,
    1.921505064645,2.018550777754,2.102657063634,2.173823922514,
    2.232051354779,2.277339361144,2.309687943179,2.329097105599,
    2.335566881401),.UNSPECIFIED.);
#9969 = CARTESIAN_POINT('',(9.824727601,-18.56003037621,10.));
#9970 = CARTESIAN_POINT('',(9.822779174484,-18.48026128526,10.));
#9971 = CARTESIAN_POINT('',(9.817021537845,-18.32507353452,10.));
#9972 = CARTESIAN_POINT('',(9.802682622732,-18.0990632811,10.));
#9973 = CARTESIAN_POINT('',(9.783584634385,-17.88639373746,10.));
#9974 = CARTESIAN_POINT('',(9.760413098966,-17.68715257532,10.));
#9975 = CARTESIAN_POINT('',(9.733859396489,-17.50139768693,10.));
#9976 = CARTESIAN_POINT('',(9.704613743181,-17.32916069883,10.));
#9977 = CARTESIAN_POINT('',(9.673365736529,-17.17044616255,10.));
#9978 = CARTESIAN_POINT('',(9.640803061761,-17.02523183597,10.));
#9979 = CARTESIAN_POINT('',(9.607610636321,-16.89346874515,10.));
#9980 = CARTESIAN_POINT('',(9.574469690958,-16.77508131543,10.));
#9981 = CARTESIAN_POINT('',(9.542056751345,-16.66996759365,10.));
#9982 = CARTESIAN_POINT('',(9.511043028367,-16.57799926728,10.));
#9983 = CARTESIAN_POINT('',(9.482092540825,-16.49902245185,10.));
#9984 = CARTESIAN_POINT('',(9.455864083116,-16.43285628562,10.));
#9985 = CARTESIAN_POINT('',(9.433001944258,-16.37929807393,10.));
#9986 = CARTESIAN_POINT('',(9.414157878648,-16.3381103671,10.));
#9987 = CARTESIAN_POINT('',(9.399931385269,-16.30905538758,10.));
#9988 = CARTESIAN_POINT('',(9.390998727372,-16.29182016043,10.));
#9989 = CARTESIAN_POINT('',(9.386822862931,-16.28427193525,10.));
#9990 = CARTESIAN_POINT('',(9.385765442153,-16.28239219797,10.));
#9991 = ORIENTED_EDGE('',*,*,#9992,.F.);
#9992 = EDGE_CURVE('',#9993,#9966,#9995,.T.);
#9993 = VERTEX_POINT('',#9994);
#9994 = CARTESIAN_POINT('',(9.385765442153,-16.28239219797,0.));
#9995 = LINE('',#9996,#9997);
#9996 = CARTESIAN_POINT('',(9.385765442153,-16.28239219797,0.));
#9997 = VECTOR('',#9998,1.);
#9998 = DIRECTION('',(0.,0.,1.));
#9999 = ORIENTED_EDGE('',*,*,#10000,.F.);
#10000 = EDGE_CURVE('',#9943,#9993,#10001,.T.);
#10001 = B_SPLINE_CURVE_WITH_KNOTS('',3,(#10002,#10003,#10004,#10005,
    #10006,#10007,#10008,#10009,#10010,#10011,#10012,#10013,#10014,
    #10015,#10016,#10017,#10018,#10019,#10020,#10021,#10022,#10023),
  .UNSPECIFIED.,.F.,.F.,(4,1,1,1,1,1,1,1,1,1,1,1,1,1,1,1,1,1,1,4),(0.,
    0.239379417168,0.465819406568,0.67931996821,0.879881102108,
    1.067502808279,1.242185086743,1.403927937526,1.55273136066,
    1.688595356185,1.811519924156,1.921505064645,2.018550777754,
    2.102657063634,2.173823922514,2.232051354779,2.277339361144,
    2.309687943179,2.329097105599,2.335566881401),.UNSPECIFIED.);
#10002 = CARTESIAN_POINT('',(9.824727601,-18.56003037621,0.));
#10003 = CARTESIAN_POINT('',(9.822779174484,-18.48026128526,0.));
#10004 = CARTESIAN_POINT('',(9.817021537845,-18.32507353452,0.));
#10005 = CARTESIAN_POINT('',(9.802682622732,-18.0990632811,0.));
#10006 = CARTESIAN_POINT('',(9.783584634385,-17.88639373746,0.));
#10007 = CARTESIAN_POINT('',(9.760413098966,-17.68715257532,0.));
#10008 = CARTESIAN_POINT('',(9.733859396489,-17.50139768693,0.));
#10009 = CARTESIAN_POINT('',(9.704613743181,-17.32916069883,0.));
#10010 = CARTESIAN_POINT('',(9.673365736529,-17.17044616255,0.));
#10011 = CARTESIAN_POINT('',(9.640803061761,-17.02523183597,0.));
#10012 = CARTESIAN_POINT('',(9.607610636321,-16.89346874515,0.));
#10013 = CARTESIAN_POINT('',(9.574469690958,-16.77508131543,0.));
#10014 = CARTESIAN_POINT('',(9.542056751345,-16.66996759365,0.));
#10015 = CARTESIAN_POINT('',(9.511043028367,-16.57799926728,0.));
#10016 = CARTESIAN_POINT('',(9.482092540825,-16.49902245185,0.));
#10017 = CARTESIAN_POINT('',(9.455864083116,-16.43285628562,0.));
#10018 = CARTESIAN_POINT('',(9.433001944258,-16.37929807393,0.));
#10019 = CARTESIAN_POINT('',(9.414157878648,-16.3381103671,0.));
#10020 = CARTESIAN_POINT('',(9.399931385269,-16.30905538758,0.));
#10021 = CARTESIAN_POINT('',(9.390998727372,-16.29182016043,0.));
#10022 = CARTESIAN_POINT('',(9.386822862931,-16.28427193525,0.));
#10023 = CARTESIAN_POINT('',(9.385765442153,-16.28239219797,0.));
#10024 = SURFACE_OF_LINEAR_EXTRUSION('',#10025,#10048);
#10025 = B_SPLINE_CURVE_WITH_KNOTS('',3,(#10026,#10027,#10028,#10029,
    #10030,#10031,#10032,#10033,#10034,#10035,#10036,#10037,#10038,
    #10039,#10040,#10041,#10042,#10043,#10044,#10045,#10046,#10047),
  .UNSPECIFIED.,.F.,.F.,(4,1,1,1,1,1,1,1,1,1,1,1,1,1,1,1,1,1,1,4),(0.,
    0.239379417168,0.465819406568,0.67931996821,0.879881102108,
    1.067502808279,1.242185086743,1.403927937526,1.55273136066,
    1.688595356185,1.811519924156,1.921505064645,2.018550777754,
    2.102657063634,2.173823922514,2.232051354779,2.277339361144,
    2.309687943179,2.329097105599,2.335566881401),.UNSPECIFIED.);
#10026 = CARTESIAN_POINT('',(9.824727601,-18.56003037621,0.));
#10027 = CARTESIAN_POINT('',(9.822779174484,-18.48026128526,0.));
#10028 = CARTESIAN_POINT('',(9.817021537845,-18.32507353452,0.));
#10029 = CARTESIAN_POINT('',(9.802682622732,-18.0990632811,0.));
#10030 = CARTESIAN_POINT('',(9.783584634385,-17.88639373746,0.));
#10031 = CARTESIAN_POINT('',(9.760413098966,-17.68715257532,0.));
#10032 = CARTESIAN_POINT('',(9.733859396489,-17.50139768693,0.));
#10033 = CARTESIAN_POINT('',(9.704613743181,-17.32916069883,0.));
#10034 = CARTESIAN_POINT('',(9.673365736529,-17.17044616255,0.));
#10035 = CARTESIAN_POINT('',(9.640803061761,-17.02523183597,0.));
#10036 = CARTESIAN_POINT('',(9.607610636321,-16.89346874515,0.));
#10037 = CARTESIAN_POINT('',(9.574469690958,-16.77508131543,0.));
#10038 = CARTESIAN_POINT('',(9.542056751345,-16.66996759365,0.));
#10039 = CARTESIAN_POINT('',(9.511043028367,-16.57799926728,0.));
#10040 = CARTESIAN_POINT('',(9.482092540825,-16.49902245185,0.));
#10041 = CARTESIAN_POINT('',(9.455864083116,-16.43285628562,0.));
#10042 = CARTESIAN_POINT('',(9.433001944258,-16.37929807393,0.));
#10043 = CARTESIAN_POINT('',(9.414157878648,-16.3381103671,0.));
#10044 = CARTESIAN_POINT('',(9.399931385269,-16.30905538758,0.));
#10045 = CARTESIAN_POINT('',(9.390998727372,-16.29182016043,0.));
#10046 = CARTESIAN_POINT('',(9.386822862931,-16.28427193525,0.));
#10047 = CARTESIAN_POINT('',(9.385765442153,-16.28239219797,0.));
#10048 = VECTOR('',#10049,1.);
#10049 = DIRECTION('',(-0.,-0.,-1.));
#10050 = ADVANCED_FACE('',(#10051),#10074,.F.);
#10051 = FACE_BOUND('',#10052,.F.);
#10052 = EDGE_LOOP('',(#10053,#10054,#10061,#10069));
#10053 = ORIENTED_EDGE('',*,*,#9992,.T.);
#10054 = ORIENTED_EDGE('',*,*,#10055,.T.);
#10055 = EDGE_CURVE('',#9966,#10056,#10058,.T.);
#10056 = VERTEX_POINT('',#10057);
#10057 = CARTESIAN_POINT('',(9.363865276136,-16.24439986858,10.));
#10058 = B_SPLINE_CURVE_WITH_KNOTS('',1,(#10059,#10060),.UNSPECIFIED.,
  .F.,.F.,(2,2),(0.,4.385241571817E-02),.PIECEWISE_BEZIER_KNOTS.);
#10059 = CARTESIAN_POINT('',(9.385765442153,-16.28239219797,10.));
#10060 = CARTESIAN_POINT('',(9.363865276136,-16.24439986858,10.));
#10061 = ORIENTED_EDGE('',*,*,#10062,.F.);
#10062 = EDGE_CURVE('',#10063,#10056,#10065,.T.);
#10063 = VERTEX_POINT('',#10064);
#10064 = CARTESIAN_POINT('',(9.363865276136,-16.24439986858,0.));
#10065 = LINE('',#10066,#10067);
#10066 = CARTESIAN_POINT('',(9.363865276136,-16.24439986858,0.));
#10067 = VECTOR('',#10068,1.);
#10068 = DIRECTION('',(0.,0.,1.));
#10069 = ORIENTED_EDGE('',*,*,#10070,.F.);
#10070 = EDGE_CURVE('',#9993,#10063,#10071,.T.);
#10071 = B_SPLINE_CURVE_WITH_KNOTS('',1,(#10072,#10073),.UNSPECIFIED.,
  .F.,.F.,(2,2),(0.,4.385241571817E-02),.PIECEWISE_BEZIER_KNOTS.);
#10072 = CARTESIAN_POINT('',(9.385765442153,-16.28239219797,0.));
#10073 = CARTESIAN_POINT('',(9.363865276136,-16.24439986858,0.));
#10074 = SURFACE_OF_LINEAR_EXTRUSION('',#10075,#10078);
#10075 = B_SPLINE_CURVE_WITH_KNOTS('',1,(#10076,#10077),.UNSPECIFIED.,
  .F.,.F.,(2,2),(0.,4.385241571817E-02),.PIECEWISE_BEZIER_KNOTS.);
#10076 = CARTESIAN_POINT('',(9.385765442153,-16.28239219797,0.));
#10077 = CARTESIAN_POINT('',(9.363865276136,-16.24439986858,0.));
#10078 = VECTOR('',#10079,1.);
#10079 = DIRECTION('',(-0.,-0.,-1.));
#10080 = ADVANCED_FACE('',(#10081),#10104,.F.);
#10081 = FACE_BOUND('',#10082,.F.);
#10082 = EDGE_LOOP('',(#10083,#10084,#10091,#10099));
#10083 = ORIENTED_EDGE('',*,*,#10062,.T.);
#10084 = ORIENTED_EDGE('',*,*,#10085,.T.);
#10085 = EDGE_CURVE('',#10056,#10086,#10088,.T.);
#10086 = VERTEX_POINT('',#10087);
#10087 = CARTESIAN_POINT('',(10.222760388224,-15.71806826696,10.));
#10088 = B_SPLINE_CURVE_WITH_KNOTS('',1,(#10089,#10090),.UNSPECIFIED.,
  .F.,.F.,(2,2),(0.,1.007335975944),.PIECEWISE_BEZIER_KNOTS.);
#10089 = CARTESIAN_POINT('',(9.363865276136,-16.24439986858,10.));
#10090 = CARTESIAN_POINT('',(10.222760388224,-15.71806826696,10.));
#10091 = ORIENTED_EDGE('',*,*,#10092,.F.);
#10092 = EDGE_CURVE('',#10093,#10086,#10095,.T.);
#10093 = VERTEX_POINT('',#10094);
#10094 = CARTESIAN_POINT('',(10.222760388224,-15.71806826696,0.));
#10095 = LINE('',#10096,#10097);
#10096 = CARTESIAN_POINT('',(10.222760388224,-15.71806826696,0.));
#10097 = VECTOR('',#10098,1.);
#10098 = DIRECTION('',(0.,0.,1.));
#10099 = ORIENTED_EDGE('',*,*,#10100,.F.);
#10100 = EDGE_CURVE('',#10063,#10093,#10101,.T.);
#10101 = B_SPLINE_CURVE_WITH_KNOTS('',1,(#10102,#10103),.UNSPECIFIED.,
  .F.,.F.,(2,2),(0.,1.007335975944),.PIECEWISE_BEZIER_KNOTS.);
#10102 = CARTESIAN_POINT('',(9.363865276136,-16.24439986858,0.));
#10103 = CARTESIAN_POINT('',(10.222760388224,-15.71806826696,0.));
#10104 = SURFACE_OF_LINEAR_EXTRUSION('',#10105,#10108);
#10105 = B_SPLINE_CURVE_WITH_KNOTS('',1,(#10106,#10107),.UNSPECIFIED.,
  .F.,.F.,(2,2),(0.,1.007335975944),.PIECEWISE_BEZIER_KNOTS.);
#10106 = CARTESIAN_POINT('',(9.363865276136,-16.24439986858,0.));
#10107 = CARTESIAN_POINT('',(10.222760388224,-15.71806826696,0.));
#10108 = VECTOR('',#10109,1.);
#10109 = DIRECTION('',(-0.,-0.,-1.));
#10110 = ADVANCED_FACE('',(#10111),#10134,.F.);
#10111 = FACE_BOUND('',#10112,.F.);
#10112 = EDGE_LOOP('',(#10113,#10114,#10121,#10129));
#10113 = ORIENTED_EDGE('',*,*,#10092,.T.);
#10114 = ORIENTED_EDGE('',*,*,#10115,.T.);
#10115 = EDGE_CURVE('',#10086,#10116,#10118,.T.);
#10116 = VERTEX_POINT('',#10117);
#10117 = CARTESIAN_POINT('',(10.246669334269,-15.75482961437,10.));
#10118 = B_SPLINE_CURVE_WITH_KNOTS('',1,(#10119,#10120),.UNSPECIFIED.,
  .F.,.F.,(2,2),(0.,4.385241571817E-02),.PIECEWISE_BEZIER_KNOTS.);
#10119 = CARTESIAN_POINT('',(10.222760388224,-15.71806826696,10.));
#10120 = CARTESIAN_POINT('',(10.246669334269,-15.75482961437,10.));
#10121 = ORIENTED_EDGE('',*,*,#10122,.F.);
#10122 = EDGE_CURVE('',#10123,#10116,#10125,.T.);
#10123 = VERTEX_POINT('',#10124);
#10124 = CARTESIAN_POINT('',(10.246669334269,-15.75482961437,0.));
#10125 = LINE('',#10126,#10127);
#10126 = CARTESIAN_POINT('',(10.246669334269,-15.75482961437,0.));
#10127 = VECTOR('',#10128,1.);
#10128 = DIRECTION('',(0.,0.,1.));
#10129 = ORIENTED_EDGE('',*,*,#10130,.F.);
#10130 = EDGE_CURVE('',#10093,#10123,#10131,.T.);
#10131 = B_SPLINE_CURVE_WITH_KNOTS('',1,(#10132,#10133),.UNSPECIFIED.,
  .F.,.F.,(2,2),(0.,4.385241571817E-02),.PIECEWISE_BEZIER_KNOTS.);
#10132 = CARTESIAN_POINT('',(10.222760388224,-15.71806826696,0.));
#10133 = CARTESIAN_POINT('',(10.246669334269,-15.75482961437,0.));
#10134 = SURFACE_OF_LINEAR_EXTRUSION('',#10135,#10138);
#10135 = B_SPLINE_CURVE_WITH_KNOTS('',1,(#10136,#10137),.UNSPECIFIED.,
  .F.,.F.,(2,2),(0.,4.385241571817E-02),.PIECEWISE_BEZIER_KNOTS.);
#10136 = CARTESIAN_POINT('',(10.222760388224,-15.71806826696,0.));
#10137 = CARTESIAN_POINT('',(10.246669334269,-15.75482961437,0.));
#10138 = VECTOR('',#10139,1.);
#10139 = DIRECTION('',(-0.,-0.,-1.));
#10140 = ADVANCED_FACE('',(#10141),#10204,.F.);
#10141 = FACE_BOUND('',#10142,.F.);
#10142 = EDGE_LOOP('',(#10143,#10144,#10171,#10179));
#10143 = ORIENTED_EDGE('',*,*,#10122,.T.);
#10144 = ORIENTED_EDGE('',*,*,#10145,.T.);
#10145 = EDGE_CURVE('',#10116,#10146,#10148,.T.);
#10146 = VERTEX_POINT('',#10147);
#10147 = CARTESIAN_POINT('',(12.076775160962,-17.17997385654,10.));
#10148 = B_SPLINE_CURVE_WITH_KNOTS('',3,(#10149,#10150,#10151,#10152,
    #10153,#10154,#10155,#10156,#10157,#10158,#10159,#10160,#10161,
    #10162,#10163,#10164,#10165,#10166,#10167,#10168,#10169,#10170),
  .UNSPECIFIED.,.F.,.F.,(4,1,1,1,1,1,1,1,1,1,1,1,1,1,1,1,1,1,1,4),(0.,
    6.469775801205E-03,2.587893822125E-02,5.822752025674E-02,
    0.103515526622,0.161742958887,0.232909817767,0.317016103646,
    0.414061816756,0.524046957245,0.646971525216,0.782835520741,
    0.931638943874,1.093381794658,1.268064073122,1.455685779293,
    1.656246913191,1.869747474833,2.096187464232,2.335566881401),
  .UNSPECIFIED.);
#10149 = CARTESIAN_POINT('',(10.246669334269,-15.75482961437,10.));
#10150 = CARTESIAN_POINT('',(10.247864133456,-15.75662516605,10.));
#10151 = CARTESIAN_POINT('',(10.252693848555,-15.76377271103,10.));
#10152 = CARTESIAN_POINT('',(10.263995206568,-15.77955639688,10.));
#10153 = CARTESIAN_POINT('',(10.283424690044,-15.80542297997,10.));
#10154 = CARTESIAN_POINT('',(10.311568178786,-15.84091199298,10.));
#10155 = CARTESIAN_POINT('',(10.348909700974,-15.88559722715,10.));
#10156 = CARTESIAN_POINT('',(10.39595671615,-15.93900576496,10.));
#10157 = CARTESIAN_POINT('',(10.453182327649,-16.00065556214,10.));
#10158 = CARTESIAN_POINT('',(10.521046770869,-16.0700417381,10.));
#10159 = CARTESIAN_POINT('',(10.599988616105,-16.14664250985,10.));
#10160 = CARTESIAN_POINT('',(10.690426914017,-16.22991807676,10.));
#10161 = CARTESIAN_POINT('',(10.792759641773,-16.31931193584,10.));
#10162 = CARTESIAN_POINT('',(10.907363409169,-16.41425141619,10.));
#10163 = CARTESIAN_POINT('',(11.034592798323,-16.51414848563,10.));
#10164 = CARTESIAN_POINT('',(11.174779829663,-16.61840050983,10.));
#10165 = CARTESIAN_POINT('',(11.328233518468,-16.72639098659,10.));
#10166 = CARTESIAN_POINT('',(11.495239036877,-16.83749057059,10.));
#10167 = CARTESIAN_POINT('',(11.676058682477,-16.9510569552,10.));
#10168 = CARTESIAN_POINT('',(11.870925561574,-17.06643953002,10.));
#10169 = CARTESIAN_POINT('',(12.006584947625,-17.14202338634,10.));
#10170 = CARTESIAN_POINT('',(12.076775160962,-17.17997385654,10.));
#10171 = ORIENTED_EDGE('',*,*,#10172,.F.);
#10172 = EDGE_CURVE('',#10173,#10146,#10175,.T.);
#10173 = VERTEX_POINT('',#10174);
#10174 = CARTESIAN_POINT('',(12.076775160962,-17.17997385654,0.));
#10175 = LINE('',#10176,#10177);
#10176 = CARTESIAN_POINT('',(12.076775160962,-17.17997385654,0.));
#10177 = VECTOR('',#10178,1.);
#10178 = DIRECTION('',(0.,0.,1.));
#10179 = ORIENTED_EDGE('',*,*,#10180,.F.);
#10180 = EDGE_CURVE('',#10123,#10173,#10181,.T.);
#10181 = B_SPLINE_CURVE_WITH_KNOTS('',3,(#10182,#10183,#10184,#10185,
    #10186,#10187,#10188,#10189,#10190,#10191,#10192,#10193,#10194,
    #10195,#10196,#10197,#10198,#10199,#10200,#10201,#10202,#10203),
  .UNSPECIFIED.,.F.,.F.,(4,1,1,1,1,1,1,1,1,1,1,1,1,1,1,1,1,1,1,4),(0.,
    6.469775801205E-03,2.587893822125E-02,5.822752025674E-02,
    0.103515526622,0.161742958887,0.232909817767,0.317016103646,
    0.414061816756,0.524046957245,0.646971525216,0.782835520741,
    0.931638943874,1.093381794658,1.268064073122,1.455685779293,
    1.656246913191,1.869747474833,2.096187464232,2.335566881401),
  .UNSPECIFIED.);
#10182 = CARTESIAN_POINT('',(10.246669334269,-15.75482961437,0.));
#10183 = CARTESIAN_POINT('',(10.247864133456,-15.75662516605,0.));
#10184 = CARTESIAN_POINT('',(10.252693848555,-15.76377271103,0.));
#10185 = CARTESIAN_POINT('',(10.263995206568,-15.77955639688,0.));
#10186 = CARTESIAN_POINT('',(10.283424690044,-15.80542297997,0.));
#10187 = CARTESIAN_POINT('',(10.311568178786,-15.84091199298,0.));
#10188 = CARTESIAN_POINT('',(10.348909700974,-15.88559722715,0.));
#10189 = CARTESIAN_POINT('',(10.39595671615,-15.93900576496,0.));
#10190 = CARTESIAN_POINT('',(10.453182327649,-16.00065556214,0.));
#10191 = CARTESIAN_POINT('',(10.521046770869,-16.0700417381,0.));
#10192 = CARTESIAN_POINT('',(10.599988616105,-16.14664250985,0.));
#10193 = CARTESIAN_POINT('',(10.690426914017,-16.22991807676,0.));
#10194 = CARTESIAN_POINT('',(10.792759641773,-16.31931193584,0.));
#10195 = CARTESIAN_POINT('',(10.907363409169,-16.41425141619,0.));
#10196 = CARTESIAN_POINT('',(11.034592798323,-16.51414848563,0.));
#10197 = CARTESIAN_POINT('',(11.174779829663,-16.61840050983,0.));
#10198 = CARTESIAN_POINT('',(11.328233518468,-16.72639098659,0.));
#10199 = CARTESIAN_POINT('',(11.495239036877,-16.83749057059,0.));
#10200 = CARTESIAN_POINT('',(11.676058682477,-16.9510569552,0.));
#10201 = CARTESIAN_POINT('',(11.870925561574,-17.06643953002,0.));
#10202 = CARTESIAN_POINT('',(12.006584947625,-17.14202338634,0.));
#10203 = CARTESIAN_POINT('',(12.076775160962,-17.17997385654,0.));
#10204 = SURFACE_OF_LINEAR_EXTRUSION('',#10205,#10228);
#10205 = B_SPLINE_CURVE_WITH_KNOTS('',3,(#10206,#10207,#10208,#10209,
    #10210,#10211,#10212,#10213,#10214,#10215,#10216,#10217,#10218,
    #10219,#10220,#10221,#10222,#10223,#10224,#10225,#10226,#10227),
  .UNSPECIFIED.,.F.,.F.,(4,1,1,1,1,1,1,1,1,1,1,1,1,1,1,1,1,1,1,4),(0.,
    6.469775801205E-03,2.587893822125E-02,5.822752025674E-02,
    0.103515526622,0.161742958887,0.232909817767,0.317016103646,
    0.414061816756,0.524046957245,0.646971525216,0.782835520741,
    0.931638943874,1.093381794658,1.268064073122,1.455685779293,
    1.656246913191,1.869747474833,2.096187464232,2.335566881401),
  .UNSPECIFIED.);
#10206 = CARTESIAN_POINT('',(10.246669334269,-15.75482961437,0.));
#10207 = CARTESIAN_POINT('',(10.247864133456,-15.75662516605,0.));
#10208 = CARTESIAN_POINT('',(10.252693848555,-15.76377271103,0.));
#10209 = CARTESIAN_POINT('',(10.263995206568,-15.77955639688,0.));
#10210 = CARTESIAN_POINT('',(10.283424690044,-15.80542297997,0.));
#10211 = CARTESIAN_POINT('',(10.311568178786,-15.84091199298,0.));
#10212 = CARTESIAN_POINT('',(10.348909700974,-15.88559722715,0.));
#10213 = CARTESIAN_POINT('',(10.39595671615,-15.93900576496,0.));
#10214 = CARTESIAN_POINT('',(10.453182327649,-16.00065556214,0.));
#10215 = CARTESIAN_POINT('',(10.521046770869,-16.0700417381,0.));
#10216 = CARTESIAN_POINT('',(10.599988616105,-16.14664250985,0.));
#10217 = CARTESIAN_POINT('',(10.690426914017,-16.22991807676,0.));
#10218 = CARTESIAN_POINT('',(10.792759641773,-16.31931193584,0.));
#10219 = CARTESIAN_POINT('',(10.907363409169,-16.41425141619,0.));
#10220 = CARTESIAN_POINT('',(11.034592798323,-16.51414848563,0.));
#10221 = CARTESIAN_POINT('',(11.174779829663,-16.61840050983,0.));
#10222 = CARTESIAN_POINT('',(11.328233518468,-16.72639098659,0.));
#10223 = CARTESIAN_POINT('',(11.495239036877,-16.83749057059,0.));
#10224 = CARTESIAN_POINT('',(11.676058682477,-16.9510569552,0.));
#10225 = CARTESIAN_POINT('',(11.870925561574,-17.06643953002,0.));
#10226 = CARTESIAN_POINT('',(12.006584947625,-17.14202338634,0.));
#10227 = CARTESIAN_POINT('',(12.076775160962,-17.17997385654,0.));
#10228 = VECTOR('',#10229,1.);
#10229 = DIRECTION('',(-0.,-0.,-1.));
#10230 = ADVANCED_FACE('',(#10231),#10254,.F.);
#10231 = FACE_BOUND('',#10232,.F.);
#10232 = EDGE_LOOP('',(#10233,#10234,#10241,#10249));
#10233 = ORIENTED_EDGE('',*,*,#10172,.T.);
#10234 = ORIENTED_EDGE('',*,*,#10235,.T.);
#10235 = EDGE_CURVE('',#10146,#10236,#10238,.T.);
#10236 = VERTEX_POINT('',#10237);
#10237 = CARTESIAN_POINT('',(12.607197324065,-16.79459959725,10.));
#10238 = B_SPLINE_CURVE_WITH_KNOTS('',1,(#10239,#10240),.UNSPECIFIED.,
  .F.,.F.,(2,2),(0.,0.655637850368),.PIECEWISE_BEZIER_KNOTS.);
#10239 = CARTESIAN_POINT('',(12.076775160962,-17.17997385654,10.));
#10240 = CARTESIAN_POINT('',(12.607197324065,-16.79459959725,10.));
#10241 = ORIENTED_EDGE('',*,*,#10242,.F.);
#10242 = EDGE_CURVE('',#10243,#10236,#10245,.T.);
#10243 = VERTEX_POINT('',#10244);
#10244 = CARTESIAN_POINT('',(12.607197324065,-16.79459959725,0.));
#10245 = LINE('',#10246,#10247);
#10246 = CARTESIAN_POINT('',(12.607197324065,-16.79459959725,0.));
#10247 = VECTOR('',#10248,1.);
#10248 = DIRECTION('',(0.,0.,1.));
#10249 = ORIENTED_EDGE('',*,*,#10250,.F.);
#10250 = EDGE_CURVE('',#10173,#10243,#10251,.T.);
#10251 = B_SPLINE_CURVE_WITH_KNOTS('',1,(#10252,#10253),.UNSPECIFIED.,
  .F.,.F.,(2,2),(0.,0.655637850368),.PIECEWISE_BEZIER_KNOTS.);
#10252 = CARTESIAN_POINT('',(12.076775160962,-17.17997385654,0.));
#10253 = CARTESIAN_POINT('',(12.607197324065,-16.79459959725,0.));
#10254 = SURFACE_OF_LINEAR_EXTRUSION('',#10255,#10258);
#10255 = B_SPLINE_CURVE_WITH_KNOTS('',1,(#10256,#10257),.UNSPECIFIED.,
  .F.,.F.,(2,2),(0.,0.655637850368),.PIECEWISE_BEZIER_KNOTS.);
#10256 = CARTESIAN_POINT('',(12.076775160962,-17.17997385654,0.));
#10257 = CARTESIAN_POINT('',(12.607197324065,-16.79459959725,0.));
#10258 = VECTOR('',#10259,1.);
#10259 = DIRECTION('',(-0.,-0.,-1.));
#10260 = ADVANCED_FACE('',(#10261),#10324,.F.);
#10261 = FACE_BOUND('',#10262,.F.);
#10262 = EDGE_LOOP('',(#10263,#10264,#10291,#10299));
#10263 = ORIENTED_EDGE('',*,*,#10242,.T.);
#10264 = ORIENTED_EDGE('',*,*,#10265,.T.);
#10265 = EDGE_CURVE('',#10236,#10266,#10268,.T.);
#10266 = VERTEX_POINT('',#10267);
#10267 = CARTESIAN_POINT('',(11.817338407841,-14.613671735,10.));
#10268 = B_SPLINE_CURVE_WITH_KNOTS('',3,(#10269,#10270,#10271,#10272,
    #10273,#10274,#10275,#10276,#10277,#10278,#10279,#10280,#10281,
    #10282,#10283,#10284,#10285,#10286,#10287,#10288,#10289,#10290),
  .UNSPECIFIED.,.F.,.F.,(4,1,1,1,1,1,1,1,1,1,1,1,1,1,1,1,1,1,1,4),(0.,
    0.239379417168,0.465819406568,0.67931996821,0.879881102108,
    1.067502808279,1.242185086743,1.403927937526,1.55273136066,
    1.688595356185,1.811519924156,1.921505064645,2.018550777754,
    2.102657063634,2.173823922514,2.232051354779,2.277339361144,
    2.309687943179,2.329097105599,2.335566881401),.UNSPECIFIED.);
#10269 = CARTESIAN_POINT('',(12.607197324065,-16.79459959725,10.));
#10270 = CARTESIAN_POINT('',(12.592794250843,-16.71611739724,10.));
#10271 = CARTESIAN_POINT('',(12.562830787498,-16.56374095803,10.));
#10272 = CARTESIAN_POINT('',(12.513312615135,-16.34275636639,10.));
#10273 = CARTESIAN_POINT('',(12.461180908428,-16.13569272133,10.));
#10274 = CARTESIAN_POINT('',(12.407126468447,-15.94252937527,10.));
#10275 = CARTESIAN_POINT('',(12.351841219516,-15.76321535203,10.));
#10276 = CARTESIAN_POINT('',(12.296011827638,-15.5976739152,10.));
#10277 = CARTESIAN_POINT('',(12.240320112224,-15.44580168343,10.));
#10278 = CARTESIAN_POINT('',(12.185441812522,-15.30746911079,10.));
#10279 = CARTESIAN_POINT('',(12.132045752293,-15.18252068158,10.));
#10280 = CARTESIAN_POINT('',(12.080792952728,-15.07077518364,10.));
#10281 = CARTESIAN_POINT('',(12.032335661352,-14.97202608707,10.));
#10282 = CARTESIAN_POINT('',(11.987316752832,-14.88604165857,10.));
#10283 = CARTESIAN_POINT('',(11.946367997961,-14.81256603283,10.));
#10284 = CARTESIAN_POINT('',(11.91011178727,-14.75131751664,10.));
#10285 = CARTESIAN_POINT('',(11.879152769085,-14.70199512188,10.));
#10286 = CARTESIAN_POINT('',(11.854097528309,-14.66426236539,10.));
#10287 = CARTESIAN_POINT('',(11.835500986492,-14.63779061476,10.));
#10288 = CARTESIAN_POINT('',(11.823982120898,-14.62216495742,10.));
#10289 = CARTESIAN_POINT('',(11.818676865709,-14.61536291253,10.));
#10290 = CARTESIAN_POINT('',(11.817338407841,-14.613671735,10.));
#10291 = ORIENTED_EDGE('',*,*,#10292,.F.);
#10292 = EDGE_CURVE('',#10293,#10266,#10295,.T.);
#10293 = VERTEX_POINT('',#10294);
#10294 = CARTESIAN_POINT('',(11.817338407841,-14.613671735,0.));
#10295 = LINE('',#10296,#10297);
#10296 = CARTESIAN_POINT('',(11.817338407841,-14.613671735,0.));
#10297 = VECTOR('',#10298,1.);
#10298 = DIRECTION('',(0.,0.,1.));
#10299 = ORIENTED_EDGE('',*,*,#10300,.F.);
#10300 = EDGE_CURVE('',#10243,#10293,#10301,.T.);
#10301 = B_SPLINE_CURVE_WITH_KNOTS('',3,(#10302,#10303,#10304,#10305,
    #10306,#10307,#10308,#10309,#10310,#10311,#10312,#10313,#10314,
    #10315,#10316,#10317,#10318,#10319,#10320,#10321,#10322,#10323),
  .UNSPECIFIED.,.F.,.F.,(4,1,1,1,1,1,1,1,1,1,1,1,1,1,1,1,1,1,1,4),(0.,
    0.239379417168,0.465819406568,0.67931996821,0.879881102108,
    1.067502808279,1.242185086743,1.403927937526,1.55273136066,
    1.688595356185,1.811519924156,1.921505064645,2.018550777754,
    2.102657063634,2.173823922514,2.232051354779,2.277339361144,
    2.309687943179,2.329097105599,2.335566881401),.UNSPECIFIED.);
#10302 = CARTESIAN_POINT('',(12.607197324065,-16.79459959725,0.));
#10303 = CARTESIAN_POINT('',(12.592794250843,-16.71611739724,0.));
#10304 = CARTESIAN_POINT('',(12.562830787498,-16.56374095803,0.));
#10305 = CARTESIAN_POINT('',(12.513312615135,-16.34275636639,0.));
#10306 = CARTESIAN_POINT('',(12.461180908428,-16.13569272133,0.));
#10307 = CARTESIAN_POINT('',(12.407126468447,-15.94252937527,0.));
#10308 = CARTESIAN_POINT('',(12.351841219516,-15.76321535203,0.));
#10309 = CARTESIAN_POINT('',(12.296011827638,-15.5976739152,0.));
#10310 = CARTESIAN_POINT('',(12.240320112224,-15.44580168343,0.));
#10311 = CARTESIAN_POINT('',(12.185441812522,-15.30746911079,0.));
#10312 = CARTESIAN_POINT('',(12.132045752293,-15.18252068158,0.));
#10313 = CARTESIAN_POINT('',(12.080792952728,-15.07077518364,0.));
#10314 = CARTESIAN_POINT('',(12.032335661352,-14.97202608707,0.));
#10315 = CARTESIAN_POINT('',(11.987316752832,-14.88604165857,0.));
#10316 = CARTESIAN_POINT('',(11.946367997961,-14.81256603283,0.));
#10317 = CARTESIAN_POINT('',(11.91011178727,-14.75131751664,0.));
#10318 = CARTESIAN_POINT('',(11.879152769085,-14.70199512188,0.));
#10319 = CARTESIAN_POINT('',(11.854097528309,-14.66426236539,0.));
#10320 = CARTESIAN_POINT('',(11.835500986492,-14.63779061476,0.));
#10321 = CARTESIAN_POINT('',(11.823982120898,-14.62216495742,0.));
#10322 = CARTESIAN_POINT('',(11.818676865709,-14.61536291253,0.));
#10323 = CARTESIAN_POINT('',(11.817338407841,-14.613671735,0.));
#10324 = SURFACE_OF_LINEAR_EXTRUSION('',#10325,#10348);
#10325 = B_SPLINE_CURVE_WITH_KNOTS('',3,(#10326,#10327,#10328,#10329,
    #10330,#10331,#10332,#10333,#10334,#10335,#10336,#10337,#10338,
    #10339,#10340,#10341,#10342,#10343,#10344,#10345,#10346,#10347),
  .UNSPECIFIED.,.F.,.F.,(4,1,1,1,1,1,1,1,1,1,1,1,1,1,1,1,1,1,1,4),(0.,
    0.239379417168,0.465819406568,0.67931996821,0.879881102108,
    1.067502808279,1.242185086743,1.403927937526,1.55273136066,
    1.688595356185,1.811519924156,1.921505064645,2.018550777754,
    2.102657063634,2.173823922514,2.232051354779,2.277339361144,
    2.309687943179,2.329097105599,2.335566881401),.UNSPECIFIED.);
#10326 = CARTESIAN_POINT('',(12.607197324065,-16.79459959725,0.));
#10327 = CARTESIAN_POINT('',(12.592794250843,-16.71611739724,0.));
#10328 = CARTESIAN_POINT('',(12.562830787498,-16.56374095803,0.));
#10329 = CARTESIAN_POINT('',(12.513312615135,-16.34275636639,0.));
#10330 = CARTESIAN_POINT('',(12.461180908428,-16.13569272133,0.));
#10331 = CARTESIAN_POINT('',(12.407126468447,-15.94252937527,0.));
#10332 = CARTESIAN_POINT('',(12.351841219516,-15.76321535203,0.));
#10333 = CARTESIAN_POINT('',(12.296011827638,-15.5976739152,0.));
#10334 = CARTESIAN_POINT('',(12.240320112224,-15.44580168343,0.));
#10335 = CARTESIAN_POINT('',(12.185441812522,-15.30746911079,0.));
#10336 = CARTESIAN_POINT('',(12.132045752293,-15.18252068158,0.));
#10337 = CARTESIAN_POINT('',(12.080792952728,-15.07077518364,0.));
#10338 = CARTESIAN_POINT('',(12.032335661352,-14.97202608707,0.));
#10339 = CARTESIAN_POINT('',(11.987316752832,-14.88604165857,0.));
#10340 = CARTESIAN_POINT('',(11.946367997961,-14.81256603283,0.));
#10341 = CARTESIAN_POINT('',(11.91011178727,-14.75131751664,0.));
#10342 = CARTESIAN_POINT('',(11.879152769085,-14.70199512188,0.));
#10343 = CARTESIAN_POINT('',(11.854097528309,-14.66426236539,0.));
#10344 = CARTESIAN_POINT('',(11.835500986492,-14.63779061476,0.));
#10345 = CARTESIAN_POINT('',(11.823982120898,-14.62216495742,0.));
#10346 = CARTESIAN_POINT('',(11.818676865709,-14.61536291253,0.));
#10347 = CARTESIAN_POINT('',(11.817338407841,-14.613671735,0.));
#10348 = VECTOR('',#10349,1.);
#10349 = DIRECTION('',(-0.,-0.,-1.));
#10350 = ADVANCED_FACE('',(#10351),#10374,.F.);
#10351 = FACE_BOUND('',#10352,.F.);
#10352 = EDGE_LOOP('',(#10353,#10354,#10361,#10369));
#10353 = ORIENTED_EDGE('',*,*,#10292,.T.);
#10354 = ORIENTED_EDGE('',*,*,#10355,.T.);
#10355 = EDGE_CURVE('',#10266,#10356,#10358,.T.);
#10356 = VERTEX_POINT('',#10357);
#10357 = CARTESIAN_POINT('',(11.789764559484,-14.57957309498,10.));
#10358 = B_SPLINE_CURVE_WITH_KNOTS('',1,(#10359,#10360),.UNSPECIFIED.,
  .F.,.F.,(2,2),(0.,4.385241571817E-02),.PIECEWISE_BEZIER_KNOTS.);
#10359 = CARTESIAN_POINT('',(11.817338407841,-14.613671735,10.));
#10360 = CARTESIAN_POINT('',(11.789764559484,-14.57957309498,10.));
#10361 = ORIENTED_EDGE('',*,*,#10362,.F.);
#10362 = EDGE_CURVE('',#10363,#10356,#10365,.T.);
#10363 = VERTEX_POINT('',#10364);
#10364 = CARTESIAN_POINT('',(11.789764559484,-14.57957309498,0.));
#10365 = LINE('',#10366,#10367);
#10366 = CARTESIAN_POINT('',(11.789764559484,-14.57957309498,0.));
#10367 = VECTOR('',#10368,1.);
#10368 = DIRECTION('',(0.,0.,1.));
#10369 = ORIENTED_EDGE('',*,*,#10370,.F.);
#10370 = EDGE_CURVE('',#10293,#10363,#10371,.T.);
#10371 = B_SPLINE_CURVE_WITH_KNOTS('',1,(#10372,#10373),.UNSPECIFIED.,
  .F.,.F.,(2,2),(0.,4.385241571817E-02),.PIECEWISE_BEZIER_KNOTS.);
#10372 = CARTESIAN_POINT('',(11.817338407841,-14.613671735,0.));
#10373 = CARTESIAN_POINT('',(11.789764559484,-14.57957309498,0.));
#10374 = SURFACE_OF_LINEAR_EXTRUSION('',#10375,#10378);
#10375 = B_SPLINE_CURVE_WITH_KNOTS('',1,(#10376,#10377),.UNSPECIFIED.,
  .F.,.F.,(2,2),(0.,4.385241571817E-02),.PIECEWISE_BEZIER_KNOTS.);
#10376 = CARTESIAN_POINT('',(11.817338407841,-14.613671735,0.));
#10377 = CARTESIAN_POINT('',(11.789764559484,-14.57957309498,0.));
#10378 = VECTOR('',#10379,1.);
#10379 = DIRECTION('',(-0.,-0.,-1.));
#10380 = ADVANCED_FACE('',(#10381),#10404,.F.);
#10381 = FACE_BOUND('',#10382,.F.);
#10382 = EDGE_LOOP('',(#10383,#10384,#10391,#10399));
#10383 = ORIENTED_EDGE('',*,*,#10362,.T.);
#10384 = ORIENTED_EDGE('',*,*,#10385,.T.);
#10385 = EDGE_CURVE('',#10356,#10386,#10388,.T.);
#10386 = VERTEX_POINT('',#10387);
#10387 = CARTESIAN_POINT('',(12.555748844955,-13.92536071139,10.));
#10388 = B_SPLINE_CURVE_WITH_KNOTS('',1,(#10389,#10390),.UNSPECIFIED.,
  .F.,.F.,(2,2),(0.,1.007335975944),.PIECEWISE_BEZIER_KNOTS.);
#10389 = CARTESIAN_POINT('',(11.789764559484,-14.57957309498,10.));
#10390 = CARTESIAN_POINT('',(12.555748844955,-13.92536071139,10.));
#10391 = ORIENTED_EDGE('',*,*,#10392,.F.);
#10392 = EDGE_CURVE('',#10393,#10386,#10395,.T.);
#10393 = VERTEX_POINT('',#10394);
#10394 = CARTESIAN_POINT('',(12.555748844955,-13.92536071139,0.));
#10395 = LINE('',#10396,#10397);
#10396 = CARTESIAN_POINT('',(12.555748844955,-13.92536071139,0.));
#10397 = VECTOR('',#10398,1.);
#10398 = DIRECTION('',(0.,0.,1.));
#10399 = ORIENTED_EDGE('',*,*,#10400,.F.);
#10400 = EDGE_CURVE('',#10363,#10393,#10401,.T.);
#10401 = B_SPLINE_CURVE_WITH_KNOTS('',1,(#10402,#10403),.UNSPECIFIED.,
  .F.,.F.,(2,2),(0.,1.007335975944),.PIECEWISE_BEZIER_KNOTS.);
#10402 = CARTESIAN_POINT('',(11.789764559484,-14.57957309498,0.));
#10403 = CARTESIAN_POINT('',(12.555748844955,-13.92536071139,0.));
#10404 = SURFACE_OF_LINEAR_EXTRUSION('',#10405,#10408);
#10405 = B_SPLINE_CURVE_WITH_KNOTS('',1,(#10406,#10407),.UNSPECIFIED.,
  .F.,.F.,(2,2),(0.,1.007335975944),.PIECEWISE_BEZIER_KNOTS.);
#10406 = CARTESIAN_POINT('',(11.789764559484,-14.57957309498,0.));
#10407 = CARTESIAN_POINT('',(12.555748844955,-13.92536071139,0.));
#10408 = VECTOR('',#10409,1.);
#10409 = DIRECTION('',(-0.,-0.,-1.));
#10410 = ADVANCED_FACE('',(#10411),#10434,.F.);
#10411 = FACE_BOUND('',#10412,.F.);
#10412 = EDGE_LOOP('',(#10413,#10414,#10421,#10429));
#10413 = ORIENTED_EDGE('',*,*,#10392,.T.);
#10414 = ORIENTED_EDGE('',*,*,#10415,.T.);
#10415 = EDGE_CURVE('',#10386,#10416,#10418,.T.);
#10416 = VERTEX_POINT('',#10417);
#10417 = CARTESIAN_POINT('',(12.585114173915,-13.95792928243,10.));
#10418 = B_SPLINE_CURVE_WITH_KNOTS('',1,(#10419,#10420),.UNSPECIFIED.,
  .F.,.F.,(2,2),(0.,4.385241571817E-02),.PIECEWISE_BEZIER_KNOTS.);
#10419 = CARTESIAN_POINT('',(12.555748844955,-13.92536071139,10.));
#10420 = CARTESIAN_POINT('',(12.585114173915,-13.95792928243,10.));
#10421 = ORIENTED_EDGE('',*,*,#10422,.F.);
#10422 = EDGE_CURVE('',#10423,#10416,#10425,.T.);
#10423 = VERTEX_POINT('',#10424);
#10424 = CARTESIAN_POINT('',(12.585114173915,-13.95792928243,0.));
#10425 = LINE('',#10426,#10427);
#10426 = CARTESIAN_POINT('',(12.585114173915,-13.95792928243,0.));
#10427 = VECTOR('',#10428,1.);
#10428 = DIRECTION('',(0.,0.,1.));
#10429 = ORIENTED_EDGE('',*,*,#10430,.F.);
#10430 = EDGE_CURVE('',#10393,#10423,#10431,.T.);
#10431 = B_SPLINE_CURVE_WITH_KNOTS('',1,(#10432,#10433),.UNSPECIFIED.,
  .F.,.F.,(2,2),(0.,4.385241571817E-02),.PIECEWISE_BEZIER_KNOTS.);
#10432 = CARTESIAN_POINT('',(12.555748844955,-13.92536071139,0.));
#10433 = CARTESIAN_POINT('',(12.585114173915,-13.95792928243,0.));
#10434 = SURFACE_OF_LINEAR_EXTRUSION('',#10435,#10438);
#10435 = B_SPLINE_CURVE_WITH_KNOTS('',1,(#10436,#10437),.UNSPECIFIED.,
  .F.,.F.,(2,2),(0.,4.385241571817E-02),.PIECEWISE_BEZIER_KNOTS.);
#10436 = CARTESIAN_POINT('',(12.555748844955,-13.92536071139,0.));
#10437 = CARTESIAN_POINT('',(12.585114173915,-13.95792928243,0.));
#10438 = VECTOR('',#10439,1.);
#10439 = DIRECTION('',(-0.,-0.,-1.));
#10440 = ADVANCED_FACE('',(#10441),#10504,.F.);
#10441 = FACE_BOUND('',#10442,.F.);
#10442 = EDGE_LOOP('',(#10443,#10444,#10471,#10479));
#10443 = ORIENTED_EDGE('',*,*,#10422,.T.);
#10444 = ORIENTED_EDGE('',*,*,#10445,.T.);
#10445 = EDGE_CURVE('',#10416,#10446,#10448,.T.);
#10446 = VERTEX_POINT('',#10447);
#10447 = CARTESIAN_POINT('',(14.615630038125,-15.07923600812,10.));
#10448 = B_SPLINE_CURVE_WITH_KNOTS('',3,(#10449,#10450,#10451,#10452,
    #10453,#10454,#10455,#10456,#10457,#10458,#10459,#10460,#10461,
    #10462,#10463,#10464,#10465,#10466,#10467,#10468,#10469,#10470),
  .UNSPECIFIED.,.F.,.F.,(4,1,1,1,1,1,1,1,1,1,1,1,1,1,1,1,1,1,1,4),(0.,
    6.469775801205E-03,2.587893822125E-02,5.822752025674E-02,
    0.103515526622,0.161742958887,0.232909817767,0.317016103646,
    0.414061816756,0.524046957245,0.646971525216,0.782835520741,
    0.931638943874,1.093381794658,1.268064073122,1.455685779293,
    1.656246913191,1.869747474833,2.096187464232,2.335566881401),
  .UNSPECIFIED.);
#10449 = CARTESIAN_POINT('',(12.585114173915,-13.95792928243,10.));
#10450 = CARTESIAN_POINT('',(12.586575149309,-13.95951582011,10.));
#10451 = CARTESIAN_POINT('',(12.592463524976,-13.96581983306,10.));
#10452 = CARTESIAN_POINT('',(12.606094856971,-13.97964127365,10.));
#10453 = CARTESIAN_POINT('',(12.629331556352,-14.00214995532,10.));
#10454 = CARTESIAN_POINT('',(12.66268025681,-14.03279942809,10.));
#10455 = CARTESIAN_POINT('',(12.706552353598,-14.07109301182,10.));
#10456 = CARTESIAN_POINT('',(12.761375077989,-14.11648422726,10.));
#10457 = CARTESIAN_POINT('',(12.827540300292,-14.16842295521,10.));
#10458 = CARTESIAN_POINT('',(12.905423608919,-14.22633853434,10.));
#10459 = CARTESIAN_POINT('',(12.995376549793,-14.28964699814,10.));
#10460 = CARTESIAN_POINT('',(13.097728570945,-14.35774963789,10.));
#10461 = CARTESIAN_POINT('',(13.212785693533,-14.43003454469,10.));
#10462 = CARTESIAN_POINT('',(13.340830305199,-14.50587718346,10.));
#10463 = CARTESIAN_POINT('',(13.482120634064,-14.58464129277,10.));
#10464 = CARTESIAN_POINT('',(13.636890340056,-14.6656797183,10.));
#10465 = CARTESIAN_POINT('',(13.805348191772,-14.74833520738,10.));
#10466 = CARTESIAN_POINT('',(13.987677399109,-14.83194155221,10.));
#10467 = CARTESIAN_POINT('',(14.184036551441,-14.91582332165,10.));
#10468 = CARTESIAN_POINT('',(14.39455410726,-14.99930144951,10.));
#10469 = CARTESIAN_POINT('',(14.540367221284,-15.05273293965,10.));
#10470 = CARTESIAN_POINT('',(14.615630038125,-15.07923600812,10.));
#10471 = ORIENTED_EDGE('',*,*,#10472,.F.);
#10472 = EDGE_CURVE('',#10473,#10446,#10475,.T.);
#10473 = VERTEX_POINT('',#10474);
#10474 = CARTESIAN_POINT('',(14.615630038125,-15.07923600812,0.));
#10475 = LINE('',#10476,#10477);
#10476 = CARTESIAN_POINT('',(14.615630038125,-15.07923600812,0.));
#10477 = VECTOR('',#10478,1.);
#10478 = DIRECTION('',(0.,0.,1.));
#10479 = ORIENTED_EDGE('',*,*,#10480,.F.);
#10480 = EDGE_CURVE('',#10423,#10473,#10481,.T.);
#10481 = B_SPLINE_CURVE_WITH_KNOTS('',3,(#10482,#10483,#10484,#10485,
    #10486,#10487,#10488,#10489,#10490,#10491,#10492,#10493,#10494,
    #10495,#10496,#10497,#10498,#10499,#10500,#10501,#10502,#10503),
  .UNSPECIFIED.,.F.,.F.,(4,1,1,1,1,1,1,1,1,1,1,1,1,1,1,1,1,1,1,4),(0.,
    6.469775801205E-03,2.587893822125E-02,5.822752025674E-02,
    0.103515526622,0.161742958887,0.232909817767,0.317016103646,
    0.414061816756,0.524046957245,0.646971525216,0.782835520741,
    0.931638943874,1.093381794658,1.268064073122,1.455685779293,
    1.656246913191,1.869747474833,2.096187464232,2.335566881401),
  .UNSPECIFIED.);
#10482 = CARTESIAN_POINT('',(12.585114173915,-13.95792928243,0.));
#10483 = CARTESIAN_POINT('',(12.586575149309,-13.95951582011,0.));
#10484 = CARTESIAN_POINT('',(12.592463524976,-13.96581983306,0.));
#10485 = CARTESIAN_POINT('',(12.606094856971,-13.97964127365,0.));
#10486 = CARTESIAN_POINT('',(12.629331556352,-14.00214995532,0.));
#10487 = CARTESIAN_POINT('',(12.66268025681,-14.03279942809,0.));
#10488 = CARTESIAN_POINT('',(12.706552353598,-14.07109301182,0.));
#10489 = CARTESIAN_POINT('',(12.761375077989,-14.11648422726,0.));
#10490 = CARTESIAN_POINT('',(12.827540300292,-14.16842295521,0.));
#10491 = CARTESIAN_POINT('',(12.905423608919,-14.22633853434,0.));
#10492 = CARTESIAN_POINT('',(12.995376549793,-14.28964699814,0.));
#10493 = CARTESIAN_POINT('',(13.097728570945,-14.35774963789,0.));
#10494 = CARTESIAN_POINT('',(13.212785693533,-14.43003454469,0.));
#10495 = CARTESIAN_POINT('',(13.340830305199,-14.50587718346,0.));
#10496 = CARTESIAN_POINT('',(13.482120634064,-14.58464129277,0.));
#10497 = CARTESIAN_POINT('',(13.636890340056,-14.6656797183,0.));
#10498 = CARTESIAN_POINT('',(13.805348191772,-14.74833520738,0.));
#10499 = CARTESIAN_POINT('',(13.987677399109,-14.83194155221,0.));
#10500 = CARTESIAN_POINT('',(14.184036551441,-14.91582332165,0.));
#10501 = CARTESIAN_POINT('',(14.39455410726,-14.99930144951,0.));
#10502 = CARTESIAN_POINT('',(14.540367221284,-15.05273293965,0.));
#10503 = CARTESIAN_POINT('',(14.615630038125,-15.07923600812,0.));
#10504 = SURFACE_OF_LINEAR_EXTRUSION('',#10505,#10528);
#10505 = B_SPLINE_CURVE_WITH_KNOTS('',3,(#10506,#10507,#10508,#10509,
    #10510,#10511,#10512,#10513,#10514,#10515,#10516,#10517,#10518,
    #10519,#10520,#10521,#10522,#10523,#10524,#10525,#10526,#10527),
  .UNSPECIFIED.,.F.,.F.,(4,1,1,1,1,1,1,1,1,1,1,1,1,1,1,1,1,1,1,4),(0.,
    6.469775801205E-03,2.587893822125E-02,5.822752025674E-02,
    0.103515526622,0.161742958887,0.232909817767,0.317016103646,
    0.414061816756,0.524046957245,0.646971525216,0.782835520741,
    0.931638943874,1.093381794658,1.268064073122,1.455685779293,
    1.656246913191,1.869747474833,2.096187464232,2.335566881401),
  .UNSPECIFIED.);
#10506 = CARTESIAN_POINT('',(12.585114173915,-13.95792928243,0.));
#10507 = CARTESIAN_POINT('',(12.586575149309,-13.95951582011,0.));
#10508 = CARTESIAN_POINT('',(12.592463524976,-13.96581983306,0.));
#10509 = CARTESIAN_POINT('',(12.606094856971,-13.97964127365,0.));
#10510 = CARTESIAN_POINT('',(12.629331556352,-14.00214995532,0.));
#10511 = CARTESIAN_POINT('',(12.66268025681,-14.03279942809,0.));
#10512 = CARTESIAN_POINT('',(12.706552353598,-14.07109301182,0.));
#10513 = CARTESIAN_POINT('',(12.761375077989,-14.11648422726,0.));
#10514 = CARTESIAN_POINT('',(12.827540300292,-14.16842295521,0.));
#10515 = CARTESIAN_POINT('',(12.905423608919,-14.22633853434,0.));
#10516 = CARTESIAN_POINT('',(12.995376549793,-14.28964699814,0.));
#10517 = CARTESIAN_POINT('',(13.097728570945,-14.35774963789,0.));
#10518 = CARTESIAN_POINT('',(13.212785693533,-14.43003454469,0.));
#10519 = CARTESIAN_POINT('',(13.340830305199,-14.50587718346,0.));
#10520 = CARTESIAN_POINT('',(13.482120634064,-14.58464129277,0.));
#10521 = CARTESIAN_POINT('',(13.636890340056,-14.6656797183,0.));
#10522 = CARTESIAN_POINT('',(13.805348191772,-14.74833520738,0.));
#10523 = CARTESIAN_POINT('',(13.987677399109,-14.83194155221,0.));
#10524 = CARTESIAN_POINT('',(14.184036551441,-14.91582332165,0.));
#10525 = CARTESIAN_POINT('',(14.39455410726,-14.99930144951,0.));
#10526 = CARTESIAN_POINT('',(14.540367221284,-15.05273293965,0.));
#10527 = CARTESIAN_POINT('',(14.615630038125,-15.07923600812,0.));
#10528 = VECTOR('',#10529,1.);
#10529 = DIRECTION('',(-0.,-0.,-1.));
#10530 = ADVANCED_FACE('',(#10531),#10554,.F.);
#10531 = FACE_BOUND('',#10532,.F.);
#10532 = EDGE_LOOP('',(#10533,#10534,#10541,#10549));
#10533 = ORIENTED_EDGE('',*,*,#10472,.T.);
#10534 = ORIENTED_EDGE('',*,*,#10535,.T.);
#10535 = EDGE_CURVE('',#10446,#10536,#10538,.T.);
#10536 = VERTEX_POINT('',#10537);
#10537 = CARTESIAN_POINT('',(15.079236008123,-14.61563003812,10.));
#10538 = B_SPLINE_CURVE_WITH_KNOTS('',1,(#10539,#10540),.UNSPECIFIED.,
  .F.,.F.,(2,2),(0.,0.655637850368),.PIECEWISE_BEZIER_KNOTS.);
#10539 = CARTESIAN_POINT('',(14.615630038125,-15.07923600812,10.));
#10540 = CARTESIAN_POINT('',(15.079236008123,-14.61563003812,10.));
#10541 = ORIENTED_EDGE('',*,*,#10542,.F.);
#10542 = EDGE_CURVE('',#10543,#10536,#10545,.T.);
#10543 = VERTEX_POINT('',#10544);
#10544 = CARTESIAN_POINT('',(15.079236008123,-14.61563003812,0.));
#10545 = LINE('',#10546,#10547);
#10546 = CARTESIAN_POINT('',(15.079236008123,-14.61563003812,0.));
#10547 = VECTOR('',#10548,1.);
#10548 = DIRECTION('',(0.,0.,1.));
#10549 = ORIENTED_EDGE('',*,*,#10550,.F.);
#10550 = EDGE_CURVE('',#10473,#10543,#10551,.T.);
#10551 = B_SPLINE_CURVE_WITH_KNOTS('',1,(#10552,#10553),.UNSPECIFIED.,
  .F.,.F.,(2,2),(0.,0.655637850368),.PIECEWISE_BEZIER_KNOTS.);
#10552 = CARTESIAN_POINT('',(14.615630038125,-15.07923600812,0.));
#10553 = CARTESIAN_POINT('',(15.079236008123,-14.61563003812,0.));
#10554 = SURFACE_OF_LINEAR_EXTRUSION('',#10555,#10558);
#10555 = B_SPLINE_CURVE_WITH_KNOTS('',1,(#10556,#10557),.UNSPECIFIED.,
  .F.,.F.,(2,2),(0.,0.655637850368),.PIECEWISE_BEZIER_KNOTS.);
#10556 = CARTESIAN_POINT('',(14.615630038125,-15.07923600812,0.));
#10557 = CARTESIAN_POINT('',(15.079236008123,-14.61563003812,0.));
#10558 = VECTOR('',#10559,1.);
#10559 = DIRECTION('',(-0.,-0.,-1.));
#10560 = ADVANCED_FACE('',(#10561),#10624,.F.);
#10561 = FACE_BOUND('',#10562,.F.);
#10562 = EDGE_LOOP('',(#10563,#10564,#10591,#10599));
#10563 = ORIENTED_EDGE('',*,*,#10542,.T.);
#10564 = ORIENTED_EDGE('',*,*,#10565,.T.);
#10565 = EDGE_CURVE('',#10536,#10566,#10568,.T.);
#10566 = VERTEX_POINT('',#10567);
#10567 = CARTESIAN_POINT('',(13.95792928243,-12.58511417391,10.));
#10568 = B_SPLINE_CURVE_WITH_KNOTS('',3,(#10569,#10570,#10571,#10572,
    #10573,#10574,#10575,#10576,#10577,#10578,#10579,#10580,#10581,
    #10582,#10583,#10584,#10585,#10586,#10587,#10588,#10589,#10590),
  .UNSPECIFIED.,.F.,.F.,(4,1,1,1,1,1,1,1,1,1,1,1,1,1,1,1,1,1,1,4),(0.,
    0.239379417168,0.465819406568,0.67931996821,0.879881102108,
    1.067502808279,1.242185086743,1.403927937526,1.55273136066,
    1.688595356185,1.811519924156,1.921505064645,2.018550777754,
    2.102657063634,2.173823922514,2.232051354779,2.277339361144,
    2.309687943179,2.329097105599,2.335566881401),.UNSPECIFIED.);
#10569 = CARTESIAN_POINT('',(15.079236008123,-14.61563003812,10.));
#10570 = CARTESIAN_POINT('',(15.052732939659,-14.54036722128,10.));
#10571 = CARTESIAN_POINT('',(14.999301449517,-14.39455410726,10.));
#10572 = CARTESIAN_POINT('',(14.91582332165,-14.18403655144,10.));
#10573 = CARTESIAN_POINT('',(14.831941552216,-13.9876773991,10.));
#10574 = CARTESIAN_POINT('',(14.748335207383,-13.80534819177,10.));
#10575 = CARTESIAN_POINT('',(14.665679718307,-13.63689034005,10.));
#10576 = CARTESIAN_POINT('',(14.584641292774,-13.48212063406,10.));
#10577 = CARTESIAN_POINT('',(14.505877183461,-13.34083030519,10.));
#10578 = CARTESIAN_POINT('',(14.430034544695,-13.21278569353,10.));
#10579 = CARTESIAN_POINT('',(14.357749637893,-13.09772857094,10.));
#10580 = CARTESIAN_POINT('',(14.289646998148,-12.99537654979,10.));
#10581 = CARTESIAN_POINT('',(14.226338534343,-12.90542360891,10.));
#10582 = CARTESIAN_POINT('',(14.168422955219,-12.82754030029,10.));
#10583 = CARTESIAN_POINT('',(14.116484227264,-12.76137507798,10.));
#10584 = CARTESIAN_POINT('',(14.071093011827,-12.70655235359,10.));
#10585 = CARTESIAN_POINT('',(14.03279942809,-12.66268025681,10.));
#10586 = CARTESIAN_POINT('',(14.002149955328,-12.62933155635,10.));
#10587 = CARTESIAN_POINT('',(13.979641273652,-12.60609485697,10.));
#10588 = CARTESIAN_POINT('',(13.96581983306,-12.59246352497,10.));
#10589 = CARTESIAN_POINT('',(13.959515820114,-12.5865751493,10.));
#10590 = CARTESIAN_POINT('',(13.95792928243,-12.58511417391,10.));
#10591 = ORIENTED_EDGE('',*,*,#10592,.F.);
#10592 = EDGE_CURVE('',#10593,#10566,#10595,.T.);
#10593 = VERTEX_POINT('',#10594);
#10594 = CARTESIAN_POINT('',(13.95792928243,-12.58511417391,0.));
#10595 = LINE('',#10596,#10597);
#10596 = CARTESIAN_POINT('',(13.95792928243,-12.58511417391,0.));
#10597 = VECTOR('',#10598,1.);
#10598 = DIRECTION('',(0.,0.,1.));
#10599 = ORIENTED_EDGE('',*,*,#10600,.F.);
#10600 = EDGE_CURVE('',#10543,#10593,#10601,.T.);
#10601 = B_SPLINE_CURVE_WITH_KNOTS('',3,(#10602,#10603,#10604,#10605,
    #10606,#10607,#10608,#10609,#10610,#10611,#10612,#10613,#10614,
    #10615,#10616,#10617,#10618,#10619,#10620,#10621,#10622,#10623),
  .UNSPECIFIED.,.F.,.F.,(4,1,1,1,1,1,1,1,1,1,1,1,1,1,1,1,1,1,1,4),(0.,
    0.239379417168,0.465819406568,0.67931996821,0.879881102108,
    1.067502808279,1.242185086743,1.403927937526,1.55273136066,
    1.688595356185,1.811519924156,1.921505064645,2.018550777754,
    2.102657063634,2.173823922514,2.232051354779,2.277339361144,
    2.309687943179,2.329097105599,2.335566881401),.UNSPECIFIED.);
#10602 = CARTESIAN_POINT('',(15.079236008123,-14.61563003812,0.));
#10603 = CARTESIAN_POINT('',(15.052732939659,-14.54036722128,0.));
#10604 = CARTESIAN_POINT('',(14.999301449517,-14.39455410726,0.));
#10605 = CARTESIAN_POINT('',(14.91582332165,-14.18403655144,0.));
#10606 = CARTESIAN_POINT('',(14.831941552216,-13.9876773991,0.));
#10607 = CARTESIAN_POINT('',(14.748335207383,-13.80534819177,0.));
#10608 = CARTESIAN_POINT('',(14.665679718307,-13.63689034005,0.));
#10609 = CARTESIAN_POINT('',(14.584641292774,-13.48212063406,0.));
#10610 = CARTESIAN_POINT('',(14.505877183461,-13.34083030519,0.));
#10611 = CARTESIAN_POINT('',(14.430034544695,-13.21278569353,0.));
#10612 = CARTESIAN_POINT('',(14.357749637893,-13.09772857094,0.));
#10613 = CARTESIAN_POINT('',(14.289646998148,-12.99537654979,0.));
#10614 = CARTESIAN_POINT('',(14.226338534343,-12.90542360891,0.));
#10615 = CARTESIAN_POINT('',(14.168422955219,-12.82754030029,0.));
#10616 = CARTESIAN_POINT('',(14.116484227264,-12.76137507798,0.));
#10617 = CARTESIAN_POINT('',(14.071093011827,-12.70655235359,0.));
#10618 = CARTESIAN_POINT('',(14.03279942809,-12.66268025681,0.));
#10619 = CARTESIAN_POINT('',(14.002149955328,-12.62933155635,0.));
#10620 = CARTESIAN_POINT('',(13.979641273652,-12.60609485697,0.));
#10621 = CARTESIAN_POINT('',(13.96581983306,-12.59246352497,0.));
#10622 = CARTESIAN_POINT('',(13.959515820114,-12.5865751493,0.));
#10623 = CARTESIAN_POINT('',(13.95792928243,-12.58511417391,0.));
#10624 = SURFACE_OF_LINEAR_EXTRUSION('',#10625,#10648);
#10625 = B_SPLINE_CURVE_WITH_KNOTS('',3,(#10626,#10627,#10628,#10629,
    #10630,#10631,#10632,#10633,#10634,#10635,#10636,#10637,#10638,
    #10639,#10640,#10641,#10642,#10643,#10644,#10645,#10646,#10647),
  .UNSPECIFIED.,.F.,.F.,(4,1,1,1,1,1,1,1,1,1,1,1,1,1,1,1,1,1,1,4),(0.,
    0.239379417168,0.465819406568,0.67931996821,0.879881102108,
    1.067502808279,1.242185086743,1.403927937526,1.55273136066,
    1.688595356185,1.811519924156,1.921505064645,2.018550777754,
    2.102657063634,2.173823922514,2.232051354779,2.277339361144,
    2.309687943179,2.329097105599,2.335566881401),.UNSPECIFIED.);
#10626 = CARTESIAN_POINT('',(15.079236008123,-14.61563003812,0.));
#10627 = CARTESIAN_POINT('',(15.052732939659,-14.54036722128,0.));
#10628 = CARTESIAN_POINT('',(14.999301449517,-14.39455410726,0.));
#10629 = CARTESIAN_POINT('',(14.91582332165,-14.18403655144,0.));
#10630 = CARTESIAN_POINT('',(14.831941552216,-13.9876773991,0.));
#10631 = CARTESIAN_POINT('',(14.748335207383,-13.80534819177,0.));
#10632 = CARTESIAN_POINT('',(14.665679718307,-13.63689034005,0.));
#10633 = CARTESIAN_POINT('',(14.584641292774,-13.48212063406,0.));
#10634 = CARTESIAN_POINT('',(14.505877183461,-13.34083030519,0.));
#10635 = CARTESIAN_POINT('',(14.430034544695,-13.21278569353,0.));
#10636 = CARTESIAN_POINT('',(14.357749637893,-13.09772857094,0.));
#10637 = CARTESIAN_POINT('',(14.289646998148,-12.99537654979,0.));
#10638 = CARTESIAN_POINT('',(14.226338534343,-12.90542360891,0.));
#10639 = CARTESIAN_POINT('',(14.168422955219,-12.82754030029,0.));
#10640 = CARTESIAN_POINT('',(14.116484227264,-12.76137507798,0.));
#10641 = CARTESIAN_POINT('',(14.071093011827,-12.70655235359,0.));
#10642 = CARTESIAN_POINT('',(14.03279942809,-12.66268025681,0.));
#10643 = CARTESIAN_POINT('',(14.002149955328,-12.62933155635,0.));
#10644 = CARTESIAN_POINT('',(13.979641273652,-12.60609485697,0.));
#10645 = CARTESIAN_POINT('',(13.96581983306,-12.59246352497,0.));
#10646 = CARTESIAN_POINT('',(13.959515820114,-12.5865751493,0.));
#10647 = CARTESIAN_POINT('',(13.95792928243,-12.58511417391,0.));
#10648 = VECTOR('',#10649,1.);
#10649 = DIRECTION('',(-0.,-0.,-1.));
#10650 = ADVANCED_FACE('',(#10651),#10674,.F.);
#10651 = FACE_BOUND('',#10652,.F.);
#10652 = EDGE_LOOP('',(#10653,#10654,#10661,#10669));
#10653 = ORIENTED_EDGE('',*,*,#10592,.T.);
#10654 = ORIENTED_EDGE('',*,*,#10655,.T.);
#10655 = EDGE_CURVE('',#10566,#10656,#10658,.T.);
#10656 = VERTEX_POINT('',#10657);
#10657 = CARTESIAN_POINT('',(13.925360711393,-12.55574884495,10.));
#10658 = B_SPLINE_CURVE_WITH_KNOTS('',1,(#10659,#10660),.UNSPECIFIED.,
  .F.,.F.,(2,2),(0.,4.385241571817E-02),.PIECEWISE_BEZIER_KNOTS.);
#10659 = CARTESIAN_POINT('',(13.95792928243,-12.58511417391,10.));
#10660 = CARTESIAN_POINT('',(13.925360711393,-12.55574884495,10.));
#10661 = ORIENTED_EDGE('',*,*,#10662,.F.);
#10662 = EDGE_CURVE('',#10663,#10656,#10665,.T.);
#10663 = VERTEX_POINT('',#10664);
#10664 = CARTESIAN_POINT('',(13.925360711393,-12.55574884495,0.));
#10665 = LINE('',#10666,#10667);
#10666 = CARTESIAN_POINT('',(13.925360711393,-12.55574884495,0.));
#10667 = VECTOR('',#10668,1.);
#10668 = DIRECTION('',(0.,0.,1.));
#10669 = ORIENTED_EDGE('',*,*,#10670,.F.);
#10670 = EDGE_CURVE('',#10593,#10663,#10671,.T.);
#10671 = B_SPLINE_CURVE_WITH_KNOTS('',1,(#10672,#10673),.UNSPECIFIED.,
  .F.,.F.,(2,2),(0.,4.385241571817E-02),.PIECEWISE_BEZIER_KNOTS.);
#10672 = CARTESIAN_POINT('',(13.95792928243,-12.58511417391,0.));
#10673 = CARTESIAN_POINT('',(13.925360711393,-12.55574884495,0.));
#10674 = SURFACE_OF_LINEAR_EXTRUSION('',#10675,#10678);
#10675 = B_SPLINE_CURVE_WITH_KNOTS('',1,(#10676,#10677),.UNSPECIFIED.,
  .F.,.F.,(2,2),(0.,4.385241571817E-02),.PIECEWISE_BEZIER_KNOTS.);
#10676 = CARTESIAN_POINT('',(13.95792928243,-12.58511417391,0.));
#10677 = CARTESIAN_POINT('',(13.925360711393,-12.55574884495,0.));
#10678 = VECTOR('',#10679,1.);
#10679 = DIRECTION('',(-0.,-0.,-1.));
#10680 = ADVANCED_FACE('',(#10681),#10704,.F.);
#10681 = FACE_BOUND('',#10682,.F.);
#10682 = EDGE_LOOP('',(#10683,#10684,#10691,#10699));
#10683 = ORIENTED_EDGE('',*,*,#10662,.T.);
#10684 = ORIENTED_EDGE('',*,*,#10685,.T.);
#10685 = EDGE_CURVE('',#10656,#10686,#10688,.T.);
#10686 = VERTEX_POINT('',#10687);
#10687 = CARTESIAN_POINT('',(14.579573094982,-11.78976455948,10.));
#10688 = B_SPLINE_CURVE_WITH_KNOTS('',1,(#10689,#10690),.UNSPECIFIED.,
  .F.,.F.,(2,2),(0.,1.007335975944),.PIECEWISE_BEZIER_KNOTS.);
#10689 = CARTESIAN_POINT('',(13.925360711393,-12.55574884495,10.));
#10690 = CARTESIAN_POINT('',(14.579573094982,-11.78976455948,10.));
#10691 = ORIENTED_EDGE('',*,*,#10692,.F.);
#10692 = EDGE_CURVE('',#10693,#10686,#10695,.T.);
#10693 = VERTEX_POINT('',#10694);
#10694 = CARTESIAN_POINT('',(14.579573094982,-11.78976455948,0.));
#10695 = LINE('',#10696,#10697);
#10696 = CARTESIAN_POINT('',(14.579573094982,-11.78976455948,0.));
#10697 = VECTOR('',#10698,1.);
#10698 = DIRECTION('',(0.,0.,1.));
#10699 = ORIENTED_EDGE('',*,*,#10700,.F.);
#10700 = EDGE_CURVE('',#10663,#10693,#10701,.T.);
#10701 = B_SPLINE_CURVE_WITH_KNOTS('',1,(#10702,#10703),.UNSPECIFIED.,
  .F.,.F.,(2,2),(0.,1.007335975944),.PIECEWISE_BEZIER_KNOTS.);
#10702 = CARTESIAN_POINT('',(13.925360711393,-12.55574884495,0.));
#10703 = CARTESIAN_POINT('',(14.579573094982,-11.78976455948,0.));
#10704 = SURFACE_OF_LINEAR_EXTRUSION('',#10705,#10708);
#10705 = B_SPLINE_CURVE_WITH_KNOTS('',1,(#10706,#10707),.UNSPECIFIED.,
  .F.,.F.,(2,2),(0.,1.007335975944),.PIECEWISE_BEZIER_KNOTS.);
#10706 = CARTESIAN_POINT('',(13.925360711393,-12.55574884495,0.));
#10707 = CARTESIAN_POINT('',(14.579573094982,-11.78976455948,0.));
#10708 = VECTOR('',#10709,1.);
#10709 = DIRECTION('',(-0.,-0.,-1.));
#10710 = ADVANCED_FACE('',(#10711),#10734,.F.);
#10711 = FACE_BOUND('',#10712,.F.);
#10712 = EDGE_LOOP('',(#10713,#10714,#10721,#10729));
#10713 = ORIENTED_EDGE('',*,*,#10692,.T.);
#10714 = ORIENTED_EDGE('',*,*,#10715,.T.);
#10715 = EDGE_CURVE('',#10686,#10716,#10718,.T.);
#10716 = VERTEX_POINT('',#10717);
#10717 = CARTESIAN_POINT('',(14.613671735001,-11.81733840784,10.));
#10718 = B_SPLINE_CURVE_WITH_KNOTS('',1,(#10719,#10720),.UNSPECIFIED.,
  .F.,.F.,(2,2),(0.,4.385241571817E-02),.PIECEWISE_BEZIER_KNOTS.);
#10719 = CARTESIAN_POINT('',(14.579573094982,-11.78976455948,10.));
#10720 = CARTESIAN_POINT('',(14.613671735001,-11.81733840784,10.));
#10721 = ORIENTED_EDGE('',*,*,#10722,.F.);
#10722 = EDGE_CURVE('',#10723,#10716,#10725,.T.);
#10723 = VERTEX_POINT('',#10724);
#10724 = CARTESIAN_POINT('',(14.613671735001,-11.81733840784,0.));
#10725 = LINE('',#10726,#10727);
#10726 = CARTESIAN_POINT('',(14.613671735001,-11.81733840784,0.));
#10727 = VECTOR('',#10728,1.);
#10728 = DIRECTION('',(0.,0.,1.));
#10729 = ORIENTED_EDGE('',*,*,#10730,.F.);
#10730 = EDGE_CURVE('',#10693,#10723,#10731,.T.);
#10731 = B_SPLINE_CURVE_WITH_KNOTS('',1,(#10732,#10733),.UNSPECIFIED.,
  .F.,.F.,(2,2),(0.,4.385241571817E-02),.PIECEWISE_BEZIER_KNOTS.);
#10732 = CARTESIAN_POINT('',(14.579573094982,-11.78976455948,0.));
#10733 = CARTESIAN_POINT('',(14.613671735001,-11.81733840784,0.));
#10734 = SURFACE_OF_LINEAR_EXTRUSION('',#10735,#10738);
#10735 = B_SPLINE_CURVE_WITH_KNOTS('',1,(#10736,#10737),.UNSPECIFIED.,
  .F.,.F.,(2,2),(0.,4.385241571817E-02),.PIECEWISE_BEZIER_KNOTS.);
#10736 = CARTESIAN_POINT('',(14.579573094982,-11.78976455948,0.));
#10737 = CARTESIAN_POINT('',(14.613671735001,-11.81733840784,0.));
#10738 = VECTOR('',#10739,1.);
#10739 = DIRECTION('',(-0.,-0.,-1.));
#10740 = ADVANCED_FACE('',(#10741),#10804,.F.);
#10741 = FACE_BOUND('',#10742,.F.);
#10742 = EDGE_LOOP('',(#10743,#10744,#10771,#10779));
#10743 = ORIENTED_EDGE('',*,*,#10722,.T.);
#10744 = ORIENTED_EDGE('',*,*,#10745,.T.);
#10745 = EDGE_CURVE('',#10716,#10746,#10748,.T.);
#10746 = VERTEX_POINT('',#10747);
#10747 = CARTESIAN_POINT('',(16.794599597254,-12.60719732406,10.));
#10748 = B_SPLINE_CURVE_WITH_KNOTS('',3,(#10749,#10750,#10751,#10752,
    #10753,#10754,#10755,#10756,#10757,#10758,#10759,#10760,#10761,
    #10762,#10763,#10764,#10765,#10766,#10767,#10768,#10769,#10770),
  .UNSPECIFIED.,.F.,.F.,(4,1,1,1,1,1,1,1,1,1,1,1,1,1,1,1,1,1,1,4),(0.,
    6.469775801205E-03,2.587893822125E-02,5.822752025674E-02,
    0.103515526622,0.161742958887,0.232909817767,0.317016103646,
    0.414061816756,0.524046957245,0.646971525216,0.782835520741,
    0.931638943874,1.093381794658,1.268064073122,1.455685779293,
    1.656246913191,1.869747474833,2.096187464232,2.335566881401),
  .UNSPECIFIED.);
#10749 = CARTESIAN_POINT('',(14.613671735001,-11.81733840784,10.));
#10750 = CARTESIAN_POINT('',(14.615362912537,-11.8186768657,10.));
#10751 = CARTESIAN_POINT('',(14.622164957421,-11.82398212089,10.));
#10752 = CARTESIAN_POINT('',(14.637790614765,-11.83550098649,10.));
#10753 = CARTESIAN_POINT('',(14.664262365394,-11.8540975283,10.));
#10754 = CARTESIAN_POINT('',(14.701995121886,-11.87915276908,10.));
#10755 = CARTESIAN_POINT('',(14.751317516647,-11.91011178727,10.));
#10756 = CARTESIAN_POINT('',(14.812566032832,-11.94636799796,10.));
#10757 = CARTESIAN_POINT('',(14.886041658576,-11.98731675283,10.));
#10758 = CARTESIAN_POINT('',(14.972026087072,-12.03233566135,10.));
#10759 = CARTESIAN_POINT('',(15.070775183643,-12.08079295272,10.));
#10760 = CARTESIAN_POINT('',(15.182520681588,-12.13204575229,10.));
#10761 = CARTESIAN_POINT('',(15.307469110796,-12.18544181252,10.));
#10762 = CARTESIAN_POINT('',(15.445801683437,-12.24032011222,10.));
#10763 = CARTESIAN_POINT('',(15.597673915201,-12.29601182763,10.));
#10764 = CARTESIAN_POINT('',(15.763215352033,-12.35184121951,10.));
#10765 = CARTESIAN_POINT('',(15.94252937527,-12.40712646844,10.));
#10766 = CARTESIAN_POINT('',(16.135692721335,-12.46118090842,10.));
#10767 = CARTESIAN_POINT('',(16.342756366391,-12.51331261513,10.));
#10768 = CARTESIAN_POINT('',(16.563740958039,-12.56283078749,10.));
#10769 = CARTESIAN_POINT('',(16.716117397243,-12.59279425084,10.));
#10770 = CARTESIAN_POINT('',(16.794599597254,-12.60719732406,10.));
#10771 = ORIENTED_EDGE('',*,*,#10772,.F.);
#10772 = EDGE_CURVE('',#10773,#10746,#10775,.T.);
#10773 = VERTEX_POINT('',#10774);
#10774 = CARTESIAN_POINT('',(16.794599597254,-12.60719732406,0.));
#10775 = LINE('',#10776,#10777);
#10776 = CARTESIAN_POINT('',(16.794599597254,-12.60719732406,0.));
#10777 = VECTOR('',#10778,1.);
#10778 = DIRECTION('',(0.,0.,1.));
#10779 = ORIENTED_EDGE('',*,*,#10780,.F.);
#10780 = EDGE_CURVE('',#10723,#10773,#10781,.T.);
#10781 = B_SPLINE_CURVE_WITH_KNOTS('',3,(#10782,#10783,#10784,#10785,
    #10786,#10787,#10788,#10789,#10790,#10791,#10792,#10793,#10794,
    #10795,#10796,#10797,#10798,#10799,#10800,#10801,#10802,#10803),
  .UNSPECIFIED.,.F.,.F.,(4,1,1,1,1,1,1,1,1,1,1,1,1,1,1,1,1,1,1,4),(0.,
    6.469775801205E-03,2.587893822125E-02,5.822752025674E-02,
    0.103515526622,0.161742958887,0.232909817767,0.317016103646,
    0.414061816756,0.524046957245,0.646971525216,0.782835520741,
    0.931638943874,1.093381794658,1.268064073122,1.455685779293,
    1.656246913191,1.869747474833,2.096187464232,2.335566881401),
  .UNSPECIFIED.);
#10782 = CARTESIAN_POINT('',(14.613671735001,-11.81733840784,0.));
#10783 = CARTESIAN_POINT('',(14.615362912537,-11.8186768657,0.));
#10784 = CARTESIAN_POINT('',(14.622164957421,-11.82398212089,0.));
#10785 = CARTESIAN_POINT('',(14.637790614765,-11.83550098649,0.));
#10786 = CARTESIAN_POINT('',(14.664262365394,-11.8540975283,0.));
#10787 = CARTESIAN_POINT('',(14.701995121886,-11.87915276908,0.));
#10788 = CARTESIAN_POINT('',(14.751317516647,-11.91011178727,0.));
#10789 = CARTESIAN_POINT('',(14.812566032832,-11.94636799796,0.));
#10790 = CARTESIAN_POINT('',(14.886041658576,-11.98731675283,0.));
#10791 = CARTESIAN_POINT('',(14.972026087072,-12.03233566135,0.));
#10792 = CARTESIAN_POINT('',(15.070775183643,-12.08079295272,0.));
#10793 = CARTESIAN_POINT('',(15.182520681588,-12.13204575229,0.));
#10794 = CARTESIAN_POINT('',(15.307469110796,-12.18544181252,0.));
#10795 = CARTESIAN_POINT('',(15.445801683437,-12.24032011222,0.));
#10796 = CARTESIAN_POINT('',(15.597673915201,-12.29601182763,0.));
#10797 = CARTESIAN_POINT('',(15.763215352033,-12.35184121951,0.));
#10798 = CARTESIAN_POINT('',(15.94252937527,-12.40712646844,0.));
#10799 = CARTESIAN_POINT('',(16.135692721335,-12.46118090842,0.));
#10800 = CARTESIAN_POINT('',(16.342756366391,-12.51331261513,0.));
#10801 = CARTESIAN_POINT('',(16.563740958039,-12.56283078749,0.));
#10802 = CARTESIAN_POINT('',(16.716117397243,-12.59279425084,0.));
#10803 = CARTESIAN_POINT('',(16.794599597254,-12.60719732406,0.));
#10804 = SURFACE_OF_LINEAR_EXTRUSION('',#10805,#10828);
#10805 = B_SPLINE_CURVE_WITH_KNOTS('',3,(#10806,#10807,#10808,#10809,
    #10810,#10811,#10812,#10813,#10814,#10815,#10816,#10817,#10818,
    #10819,#10820,#10821,#10822,#10823,#10824,#10825,#10826,#10827),
  .UNSPECIFIED.,.F.,.F.,(4,1,1,1,1,1,1,1,1,1,1,1,1,1,1,1,1,1,1,4),(0.,
    6.469775801205E-03,2.587893822125E-02,5.822752025674E-02,
    0.103515526622,0.161742958887,0.232909817767,0.317016103646,
    0.414061816756,0.524046957245,0.646971525216,0.782835520741,
    0.931638943874,1.093381794658,1.268064073122,1.455685779293,
    1.656246913191,1.869747474833,2.096187464232,2.335566881401),
  .UNSPECIFIED.);
#10806 = CARTESIAN_POINT('',(14.613671735001,-11.81733840784,0.));
#10807 = CARTESIAN_POINT('',(14.615362912537,-11.8186768657,0.));
#10808 = CARTESIAN_POINT('',(14.622164957421,-11.82398212089,0.));
#10809 = CARTESIAN_POINT('',(14.637790614765,-11.83550098649,0.));
#10810 = CARTESIAN_POINT('',(14.664262365394,-11.8540975283,0.));
#10811 = CARTESIAN_POINT('',(14.701995121886,-11.87915276908,0.));
#10812 = CARTESIAN_POINT('',(14.751317516647,-11.91011178727,0.));
#10813 = CARTESIAN_POINT('',(14.812566032832,-11.94636799796,0.));
#10814 = CARTESIAN_POINT('',(14.886041658576,-11.98731675283,0.));
#10815 = CARTESIAN_POINT('',(14.972026087072,-12.03233566135,0.));
#10816 = CARTESIAN_POINT('',(15.070775183643,-12.08079295272,0.));
#10817 = CARTESIAN_POINT('',(15.182520681588,-12.13204575229,0.));
#10818 = CARTESIAN_POINT('',(15.307469110796,-12.18544181252,0.));
#10819 = CARTESIAN_POINT('',(15.445801683437,-12.24032011222,0.));
#10820 = CARTESIAN_POINT('',(15.597673915201,-12.29601182763,0.));
#10821 = CARTESIAN_POINT('',(15.763215352033,-12.35184121951,0.));
#10822 = CARTESIAN_POINT('',(15.94252937527,-12.40712646844,0.));
#10823 = CARTESIAN_POINT('',(16.135692721335,-12.46118090842,0.));
#10824 = CARTESIAN_POINT('',(16.342756366391,-12.51331261513,0.));
#10825 = CARTESIAN_POINT('',(16.563740958039,-12.56283078749,0.));
#10826 = CARTESIAN_POINT('',(16.716117397243,-12.59279425084,0.));
#10827 = CARTESIAN_POINT('',(16.794599597254,-12.60719732406,0.));
#10828 = VECTOR('',#10829,1.);
#10829 = DIRECTION('',(-0.,-0.,-1.));
#10830 = ADVANCED_FACE('',(#10831),#10854,.F.);
#10831 = FACE_BOUND('',#10832,.F.);
#10832 = EDGE_LOOP('',(#10833,#10834,#10841,#10849));
#10833 = ORIENTED_EDGE('',*,*,#10772,.T.);
#10834 = ORIENTED_EDGE('',*,*,#10835,.T.);
#10835 = EDGE_CURVE('',#10746,#10836,#10838,.T.);
#10836 = VERTEX_POINT('',#10837);
#10837 = CARTESIAN_POINT('',(17.179973856545,-12.07677516096,10.));
#10838 = B_SPLINE_CURVE_WITH_KNOTS('',1,(#10839,#10840),.UNSPECIFIED.,
  .F.,.F.,(2,2),(0.,0.655637850368),.PIECEWISE_BEZIER_KNOTS.);
#10839 = CARTESIAN_POINT('',(16.794599597254,-12.60719732406,10.));
#10840 = CARTESIAN_POINT('',(17.179973856545,-12.07677516096,10.));
#10841 = ORIENTED_EDGE('',*,*,#10842,.F.);
#10842 = EDGE_CURVE('',#10843,#10836,#10845,.T.);
#10843 = VERTEX_POINT('',#10844);
#10844 = CARTESIAN_POINT('',(17.179973856545,-12.07677516096,0.));
#10845 = LINE('',#10846,#10847);
#10846 = CARTESIAN_POINT('',(17.179973856545,-12.07677516096,0.));
#10847 = VECTOR('',#10848,1.);
#10848 = DIRECTION('',(0.,0.,1.));
#10849 = ORIENTED_EDGE('',*,*,#10850,.F.);
#10850 = EDGE_CURVE('',#10773,#10843,#10851,.T.);
#10851 = B_SPLINE_CURVE_WITH_KNOTS('',1,(#10852,#10853),.UNSPECIFIED.,
  .F.,.F.,(2,2),(0.,0.655637850368),.PIECEWISE_BEZIER_KNOTS.);
#10852 = CARTESIAN_POINT('',(16.794599597254,-12.60719732406,0.));
#10853 = CARTESIAN_POINT('',(17.179973856545,-12.07677516096,0.));
#10854 = SURFACE_OF_LINEAR_EXTRUSION('',#10855,#10858);
#10855 = B_SPLINE_CURVE_WITH_KNOTS('',1,(#10856,#10857),.UNSPECIFIED.,
  .F.,.F.,(2,2),(0.,0.655637850368),.PIECEWISE_BEZIER_KNOTS.);
#10856 = CARTESIAN_POINT('',(16.794599597254,-12.60719732406,0.));
#10857 = CARTESIAN_POINT('',(17.179973856545,-12.07677516096,0.));
#10858 = VECTOR('',#10859,1.);
#10859 = DIRECTION('',(-0.,-0.,-1.));
#10860 = ADVANCED_FACE('',(#10861),#10924,.F.);
#10861 = FACE_BOUND('',#10862,.F.);
#10862 = EDGE_LOOP('',(#10863,#10864,#10891,#10899));
#10863 = ORIENTED_EDGE('',*,*,#10842,.T.);
#10864 = ORIENTED_EDGE('',*,*,#10865,.T.);
#10865 = EDGE_CURVE('',#10836,#10866,#10868,.T.);
#10866 = VERTEX_POINT('',#10867);
#10867 = CARTESIAN_POINT('',(15.754829614374,-10.24666933426,10.));
#10868 = B_SPLINE_CURVE_WITH_KNOTS('',3,(#10869,#10870,#10871,#10872,
    #10873,#10874,#10875,#10876,#10877,#10878,#10879,#10880,#10881,
    #10882,#10883,#10884,#10885,#10886,#10887,#10888,#10889,#10890),
  .UNSPECIFIED.,.F.,.F.,(4,1,1,1,1,1,1,1,1,1,1,1,1,1,1,1,1,1,1,4),(0.,
    0.239379417168,0.465819406568,0.67931996821,0.879881102108,
    1.067502808279,1.242185086743,1.403927937526,1.55273136066,
    1.688595356185,1.811519924156,1.921505064645,2.018550777754,
    2.102657063634,2.173823922514,2.232051354779,2.277339361144,
    2.309687943179,2.329097105599,2.335566881401),.UNSPECIFIED.);
#10869 = CARTESIAN_POINT('',(17.179973856545,-12.07677516096,10.));
#10870 = CARTESIAN_POINT('',(17.142023386344,-12.00658494762,10.));
#10871 = CARTESIAN_POINT('',(17.066439530021,-11.87092556157,10.));
#10872 = CARTESIAN_POINT('',(16.951056955207,-11.67605868247,10.));
#10873 = CARTESIAN_POINT('',(16.837490570598,-11.49523903687,10.));
#10874 = CARTESIAN_POINT('',(16.726390986595,-11.32823351846,10.));
#10875 = CARTESIAN_POINT('',(16.618400509834,-11.17477982966,10.));
#10876 = CARTESIAN_POINT('',(16.514148485633,-11.03459279832,10.));
#10877 = CARTESIAN_POINT('',(16.414251416196,-10.90736340916,10.));
#10878 = CARTESIAN_POINT('',(16.31931193584,-10.79275964177,10.));
#10879 = CARTESIAN_POINT('',(16.229918076769,-10.69042691401,10.));
#10880 = CARTESIAN_POINT('',(16.146642509854,-10.5999886161,10.));
#10881 = CARTESIAN_POINT('',(16.070041738109,-10.52104677086,10.));
#10882 = CARTESIAN_POINT('',(16.000655562148,-10.45318232764,10.));
#10883 = CARTESIAN_POINT('',(15.939005764966,-10.39595671615,10.));
#10884 = CARTESIAN_POINT('',(15.885597227152,-10.34890970097,10.));
#10885 = CARTESIAN_POINT('',(15.840911992985,-10.31156817878,10.));
#10886 = CARTESIAN_POINT('',(15.805422979976,-10.28342469004,10.));
#10887 = CARTESIAN_POINT('',(15.779556396885,-10.26399520656,10.));
#10888 = CARTESIAN_POINT('',(15.763772711034,-10.25269384855,10.));
#10889 = CARTESIAN_POINT('',(15.756625166051,-10.24786413345,10.));
#10890 = CARTESIAN_POINT('',(15.754829614374,-10.24666933426,10.));
#10891 = ORIENTED_EDGE('',*,*,#10892,.F.);
#10892 = EDGE_CURVE('',#10893,#10866,#10895,.T.);
#10893 = VERTEX_POINT('',#10894);
#10894 = CARTESIAN_POINT('',(15.754829614374,-10.24666933426,0.));
#10895 = LINE('',#10896,#10897);
#10896 = CARTESIAN_POINT('',(15.754829614374,-10.24666933426,0.));
#10897 = VECTOR('',#10898,1.);
#10898 = DIRECTION('',(0.,0.,1.));
#10899 = ORIENTED_EDGE('',*,*,#10900,.F.);
#10900 = EDGE_CURVE('',#10843,#10893,#10901,.T.);
#10901 = B_SPLINE_CURVE_WITH_KNOTS('',3,(#10902,#10903,#10904,#10905,
    #10906,#10907,#10908,#10909,#10910,#10911,#10912,#10913,#10914,
    #10915,#10916,#10917,#10918,#10919,#10920,#10921,#10922,#10923),
  .UNSPECIFIED.,.F.,.F.,(4,1,1,1,1,1,1,1,1,1,1,1,1,1,1,1,1,1,1,4),(0.,
    0.239379417168,0.465819406568,0.67931996821,0.879881102108,
    1.067502808279,1.242185086743,1.403927937526,1.55273136066,
    1.688595356185,1.811519924156,1.921505064645,2.018550777754,
    2.102657063634,2.173823922514,2.232051354779,2.277339361144,
    2.309687943179,2.329097105599,2.335566881401),.UNSPECIFIED.);
#10902 = CARTESIAN_POINT('',(17.179973856545,-12.07677516096,0.));
#10903 = CARTESIAN_POINT('',(17.142023386344,-12.00658494762,0.));
#10904 = CARTESIAN_POINT('',(17.066439530021,-11.87092556157,0.));
#10905 = CARTESIAN_POINT('',(16.951056955207,-11.67605868247,0.));
#10906 = CARTESIAN_POINT('',(16.837490570598,-11.49523903687,0.));
#10907 = CARTESIAN_POINT('',(16.726390986595,-11.32823351846,0.));
#10908 = CARTESIAN_POINT('',(16.618400509834,-11.17477982966,0.));
#10909 = CARTESIAN_POINT('',(16.514148485633,-11.03459279832,0.));
#10910 = CARTESIAN_POINT('',(16.414251416196,-10.90736340916,0.));
#10911 = CARTESIAN_POINT('',(16.31931193584,-10.79275964177,0.));
#10912 = CARTESIAN_POINT('',(16.229918076769,-10.69042691401,0.));
#10913 = CARTESIAN_POINT('',(16.146642509854,-10.5999886161,0.));
#10914 = CARTESIAN_POINT('',(16.070041738109,-10.52104677086,0.));
#10915 = CARTESIAN_POINT('',(16.000655562148,-10.45318232764,0.));
#10916 = CARTESIAN_POINT('',(15.939005764966,-10.39595671615,0.));
#10917 = CARTESIAN_POINT('',(15.885597227152,-10.34890970097,0.));
#10918 = CARTESIAN_POINT('',(15.840911992985,-10.31156817878,0.));
#10919 = CARTESIAN_POINT('',(15.805422979976,-10.28342469004,0.));
#10920 = CARTESIAN_POINT('',(15.779556396885,-10.26399520656,0.));
#10921 = CARTESIAN_POINT('',(15.763772711034,-10.25269384855,0.));
#10922 = CARTESIAN_POINT('',(15.756625166051,-10.24786413345,0.));
#10923 = CARTESIAN_POINT('',(15.754829614374,-10.24666933426,0.));
#10924 = SURFACE_OF_LINEAR_EXTRUSION('',#10925,#10948);
#10925 = B_SPLINE_CURVE_WITH_KNOTS('',3,(#10926,#10927,#10928,#10929,
    #10930,#10931,#10932,#10933,#10934,#10935,#10936,#10937,#10938,
    #10939,#10940,#10941,#10942,#10943,#10944,#10945,#10946,#10947),
  .UNSPECIFIED.,.F.,.F.,(4,1,1,1,1,1,1,1,1,1,1,1,1,1,1,1,1,1,1,4),(0.,
    0.239379417168,0.465819406568,0.67931996821,0.879881102108,
    1.067502808279,1.242185086743,1.403927937526,1.55273136066,
    1.688595356185,1.811519924156,1.921505064645,2.018550777754,
    2.102657063634,2.173823922514,2.232051354779,2.277339361144,
    2.309687943179,2.329097105599,2.335566881401),.UNSPECIFIED.);
#10926 = CARTESIAN_POINT('',(17.179973856545,-12.07677516096,0.));
#10927 = CARTESIAN_POINT('',(17.142023386344,-12.00658494762,0.));
#10928 = CARTESIAN_POINT('',(17.066439530021,-11.87092556157,0.));
#10929 = CARTESIAN_POINT('',(16.951056955207,-11.67605868247,0.));
#10930 = CARTESIAN_POINT('',(16.837490570598,-11.49523903687,0.));
#10931 = CARTESIAN_POINT('',(16.726390986595,-11.32823351846,0.));
#10932 = CARTESIAN_POINT('',(16.618400509834,-11.17477982966,0.));
#10933 = CARTESIAN_POINT('',(16.514148485633,-11.03459279832,0.));
#10934 = CARTESIAN_POINT('',(16.414251416196,-10.90736340916,0.));
#10935 = CARTESIAN_POINT('',(16.31931193584,-10.79275964177,0.));
#10936 = CARTESIAN_POINT('',(16.229918076769,-10.69042691401,0.));
#10937 = CARTESIAN_POINT('',(16.146642509854,-10.5999886161,0.));
#10938 = CARTESIAN_POINT('',(16.070041738109,-10.52104677086,0.));
#10939 = CARTESIAN_POINT('',(16.000655562148,-10.45318232764,0.));
#10940 = CARTESIAN_POINT('',(15.939005764966,-10.39595671615,0.));
#10941 = CARTESIAN_POINT('',(15.885597227152,-10.34890970097,0.));
#10942 = CARTESIAN_POINT('',(15.840911992985,-10.31156817878,0.));
#10943 = CARTESIAN_POINT('',(15.805422979976,-10.28342469004,0.));
#10944 = CARTESIAN_POINT('',(15.779556396885,-10.26399520656,0.));
#10945 = CARTESIAN_POINT('',(15.763772711034,-10.25269384855,0.));
#10946 = CARTESIAN_POINT('',(15.756625166051,-10.24786413345,0.));
#10947 = CARTESIAN_POINT('',(15.754829614374,-10.24666933426,0.));
#10948 = VECTOR('',#10949,1.);
#10949 = DIRECTION('',(-0.,-0.,-1.));
#10950 = ADVANCED_FACE('',(#10951),#10974,.F.);
#10951 = FACE_BOUND('',#10952,.F.);
#10952 = EDGE_LOOP('',(#10953,#10954,#10961,#10969));
#10953 = ORIENTED_EDGE('',*,*,#10892,.T.);
#10954 = ORIENTED_EDGE('',*,*,#10955,.T.);
#10955 = EDGE_CURVE('',#10866,#10956,#10958,.T.);
#10956 = VERTEX_POINT('',#10957);
#10957 = CARTESIAN_POINT('',(15.718068266964,-10.22276038822,10.));
#10958 = B_SPLINE_CURVE_WITH_KNOTS('',1,(#10959,#10960),.UNSPECIFIED.,
  .F.,.F.,(2,2),(0.,4.385241571817E-02),.PIECEWISE_BEZIER_KNOTS.);
#10959 = CARTESIAN_POINT('',(15.754829614374,-10.24666933426,10.));
#10960 = CARTESIAN_POINT('',(15.718068266964,-10.22276038822,10.));
#10961 = ORIENTED_EDGE('',*,*,#10962,.F.);
#10962 = EDGE_CURVE('',#10963,#10956,#10965,.T.);
#10963 = VERTEX_POINT('',#10964);
#10964 = CARTESIAN_POINT('',(15.718068266964,-10.22276038822,0.));
#10965 = LINE('',#10966,#10967);
#10966 = CARTESIAN_POINT('',(15.718068266964,-10.22276038822,0.));
#10967 = VECTOR('',#10968,1.);
#10968 = DIRECTION('',(0.,0.,1.));
#10969 = ORIENTED_EDGE('',*,*,#10970,.F.);
#10970 = EDGE_CURVE('',#10893,#10963,#10971,.T.);
#10971 = B_SPLINE_CURVE_WITH_KNOTS('',1,(#10972,#10973),.UNSPECIFIED.,
  .F.,.F.,(2,2),(0.,4.385241571817E-02),.PIECEWISE_BEZIER_KNOTS.);
#10972 = CARTESIAN_POINT('',(15.754829614374,-10.24666933426,0.));
#10973 = CARTESIAN_POINT('',(15.718068266964,-10.22276038822,0.));
#10974 = SURFACE_OF_LINEAR_EXTRUSION('',#10975,#10978);
#10975 = B_SPLINE_CURVE_WITH_KNOTS('',1,(#10976,#10977),.UNSPECIFIED.,
  .F.,.F.,(2,2),(0.,4.385241571817E-02),.PIECEWISE_BEZIER_KNOTS.);
#10976 = CARTESIAN_POINT('',(15.754829614374,-10.24666933426,0.));
#10977 = CARTESIAN_POINT('',(15.718068266964,-10.22276038822,0.));
#10978 = VECTOR('',#10979,1.);
#10979 = DIRECTION('',(-0.,-0.,-1.));
#10980 = ADVANCED_FACE('',(#10981),#11004,.F.);
#10981 = FACE_BOUND('',#10982,.F.);
#10982 = EDGE_LOOP('',(#10983,#10984,#10991,#10999));
#10983 = ORIENTED_EDGE('',*,*,#10962,.T.);
#10984 = ORIENTED_EDGE('',*,*,#10985,.T.);
#10985 = EDGE_CURVE('',#10956,#10986,#10988,.T.);
#10986 = VERTEX_POINT('',#10987);
#10987 = CARTESIAN_POINT('',(16.244399868582,-9.363865276136,10.));
#10988 = B_SPLINE_CURVE_WITH_KNOTS('',1,(#10989,#10990),.UNSPECIFIED.,
  .F.,.F.,(2,2),(0.,1.007335975944),.PIECEWISE_BEZIER_KNOTS.);
#10989 = CARTESIAN_POINT('',(15.718068266964,-10.22276038822,10.));
#10990 = CARTESIAN_POINT('',(16.244399868582,-9.363865276136,10.));
#10991 = ORIENTED_EDGE('',*,*,#10992,.F.);
#10992 = EDGE_CURVE('',#10993,#10986,#10995,.T.);
#10993 = VERTEX_POINT('',#10994);
#10994 = CARTESIAN_POINT('',(16.244399868582,-9.363865276136,0.));
#10995 = LINE('',#10996,#10997);
#10996 = CARTESIAN_POINT('',(16.244399868582,-9.363865276136,0.));
#10997 = VECTOR('',#10998,1.);
#10998 = DIRECTION('',(0.,0.,1.));
#10999 = ORIENTED_EDGE('',*,*,#11000,.F.);
#11000 = EDGE_CURVE('',#10963,#10993,#11001,.T.);
#11001 = B_SPLINE_CURVE_WITH_KNOTS('',1,(#11002,#11003),.UNSPECIFIED.,
  .F.,.F.,(2,2),(0.,1.007335975944),.PIECEWISE_BEZIER_KNOTS.);
#11002 = CARTESIAN_POINT('',(15.718068266964,-10.22276038822,0.));
#11003 = CARTESIAN_POINT('',(16.244399868582,-9.363865276136,0.));
#11004 = SURFACE_OF_LINEAR_EXTRUSION('',#11005,#11008);
#11005 = B_SPLINE_CURVE_WITH_KNOTS('',1,(#11006,#11007),.UNSPECIFIED.,
  .F.,.F.,(2,2),(0.,1.007335975944),.PIECEWISE_BEZIER_KNOTS.);
#11006 = CARTESIAN_POINT('',(15.718068266964,-10.22276038822,0.));
#11007 = CARTESIAN_POINT('',(16.244399868582,-9.363865276136,0.));
#11008 = VECTOR('',#11009,1.);
#11009 = DIRECTION('',(-0.,-0.,-1.));
#11010 = ADVANCED_FACE('',(#11011),#11034,.F.);
#11011 = FACE_BOUND('',#11012,.F.);
#11012 = EDGE_LOOP('',(#11013,#11014,#11021,#11029));
#11013 = ORIENTED_EDGE('',*,*,#10992,.T.);
#11014 = ORIENTED_EDGE('',*,*,#11015,.T.);
#11015 = EDGE_CURVE('',#10986,#11016,#11018,.T.);
#11016 = VERTEX_POINT('',#11017);
#11017 = CARTESIAN_POINT('',(16.282392197975,-9.385765442153,10.));
#11018 = B_SPLINE_CURVE_WITH_KNOTS('',1,(#11019,#11020),.UNSPECIFIED.,
  .F.,.F.,(2,2),(0.,4.385241571817E-02),.PIECEWISE_BEZIER_KNOTS.);
#11019 = CARTESIAN_POINT('',(16.244399868582,-9.363865276136,10.));
#11020 = CARTESIAN_POINT('',(16.282392197975,-9.385765442153,10.));
#11021 = ORIENTED_EDGE('',*,*,#11022,.F.);
#11022 = EDGE_CURVE('',#11023,#11016,#11025,.T.);
#11023 = VERTEX_POINT('',#11024);
#11024 = CARTESIAN_POINT('',(16.282392197975,-9.385765442153,0.));
#11025 = LINE('',#11026,#11027);
#11026 = CARTESIAN_POINT('',(16.282392197975,-9.385765442153,0.));
#11027 = VECTOR('',#11028,1.);
#11028 = DIRECTION('',(0.,0.,1.));
#11029 = ORIENTED_EDGE('',*,*,#11030,.F.);
#11030 = EDGE_CURVE('',#10993,#11023,#11031,.T.);
#11031 = B_SPLINE_CURVE_WITH_KNOTS('',1,(#11032,#11033),.UNSPECIFIED.,
  .F.,.F.,(2,2),(0.,4.385241571817E-02),.PIECEWISE_BEZIER_KNOTS.);
#11032 = CARTESIAN_POINT('',(16.244399868582,-9.363865276136,0.));
#11033 = CARTESIAN_POINT('',(16.282392197975,-9.385765442153,0.));
#11034 = SURFACE_OF_LINEAR_EXTRUSION('',#11035,#11038);
#11035 = B_SPLINE_CURVE_WITH_KNOTS('',1,(#11036,#11037),.UNSPECIFIED.,
  .F.,.F.,(2,2),(0.,4.385241571817E-02),.PIECEWISE_BEZIER_KNOTS.);
#11036 = CARTESIAN_POINT('',(16.244399868582,-9.363865276136,0.));
#11037 = CARTESIAN_POINT('',(16.282392197975,-9.385765442153,0.));
#11038 = VECTOR('',#11039,1.);
#11039 = DIRECTION('',(-0.,-0.,-1.));
#11040 = ADVANCED_FACE('',(#11041),#11104,.F.);
#11041 = FACE_BOUND('',#11042,.F.);
#11042 = EDGE_LOOP('',(#11043,#11044,#11071,#11079));
#11043 = ORIENTED_EDGE('',*,*,#11022,.T.);
#11044 = ORIENTED_EDGE('',*,*,#11045,.T.);
#11045 = EDGE_CURVE('',#11016,#11046,#11048,.T.);
#11046 = VERTEX_POINT('',#11047);
#11047 = CARTESIAN_POINT('',(18.560030376218,-9.824727601,10.));
#11048 = B_SPLINE_CURVE_WITH_KNOTS('',3,(#11049,#11050,#11051,#11052,
    #11053,#11054,#11055,#11056,#11057,#11058,#11059,#11060,#11061,
    #11062,#11063,#11064,#11065,#11066,#11067,#11068,#11069,#11070),
  .UNSPECIFIED.,.F.,.F.,(4,1,1,1,1,1,1,1,1,1,1,1,1,1,1,1,1,1,1,4),(0.,
    6.469775801205E-03,2.587893822125E-02,5.822752025674E-02,
    0.103515526622,0.161742958887,0.232909817767,0.317016103646,
    0.414061816756,0.524046957245,0.646971525216,0.782835520741,
    0.931638943874,1.093381794658,1.268064073122,1.455685779293,
    1.656246913191,1.869747474833,2.096187464232,2.335566881401),
  .UNSPECIFIED.);
#11049 = CARTESIAN_POINT('',(16.282392197975,-9.385765442153,10.));
#11050 = CARTESIAN_POINT('',(16.28427193525,-9.386822862931,10.));
#11051 = CARTESIAN_POINT('',(16.291820160432,-9.390998727372,10.));
#11052 = CARTESIAN_POINT('',(16.309055387581,-9.399931385269,10.));
#11053 = CARTESIAN_POINT('',(16.338110367103,-9.414157878648,10.));
#11054 = CARTESIAN_POINT('',(16.379298073936,-9.433001944258,10.));
#11055 = CARTESIAN_POINT('',(16.43285628562,-9.455864083116,10.));
#11056 = CARTESIAN_POINT('',(16.499022451858,-9.482092540825,10.));
#11057 = CARTESIAN_POINT('',(16.577999267286,-9.511043028367,10.));
#11058 = CARTESIAN_POINT('',(16.669967593655,-9.542056751345,10.));
#11059 = CARTESIAN_POINT('',(16.775081315437,-9.574469690958,10.));
#11060 = CARTESIAN_POINT('',(16.893468745153,-9.607610636321,10.));
#11061 = CARTESIAN_POINT('',(17.025231835974,-9.640803061761,10.));
#11062 = CARTESIAN_POINT('',(17.170446162553,-9.673365736529,10.));
#11063 = CARTESIAN_POINT('',(17.329160698834,-9.704613743181,10.));
#11064 = CARTESIAN_POINT('',(17.50139768693,-9.733859396489,10.));
#11065 = CARTESIAN_POINT('',(17.687152575328,-9.760413098966,10.));
#11066 = CARTESIAN_POINT('',(17.886393737468,-9.783584634385,10.));
#11067 = CARTESIAN_POINT('',(18.099063281101,-9.802682622732,10.));
#11068 = CARTESIAN_POINT('',(18.325073534526,-9.817021537845,10.));
#11069 = CARTESIAN_POINT('',(18.480261285269,-9.822779174484,10.));
#11070 = CARTESIAN_POINT('',(18.560030376218,-9.824727601,10.));
#11071 = ORIENTED_EDGE('',*,*,#11072,.F.);
#11072 = EDGE_CURVE('',#11073,#11046,#11075,.T.);
#11073 = VERTEX_POINT('',#11074);
#11074 = CARTESIAN_POINT('',(18.560030376218,-9.824727601,0.));
#11075 = LINE('',#11076,#11077);
#11076 = CARTESIAN_POINT('',(18.560030376218,-9.824727601,0.));
#11077 = VECTOR('',#11078,1.);
#11078 = DIRECTION('',(0.,0.,1.));
#11079 = ORIENTED_EDGE('',*,*,#11080,.F.);
#11080 = EDGE_CURVE('',#11023,#11073,#11081,.T.);
#11081 = B_SPLINE_CURVE_WITH_KNOTS('',3,(#11082,#11083,#11084,#11085,
    #11086,#11087,#11088,#11089,#11090,#11091,#11092,#11093,#11094,
    #11095,#11096,#11097,#11098,#11099,#11100,#11101,#11102,#11103),
  .UNSPECIFIED.,.F.,.F.,(4,1,1,1,1,1,1,1,1,1,1,1,1,1,1,1,1,1,1,4),(0.,
    6.469775801205E-03,2.587893822125E-02,5.822752025674E-02,
    0.103515526622,0.161742958887,0.232909817767,0.317016103646,
    0.414061816756,0.524046957245,0.646971525216,0.782835520741,
    0.931638943874,1.093381794658,1.268064073122,1.455685779293,
    1.656246913191,1.869747474833,2.096187464232,2.335566881401),
  .UNSPECIFIED.);
#11082 = CARTESIAN_POINT('',(16.282392197975,-9.385765442153,0.));
#11083 = CARTESIAN_POINT('',(16.28427193525,-9.386822862931,0.));
#11084 = CARTESIAN_POINT('',(16.291820160432,-9.390998727372,0.));
#11085 = CARTESIAN_POINT('',(16.309055387581,-9.399931385269,0.));
#11086 = CARTESIAN_POINT('',(16.338110367103,-9.414157878648,0.));
#11087 = CARTESIAN_POINT('',(16.379298073936,-9.433001944258,0.));
#11088 = CARTESIAN_POINT('',(16.43285628562,-9.455864083116,0.));
#11089 = CARTESIAN_POINT('',(16.499022451858,-9.482092540825,0.));
#11090 = CARTESIAN_POINT('',(16.577999267286,-9.511043028367,0.));
#11091 = CARTESIAN_POINT('',(16.669967593655,-9.542056751345,0.));
#11092 = CARTESIAN_POINT('',(16.775081315437,-9.574469690958,0.));
#11093 = CARTESIAN_POINT('',(16.893468745153,-9.607610636321,0.));
#11094 = CARTESIAN_POINT('',(17.025231835974,-9.640803061761,0.));
#11095 = CARTESIAN_POINT('',(17.170446162553,-9.673365736529,0.));
#11096 = CARTESIAN_POINT('',(17.329160698834,-9.704613743181,0.));
#11097 = CARTESIAN_POINT('',(17.50139768693,-9.733859396489,0.));
#11098 = CARTESIAN_POINT('',(17.687152575328,-9.760413098966,0.));
#11099 = CARTESIAN_POINT('',(17.886393737468,-9.783584634385,0.));
#11100 = CARTESIAN_POINT('',(18.099063281101,-9.802682622732,0.));
#11101 = CARTESIAN_POINT('',(18.325073534526,-9.817021537845,0.));
#11102 = CARTESIAN_POINT('',(18.480261285269,-9.822779174484,0.));
#11103 = CARTESIAN_POINT('',(18.560030376218,-9.824727601,0.));
#11104 = SURFACE_OF_LINEAR_EXTRUSION('',#11105,#11128);
#11105 = B_SPLINE_CURVE_WITH_KNOTS('',3,(#11106,#11107,#11108,#11109,
    #11110,#11111,#11112,#11113,#11114,#11115,#11116,#11117,#11118,
    #11119,#11120,#11121,#11122,#11123,#11124,#11125,#11126,#11127),
  .UNSPECIFIED.,.F.,.F.,(4,1,1,1,1,1,1,1,1,1,1,1,1,1,1,1,1,1,1,4),(0.,
    6.469775801205E-03,2.587893822125E-02,5.822752025674E-02,
    0.103515526622,0.161742958887,0.232909817767,0.317016103646,
    0.414061816756,0.524046957245,0.646971525216,0.782835520741,
    0.931638943874,1.093381794658,1.268064073122,1.455685779293,
    1.656246913191,1.869747474833,2.096187464232,2.335566881401),
  .UNSPECIFIED.);
#11106 = CARTESIAN_POINT('',(16.282392197975,-9.385765442153,0.));
#11107 = CARTESIAN_POINT('',(16.28427193525,-9.386822862931,0.));
#11108 = CARTESIAN_POINT('',(16.291820160432,-9.390998727372,0.));
#11109 = CARTESIAN_POINT('',(16.309055387581,-9.399931385269,0.));
#11110 = CARTESIAN_POINT('',(16.338110367103,-9.414157878648,0.));
#11111 = CARTESIAN_POINT('',(16.379298073936,-9.433001944258,0.));
#11112 = CARTESIAN_POINT('',(16.43285628562,-9.455864083116,0.));
#11113 = CARTESIAN_POINT('',(16.499022451858,-9.482092540825,0.));
#11114 = CARTESIAN_POINT('',(16.577999267286,-9.511043028367,0.));
#11115 = CARTESIAN_POINT('',(16.669967593655,-9.542056751345,0.));
#11116 = CARTESIAN_POINT('',(16.775081315437,-9.574469690958,0.));
#11117 = CARTESIAN_POINT('',(16.893468745153,-9.607610636321,0.));
#11118 = CARTESIAN_POINT('',(17.025231835974,-9.640803061761,0.));
#11119 = CARTESIAN_POINT('',(17.170446162553,-9.673365736529,0.));
#11120 = CARTESIAN_POINT('',(17.329160698834,-9.704613743181,0.));
#11121 = CARTESIAN_POINT('',(17.50139768693,-9.733859396489,0.));
#11122 = CARTESIAN_POINT('',(17.687152575328,-9.760413098966,0.));
#11123 = CARTESIAN_POINT('',(17.886393737468,-9.783584634385,0.));
#11124 = CARTESIAN_POINT('',(18.099063281101,-9.802682622732,0.));
#11125 = CARTESIAN_POINT('',(18.325073534526,-9.817021537845,0.));
#11126 = CARTESIAN_POINT('',(18.480261285269,-9.822779174484,0.));
#11127 = CARTESIAN_POINT('',(18.560030376218,-9.824727601,0.));
#11128 = VECTOR('',#11129,1.);
#11129 = DIRECTION('',(-0.,-0.,-1.));
#11130 = ADVANCED_FACE('',(#11131),#11154,.F.);
#11131 = FACE_BOUND('',#11132,.F.);
#11132 = EDGE_LOOP('',(#11133,#11134,#11141,#11149));
#11133 = ORIENTED_EDGE('',*,*,#11072,.T.);
#11134 = ORIENTED_EDGE('',*,*,#11135,.T.);
#11135 = EDGE_CURVE('',#11046,#11136,#11138,.T.);
#11136 = VERTEX_POINT('',#11137);
#11137 = CARTESIAN_POINT('',(18.857683731555,-9.240549998817,10.));
#11138 = B_SPLINE_CURVE_WITH_KNOTS('',1,(#11139,#11140),.UNSPECIFIED.,
  .F.,.F.,(2,2),(0.,0.655637850368),.PIECEWISE_BEZIER_KNOTS.);
#11139 = CARTESIAN_POINT('',(18.560030376218,-9.824727601,10.));
#11140 = CARTESIAN_POINT('',(18.857683731555,-9.240549998817,10.));
#11141 = ORIENTED_EDGE('',*,*,#11142,.F.);
#11142 = EDGE_CURVE('',#11143,#11136,#11145,.T.);
#11143 = VERTEX_POINT('',#11144);
#11144 = CARTESIAN_POINT('',(18.857683731555,-9.240549998817,0.));
#11145 = LINE('',#11146,#11147);
#11146 = CARTESIAN_POINT('',(18.857683731555,-9.240549998817,0.));
#11147 = VECTOR('',#11148,1.);
#11148 = DIRECTION('',(0.,0.,1.));
#11149 = ORIENTED_EDGE('',*,*,#11150,.F.);
#11150 = EDGE_CURVE('',#11073,#11143,#11151,.T.);
#11151 = B_SPLINE_CURVE_WITH_KNOTS('',1,(#11152,#11153),.UNSPECIFIED.,
  .F.,.F.,(2,2),(0.,0.655637850368),.PIECEWISE_BEZIER_KNOTS.);
#11152 = CARTESIAN_POINT('',(18.560030376218,-9.824727601,0.));
#11153 = CARTESIAN_POINT('',(18.857683731555,-9.240549998817,0.));
#11154 = SURFACE_OF_LINEAR_EXTRUSION('',#11155,#11158);
#11155 = B_SPLINE_CURVE_WITH_KNOTS('',1,(#11156,#11157),.UNSPECIFIED.,
  .F.,.F.,(2,2),(0.,0.655637850368),.PIECEWISE_BEZIER_KNOTS.);
#11156 = CARTESIAN_POINT('',(18.560030376218,-9.824727601,0.));
#11157 = CARTESIAN_POINT('',(18.857683731555,-9.240549998817,0.));
#11158 = VECTOR('',#11159,1.);
#11159 = DIRECTION('',(-0.,-0.,-1.));
#11160 = ADVANCED_FACE('',(#11161),#11224,.F.);
#11161 = FACE_BOUND('',#11162,.F.);
#11162 = EDGE_LOOP('',(#11163,#11164,#11191,#11199));
#11163 = ORIENTED_EDGE('',*,*,#11142,.T.);
#11164 = ORIENTED_EDGE('',*,*,#11165,.T.);
#11165 = EDGE_CURVE('',#11136,#11166,#11168,.T.);
#11166 = VERTEX_POINT('',#11167);
#11167 = CARTESIAN_POINT('',(17.163793753931,-7.655917488866,10.));
#11168 = B_SPLINE_CURVE_WITH_KNOTS('',3,(#11169,#11170,#11171,#11172,
    #11173,#11174,#11175,#11176,#11177,#11178,#11179,#11180,#11181,
    #11182,#11183,#11184,#11185,#11186,#11187,#11188,#11189,#11190),
  .UNSPECIFIED.,.F.,.F.,(4,1,1,1,1,1,1,1,1,1,1,1,1,1,1,1,1,1,1,4),(0.,
    0.239379417168,0.465819406568,0.67931996821,0.879881102108,
    1.067502808279,1.242185086743,1.403927937526,1.55273136066,
    1.688595356185,1.811519924156,1.921505064645,2.018550777754,
    2.102657063634,2.173823922514,2.232051354779,2.277339361144,
    2.309687943179,2.329097105599,2.335566881401),.UNSPECIFIED.);
#11169 = CARTESIAN_POINT('',(18.857683731555,-9.240549998817,10.));
#11170 = CARTESIAN_POINT('',(18.809220326143,-9.177160704985,10.));
#11171 = CARTESIAN_POINT('',(18.713345229031,-9.054995431219,10.));
#11172 = CARTESIAN_POINT('',(18.568899309194,-8.880577498132,10.));
#11173 = CARTESIAN_POINT('',(18.428444690703,-8.719749739047,10.));
#11174 = CARTESIAN_POINT('',(18.292587508007,-8.572180139688,10.));
#11175 = CARTESIAN_POINT('',(18.161921127499,-8.437509152896,10.));
#11176 = CARTESIAN_POINT('',(18.037022535459,-8.315356666174,10.));
#11177 = CARTESIAN_POINT('',(17.918452303287,-8.205321026542,10.));
#11178 = CARTESIAN_POINT('',(17.806753706432,-8.106980028517,10.));
#11179 = CARTESIAN_POINT('',(17.702452068585,-8.019891466973,10.));
#11180 = CARTESIAN_POINT('',(17.606054095334,-7.943593783344,10.));
#11181 = CARTESIAN_POINT('',(17.518047180872,-7.877606843968,10.));
#11182 = CARTESIAN_POINT('',(17.438898926006,-7.821432313977,10.));
#11183 = CARTESIAN_POINT('',(17.369056082208,-7.774555397758,10.));
#11184 = CARTESIAN_POINT('',(17.30894531747,-7.73644254545,10.));
#11185 = CARTESIAN_POINT('',(17.258968731639,-7.706551070066,10.));
#11186 = CARTESIAN_POINT('',(17.219514035666,-7.684305779138,10.));
#11187 = CARTESIAN_POINT('',(17.190926472282,-7.669161929933,10.));
#11188 = CARTESIAN_POINT('',(17.1735691879,-7.660468822843,10.));
#11189 = CARTESIAN_POINT('',(17.165754107158,-7.656816691927,10.));
#11190 = CARTESIAN_POINT('',(17.163793753931,-7.655917488866,10.));
#11191 = ORIENTED_EDGE('',*,*,#11192,.F.);
#11192 = EDGE_CURVE('',#11193,#11166,#11195,.T.);
#11193 = VERTEX_POINT('',#11194);
#11194 = CARTESIAN_POINT('',(17.163793753931,-7.655917488866,0.));
#11195 = LINE('',#11196,#11197);
#11196 = CARTESIAN_POINT('',(17.163793753931,-7.655917488866,0.));
#11197 = VECTOR('',#11198,1.);
#11198 = DIRECTION('',(0.,0.,1.));
#11199 = ORIENTED_EDGE('',*,*,#11200,.F.);
#11200 = EDGE_CURVE('',#11143,#11193,#11201,.T.);
#11201 = B_SPLINE_CURVE_WITH_KNOTS('',3,(#11202,#11203,#11204,#11205,
    #11206,#11207,#11208,#11209,#11210,#11211,#11212,#11213,#11214,
    #11215,#11216,#11217,#11218,#11219,#11220,#11221,#11222,#11223),
  .UNSPECIFIED.,.F.,.F.,(4,1,1,1,1,1,1,1,1,1,1,1,1,1,1,1,1,1,1,4),(0.,
    0.239379417168,0.465819406568,0.67931996821,0.879881102108,
    1.067502808279,1.242185086743,1.403927937526,1.55273136066,
    1.688595356185,1.811519924156,1.921505064645,2.018550777754,
    2.102657063634,2.173823922514,2.232051354779,2.277339361144,
    2.309687943179,2.329097105599,2.335566881401),.UNSPECIFIED.);
#11202 = CARTESIAN_POINT('',(18.857683731555,-9.240549998817,0.));
#11203 = CARTESIAN_POINT('',(18.809220326143,-9.177160704985,0.));
#11204 = CARTESIAN_POINT('',(18.713345229031,-9.054995431219,0.));
#11205 = CARTESIAN_POINT('',(18.568899309194,-8.880577498132,0.));
#11206 = CARTESIAN_POINT('',(18.428444690703,-8.719749739047,0.));
#11207 = CARTESIAN_POINT('',(18.292587508007,-8.572180139688,0.));
#11208 = CARTESIAN_POINT('',(18.161921127499,-8.437509152896,0.));
#11209 = CARTESIAN_POINT('',(18.037022535459,-8.315356666174,0.));
#11210 = CARTESIAN_POINT('',(17.918452303287,-8.205321026542,0.));
#11211 = CARTESIAN_POINT('',(17.806753706432,-8.106980028517,0.));
#11212 = CARTESIAN_POINT('',(17.702452068585,-8.019891466973,0.));
#11213 = CARTESIAN_POINT('',(17.606054095334,-7.943593783344,0.));
#11214 = CARTESIAN_POINT('',(17.518047180872,-7.877606843968,0.));
#11215 = CARTESIAN_POINT('',(17.438898926006,-7.821432313977,0.));
#11216 = CARTESIAN_POINT('',(17.369056082208,-7.774555397758,0.));
#11217 = CARTESIAN_POINT('',(17.30894531747,-7.73644254545,0.));
#11218 = CARTESIAN_POINT('',(17.258968731639,-7.706551070066,0.));
#11219 = CARTESIAN_POINT('',(17.219514035666,-7.684305779138,0.));
#11220 = CARTESIAN_POINT('',(17.190926472282,-7.669161929933,0.));
#11221 = CARTESIAN_POINT('',(17.1735691879,-7.660468822843,0.));
#11222 = CARTESIAN_POINT('',(17.165754107158,-7.656816691927,0.));
#11223 = CARTESIAN_POINT('',(17.163793753931,-7.655917488866,0.));
#11224 = SURFACE_OF_LINEAR_EXTRUSION('',#11225,#11248);
#11225 = B_SPLINE_CURVE_WITH_KNOTS('',3,(#11226,#11227,#11228,#11229,
    #11230,#11231,#11232,#11233,#11234,#11235,#11236,#11237,#11238,
    #11239,#11240,#11241,#11242,#11243,#11244,#11245,#11246,#11247),
  .UNSPECIFIED.,.F.,.F.,(4,1,1,1,1,1,1,1,1,1,1,1,1,1,1,1,1,1,1,4),(0.,
    0.239379417168,0.465819406568,0.67931996821,0.879881102108,
    1.067502808279,1.242185086743,1.403927937526,1.55273136066,
    1.688595356185,1.811519924156,1.921505064645,2.018550777754,
    2.102657063634,2.173823922514,2.232051354779,2.277339361144,
    2.309687943179,2.329097105599,2.335566881401),.UNSPECIFIED.);
#11226 = CARTESIAN_POINT('',(18.857683731555,-9.240549998817,0.));
#11227 = CARTESIAN_POINT('',(18.809220326143,-9.177160704985,0.));
#11228 = CARTESIAN_POINT('',(18.713345229031,-9.054995431219,0.));
#11229 = CARTESIAN_POINT('',(18.568899309194,-8.880577498132,0.));
#11230 = CARTESIAN_POINT('',(18.428444690703,-8.719749739047,0.));
#11231 = CARTESIAN_POINT('',(18.292587508007,-8.572180139688,0.));
#11232 = CARTESIAN_POINT('',(18.161921127499,-8.437509152896,0.));
#11233 = CARTESIAN_POINT('',(18.037022535459,-8.315356666174,0.));
#11234 = CARTESIAN_POINT('',(17.918452303287,-8.205321026542,0.));
#11235 = CARTESIAN_POINT('',(17.806753706432,-8.106980028517,0.));
#11236 = CARTESIAN_POINT('',(17.702452068585,-8.019891466973,0.));
#11237 = CARTESIAN_POINT('',(17.606054095334,-7.943593783344,0.));
#11238 = CARTESIAN_POINT('',(17.518047180872,-7.877606843968,0.));
#11239 = CARTESIAN_POINT('',(17.438898926006,-7.821432313977,0.));
#11240 = CARTESIAN_POINT('',(17.369056082208,-7.774555397758,0.));
#11241 = CARTESIAN_POINT('',(17.30894531747,-7.73644254545,0.));
#11242 = CARTESIAN_POINT('',(17.258968731639,-7.706551070066,0.));
#11243 = CARTESIAN_POINT('',(17.219514035666,-7.684305779138,0.));
#11244 = CARTESIAN_POINT('',(17.190926472282,-7.669161929933,0.));
#11245 = CARTESIAN_POINT('',(17.1735691879,-7.660468822843,0.));
#11246 = CARTESIAN_POINT('',(17.165754107158,-7.656816691927,0.));
#11247 = CARTESIAN_POINT('',(17.163793753931,-7.655917488866,0.));
#11248 = VECTOR('',#11249,1.);
#11249 = DIRECTION('',(-0.,-0.,-1.));
#11250 = ADVANCED_FACE('',(#11251),#11274,.F.);
#11251 = FACE_BOUND('',#11252,.F.);
#11252 = EDGE_LOOP('',(#11253,#11254,#11261,#11269));
#11253 = ORIENTED_EDGE('',*,*,#11192,.T.);
#11254 = ORIENTED_EDGE('',*,*,#11255,.T.);
#11255 = EDGE_CURVE('',#11166,#11256,#11258,.T.);
#11256 = VERTEX_POINT('',#11257);
#11257 = CARTESIAN_POINT('',(17.123744816526,-7.638053643338,10.));
#11258 = B_SPLINE_CURVE_WITH_KNOTS('',1,(#11259,#11260),.UNSPECIFIED.,
  .F.,.F.,(2,2),(0.,4.385241571817E-02),.PIECEWISE_BEZIER_KNOTS.);
#11259 = CARTESIAN_POINT('',(17.163793753931,-7.655917488866,10.));
#11260 = CARTESIAN_POINT('',(17.123744816526,-7.638053643338,10.));
#11261 = ORIENTED_EDGE('',*,*,#11262,.F.);
#11262 = EDGE_CURVE('',#11263,#11256,#11265,.T.);
#11263 = VERTEX_POINT('',#11264);
#11264 = CARTESIAN_POINT('',(17.123744816526,-7.638053643338,0.));
#11265 = LINE('',#11266,#11267);
#11266 = CARTESIAN_POINT('',(17.123744816526,-7.638053643338,0.));
#11267 = VECTOR('',#11268,1.);
#11268 = DIRECTION('',(0.,0.,1.));
#11269 = ORIENTED_EDGE('',*,*,#11270,.F.);
#11270 = EDGE_CURVE('',#11193,#11263,#11271,.T.);
#11271 = B_SPLINE_CURVE_WITH_KNOTS('',1,(#11272,#11273),.UNSPECIFIED.,
  .F.,.F.,(2,2),(0.,4.385241571817E-02),.PIECEWISE_BEZIER_KNOTS.);
#11272 = CARTESIAN_POINT('',(17.163793753931,-7.655917488866,0.));
#11273 = CARTESIAN_POINT('',(17.123744816526,-7.638053643338,0.));
#11274 = SURFACE_OF_LINEAR_EXTRUSION('',#11275,#11278);
#11275 = B_SPLINE_CURVE_WITH_KNOTS('',1,(#11276,#11277),.UNSPECIFIED.,
  .F.,.F.,(2,2),(0.,4.385241571817E-02),.PIECEWISE_BEZIER_KNOTS.);
#11276 = CARTESIAN_POINT('',(17.163793753931,-7.655917488866,0.));
#11277 = CARTESIAN_POINT('',(17.123744816526,-7.638053643338,0.));
#11278 = VECTOR('',#11279,1.);
#11279 = DIRECTION('',(-0.,-0.,-1.));
#11280 = ADVANCED_FACE('',(#11281),#11304,.F.);
#11281 = FACE_BOUND('',#11282,.F.);
#11282 = EDGE_LOOP('',(#11283,#11284,#11291,#11299));
#11283 = ORIENTED_EDGE('',*,*,#11262,.T.);
#11284 = ORIENTED_EDGE('',*,*,#11285,.T.);
#11285 = EDGE_CURVE('',#11256,#11286,#11288,.T.);
#11286 = VERTEX_POINT('',#11287);
#11287 = CARTESIAN_POINT('',(17.509235605344,-6.707396552802,10.));
#11288 = B_SPLINE_CURVE_WITH_KNOTS('',1,(#11289,#11290),.UNSPECIFIED.,
  .F.,.F.,(2,2),(0.,1.007335975944),.PIECEWISE_BEZIER_KNOTS.);
#11289 = CARTESIAN_POINT('',(17.123744816526,-7.638053643338,10.));
#11290 = CARTESIAN_POINT('',(17.509235605344,-6.707396552802,10.));
#11291 = ORIENTED_EDGE('',*,*,#11292,.F.);
#11292 = EDGE_CURVE('',#11293,#11286,#11295,.T.);
#11293 = VERTEX_POINT('',#11294);
#11294 = CARTESIAN_POINT('',(17.509235605344,-6.707396552802,0.));
#11295 = LINE('',#11296,#11297);
#11296 = CARTESIAN_POINT('',(17.509235605344,-6.707396552802,0.));
#11297 = VECTOR('',#11298,1.);
#11298 = DIRECTION('',(0.,0.,1.));
#11299 = ORIENTED_EDGE('',*,*,#11300,.F.);
#11300 = EDGE_CURVE('',#11263,#11293,#11301,.T.);
#11301 = B_SPLINE_CURVE_WITH_KNOTS('',1,(#11302,#11303),.UNSPECIFIED.,
  .F.,.F.,(2,2),(0.,1.007335975944),.PIECEWISE_BEZIER_KNOTS.);
#11302 = CARTESIAN_POINT('',(17.123744816526,-7.638053643338,0.));
#11303 = CARTESIAN_POINT('',(17.509235605344,-6.707396552802,0.));
#11304 = SURFACE_OF_LINEAR_EXTRUSION('',#11305,#11308);
#11305 = B_SPLINE_CURVE_WITH_KNOTS('',1,(#11306,#11307),.UNSPECIFIED.,
  .F.,.F.,(2,2),(0.,1.007335975944),.PIECEWISE_BEZIER_KNOTS.);
#11306 = CARTESIAN_POINT('',(17.123744816526,-7.638053643338,0.));
#11307 = CARTESIAN_POINT('',(17.509235605344,-6.707396552802,0.));
#11308 = VECTOR('',#11309,1.);
#11309 = DIRECTION('',(-0.,-0.,-1.));
#11310 = ADVANCED_FACE('',(#11311),#11334,.F.);
#11311 = FACE_BOUND('',#11312,.F.);
#11312 = EDGE_LOOP('',(#11313,#11314,#11321,#11329));
#11313 = ORIENTED_EDGE('',*,*,#11292,.T.);
#11314 = ORIENTED_EDGE('',*,*,#11315,.T.);
#11315 = EDGE_CURVE('',#11286,#11316,#11318,.T.);
#11316 = VERTEX_POINT('',#11317);
#11317 = CARTESIAN_POINT('',(17.550186126874,-6.72308378171,10.));
#11318 = B_SPLINE_CURVE_WITH_KNOTS('',1,(#11319,#11320),.UNSPECIFIED.,
  .F.,.F.,(2,2),(0.,4.385241571817E-02),.PIECEWISE_BEZIER_KNOTS.);
#11319 = CARTESIAN_POINT('',(17.509235605344,-6.707396552802,10.));
#11320 = CARTESIAN_POINT('',(17.550186126874,-6.72308378171,10.));
#11321 = ORIENTED_EDGE('',*,*,#11322,.F.);
#11322 = EDGE_CURVE('',#11323,#11316,#11325,.T.);
#11323 = VERTEX_POINT('',#11324);
#11324 = CARTESIAN_POINT('',(17.550186126874,-6.72308378171,0.));
#11325 = LINE('',#11326,#11327);
#11326 = CARTESIAN_POINT('',(17.550186126874,-6.72308378171,0.));
#11327 = VECTOR('',#11328,1.);
#11328 = DIRECTION('',(0.,0.,1.));
#11329 = ORIENTED_EDGE('',*,*,#11330,.F.);
#11330 = EDGE_CURVE('',#11293,#11323,#11331,.T.);
#11331 = B_SPLINE_CURVE_WITH_KNOTS('',1,(#11332,#11333),.UNSPECIFIED.,
  .F.,.F.,(2,2),(0.,4.385241571817E-02),.PIECEWISE_BEZIER_KNOTS.);
#11332 = CARTESIAN_POINT('',(17.509235605344,-6.707396552802,0.));
#11333 = CARTESIAN_POINT('',(17.550186126874,-6.72308378171,0.));
#11334 = SURFACE_OF_LINEAR_EXTRUSION('',#11335,#11338);
#11335 = B_SPLINE_CURVE_WITH_KNOTS('',1,(#11336,#11337),.UNSPECIFIED.,
  .F.,.F.,(2,2),(0.,4.385241571817E-02),.PIECEWISE_BEZIER_KNOTS.);
#11336 = CARTESIAN_POINT('',(17.509235605344,-6.707396552802,0.));
#11337 = CARTESIAN_POINT('',(17.550186126874,-6.72308378171,0.));
#11338 = VECTOR('',#11339,1.);
#11339 = DIRECTION('',(-0.,-0.,-1.));
#11340 = ADVANCED_FACE('',(#11341),#11404,.F.);
#11341 = FACE_BOUND('',#11342,.F.);
#11342 = EDGE_LOOP('',(#11343,#11344,#11371,#11379));
#11343 = ORIENTED_EDGE('',*,*,#11322,.T.);
#11344 = ORIENTED_EDGE('',*,*,#11345,.T.);
#11345 = EDGE_CURVE('',#11316,#11346,#11348,.T.);
#11346 = VERTEX_POINT('',#11347);
#11347 = CARTESIAN_POINT('',(19.868451610111,-6.800340477997,10.));
#11348 = B_SPLINE_CURVE_WITH_KNOTS('',3,(#11349,#11350,#11351,#11352,
    #11353,#11354,#11355,#11356,#11357,#11358,#11359,#11360,#11361,
    #11362,#11363,#11364,#11365,#11366,#11367,#11368,#11369,#11370),
  .UNSPECIFIED.,.F.,.F.,(4,1,1,1,1,1,1,1,1,1,1,1,1,1,1,1,1,1,1,4),(0.,
    6.469775801205E-03,2.587893822125E-02,5.822752025674E-02,
    0.103515526622,0.161742958887,0.232909817767,0.317016103646,
    0.414061816756,0.524046957245,0.646971525216,0.782835520741,
    0.931638943874,1.093381794658,1.268064073122,1.455685779293,
    1.656246913191,1.869747474833,2.096187464232,2.335566881401),
  .UNSPECIFIED.);
#11349 = CARTESIAN_POINT('',(17.550186126874,-6.72308378171,10.));
#11350 = CARTESIAN_POINT('',(17.552208138517,-6.723834128188,10.));
#11351 = CARTESIAN_POINT('',(17.560316681641,-6.72677777824,10.));
#11352 = CARTESIAN_POINT('',(17.578737090103,-6.732904276756,10.));
#11353 = CARTESIAN_POINT('',(17.609659868495,-6.742410418217,10.));
#11354 = CARTESIAN_POINT('',(17.653288347633,-6.754579305224,10.));
#11355 = CARTESIAN_POINT('',(17.709763595318,-6.768781623022,10.));
#11356 = CARTESIAN_POINT('',(17.779218181004,-6.784336496074,10.));
#11357 = CARTESIAN_POINT('',(17.86175151481,-6.800575859201,10.));
#11358 = CARTESIAN_POINT('',(17.957439173632,-6.816820735849,10.));
#11359 = CARTESIAN_POINT('',(18.066329271941,-6.832391209554,10.));
#11360 = CARTESIAN_POINT('',(18.188443542003,-6.84660426065,10.));
#11361 = CARTESIAN_POINT('',(18.323776849846,-6.858775743629,10.));
#11362 = CARTESIAN_POINT('',(18.472297271702,-6.868220992341,10.));
#11363 = CARTESIAN_POINT('',(18.633946033874,-6.874255860601,10.));
#11364 = CARTESIAN_POINT('',(18.808637526966,-6.876197650293,10.));
#11365 = CARTESIAN_POINT('',(18.996259378687,-6.873365966034,10.));
#11366 = CARTESIAN_POINT('',(19.196672378247,-6.865084036788,10.));
#11367 = CARTESIAN_POINT('',(19.409711190483,-6.850678050919,10.));
#11368 = CARTESIAN_POINT('',(19.635181983161,-6.829484637105,10.));
#11369 = CARTESIAN_POINT('',(19.789359807981,-6.810894674914,10.));
#11370 = CARTESIAN_POINT('',(19.868451610111,-6.800340477997,10.));
#11371 = ORIENTED_EDGE('',*,*,#11372,.F.);
#11372 = EDGE_CURVE('',#11373,#11346,#11375,.T.);
#11373 = VERTEX_POINT('',#11374);
#11374 = CARTESIAN_POINT('',(19.868451610111,-6.800340477997,0.));
#11375 = LINE('',#11376,#11377);
#11376 = CARTESIAN_POINT('',(19.868451610111,-6.800340477997,0.));
#11377 = VECTOR('',#11378,1.);
#11378 = DIRECTION('',(0.,0.,1.));
#11379 = ORIENTED_EDGE('',*,*,#11380,.F.);
#11380 = EDGE_CURVE('',#11323,#11373,#11381,.T.);
#11381 = B_SPLINE_CURVE_WITH_KNOTS('',3,(#11382,#11383,#11384,#11385,
    #11386,#11387,#11388,#11389,#11390,#11391,#11392,#11393,#11394,
    #11395,#11396,#11397,#11398,#11399,#11400,#11401,#11402,#11403),
  .UNSPECIFIED.,.F.,.F.,(4,1,1,1,1,1,1,1,1,1,1,1,1,1,1,1,1,1,1,4),(0.,
    6.469775801205E-03,2.587893822125E-02,5.822752025674E-02,
    0.103515526622,0.161742958887,0.232909817767,0.317016103646,
    0.414061816756,0.524046957245,0.646971525216,0.782835520741,
    0.931638943874,1.093381794658,1.268064073122,1.455685779293,
    1.656246913191,1.869747474833,2.096187464232,2.335566881401),
  .UNSPECIFIED.);
#11382 = CARTESIAN_POINT('',(17.550186126874,-6.72308378171,0.));
#11383 = CARTESIAN_POINT('',(17.552208138517,-6.723834128188,0.));
#11384 = CARTESIAN_POINT('',(17.560316681641,-6.72677777824,0.));
#11385 = CARTESIAN_POINT('',(17.578737090103,-6.732904276756,0.));
#11386 = CARTESIAN_POINT('',(17.609659868495,-6.742410418217,0.));
#11387 = CARTESIAN_POINT('',(17.653288347633,-6.754579305224,0.));
#11388 = CARTESIAN_POINT('',(17.709763595318,-6.768781623022,0.));
#11389 = CARTESIAN_POINT('',(17.779218181004,-6.784336496074,0.));
#11390 = CARTESIAN_POINT('',(17.86175151481,-6.800575859201,0.));
#11391 = CARTESIAN_POINT('',(17.957439173632,-6.816820735849,0.));
#11392 = CARTESIAN_POINT('',(18.066329271941,-6.832391209554,0.));
#11393 = CARTESIAN_POINT('',(18.188443542003,-6.84660426065,0.));
#11394 = CARTESIAN_POINT('',(18.323776849846,-6.858775743629,0.));
#11395 = CARTESIAN_POINT('',(18.472297271702,-6.868220992341,0.));
#11396 = CARTESIAN_POINT('',(18.633946033874,-6.874255860601,0.));
#11397 = CARTESIAN_POINT('',(18.808637526966,-6.876197650293,0.));
#11398 = CARTESIAN_POINT('',(18.996259378687,-6.873365966034,0.));
#11399 = CARTESIAN_POINT('',(19.196672378247,-6.865084036788,0.));
#11400 = CARTESIAN_POINT('',(19.409711190483,-6.850678050919,0.));
#11401 = CARTESIAN_POINT('',(19.635181983161,-6.829484637105,0.));
#11402 = CARTESIAN_POINT('',(19.789359807981,-6.810894674914,0.));
#11403 = CARTESIAN_POINT('',(19.868451610111,-6.800340477997,0.));
#11404 = SURFACE_OF_LINEAR_EXTRUSION('',#11405,#11428);
#11405 = B_SPLINE_CURVE_WITH_KNOTS('',3,(#11406,#11407,#11408,#11409,
    #11410,#11411,#11412,#11413,#11414,#11415,#11416,#11417,#11418,
    #11419,#11420,#11421,#11422,#11423,#11424,#11425,#11426,#11427),
  .UNSPECIFIED.,.F.,.F.,(4,1,1,1,1,1,1,1,1,1,1,1,1,1,1,1,1,1,1,4),(0.,
    6.469775801205E-03,2.587893822125E-02,5.822752025674E-02,
    0.103515526622,0.161742958887,0.232909817767,0.317016103646,
    0.414061816756,0.524046957245,0.646971525216,0.782835520741,
    0.931638943874,1.093381794658,1.268064073122,1.455685779293,
    1.656246913191,1.869747474833,2.096187464232,2.335566881401),
  .UNSPECIFIED.);
#11406 = CARTESIAN_POINT('',(17.550186126874,-6.72308378171,0.));
#11407 = CARTESIAN_POINT('',(17.552208138517,-6.723834128188,0.));
#11408 = CARTESIAN_POINT('',(17.560316681641,-6.72677777824,0.));
#11409 = CARTESIAN_POINT('',(17.578737090103,-6.732904276756,0.));
#11410 = CARTESIAN_POINT('',(17.609659868495,-6.742410418217,0.));
#11411 = CARTESIAN_POINT('',(17.653288347633,-6.754579305224,0.));
#11412 = CARTESIAN_POINT('',(17.709763595318,-6.768781623022,0.));
#11413 = CARTESIAN_POINT('',(17.779218181004,-6.784336496074,0.));
#11414 = CARTESIAN_POINT('',(17.86175151481,-6.800575859201,0.));
#11415 = CARTESIAN_POINT('',(17.957439173632,-6.816820735849,0.));
#11416 = CARTESIAN_POINT('',(18.066329271941,-6.832391209554,0.));
#11417 = CARTESIAN_POINT('',(18.188443542003,-6.84660426065,0.));
#11418 = CARTESIAN_POINT('',(18.323776849846,-6.858775743629,0.));
#11419 = CARTESIAN_POINT('',(18.472297271702,-6.868220992341,0.));
#11420 = CARTESIAN_POINT('',(18.633946033874,-6.874255860601,0.));
#11421 = CARTESIAN_POINT('',(18.808637526966,-6.876197650293,0.));
#11422 = CARTESIAN_POINT('',(18.996259378687,-6.873365966034,0.));
#11423 = CARTESIAN_POINT('',(19.196672378247,-6.865084036788,0.));
#11424 = CARTESIAN_POINT('',(19.409711190483,-6.850678050919,0.));
#11425 = CARTESIAN_POINT('',(19.635181983161,-6.829484637105,0.));
#11426 = CARTESIAN_POINT('',(19.789359807981,-6.810894674914,0.));
#11427 = CARTESIAN_POINT('',(19.868451610111,-6.800340477997,0.));
#11428 = VECTOR('',#11429,1.);
#11429 = DIRECTION('',(-0.,-0.,-1.));
#11430 = ADVANCED_FACE('',(#11431),#11454,.F.);
#11431 = FACE_BOUND('',#11432,.F.);
#11432 = EDGE_LOOP('',(#11433,#11434,#11441,#11449));
#11433 = ORIENTED_EDGE('',*,*,#11372,.T.);
#11434 = ORIENTED_EDGE('',*,*,#11435,.T.);
#11435 = EDGE_CURVE('',#11346,#11436,#11438,.T.);
#11436 = VERTEX_POINT('',#11437);
#11437 = CARTESIAN_POINT('',(20.07105484803,-6.176791828074,10.));
#11438 = B_SPLINE_CURVE_WITH_KNOTS('',1,(#11439,#11440),.UNSPECIFIED.,
  .F.,.F.,(2,2),(0.,0.655637850368),.PIECEWISE_BEZIER_KNOTS.);
#11439 = CARTESIAN_POINT('',(19.868451610111,-6.800340477997,10.));
#11440 = CARTESIAN_POINT('',(20.07105484803,-6.176791828074,10.));
#11441 = ORIENTED_EDGE('',*,*,#11442,.F.);
#11442 = EDGE_CURVE('',#11443,#11436,#11445,.T.);
#11443 = VERTEX_POINT('',#11444);
#11444 = CARTESIAN_POINT('',(20.07105484803,-6.176791828074,0.));
#11445 = LINE('',#11446,#11447);
#11446 = CARTESIAN_POINT('',(20.07105484803,-6.176791828074,0.));
#11447 = VECTOR('',#11448,1.);
#11448 = DIRECTION('',(0.,0.,1.));
#11449 = ORIENTED_EDGE('',*,*,#11450,.F.);
#11450 = EDGE_CURVE('',#11373,#11443,#11451,.T.);
#11451 = B_SPLINE_CURVE_WITH_KNOTS('',1,(#11452,#11453),.UNSPECIFIED.,
  .F.,.F.,(2,2),(0.,0.655637850368),.PIECEWISE_BEZIER_KNOTS.);
#11452 = CARTESIAN_POINT('',(19.868451610111,-6.800340477997,0.));
#11453 = CARTESIAN_POINT('',(20.07105484803,-6.176791828074,0.));
#11454 = SURFACE_OF_LINEAR_EXTRUSION('',#11455,#11458);
#11455 = B_SPLINE_CURVE_WITH_KNOTS('',1,(#11456,#11457),.UNSPECIFIED.,
  .F.,.F.,(2,2),(0.,0.655637850368),.PIECEWISE_BEZIER_KNOTS.);
#11456 = CARTESIAN_POINT('',(19.868451610111,-6.800340477997,0.));
#11457 = CARTESIAN_POINT('',(20.07105484803,-6.176791828074,0.));
#11458 = VECTOR('',#11459,1.);
#11459 = DIRECTION('',(-0.,-0.,-1.));
#11460 = ADVANCED_FACE('',(#11461),#11524,.F.);
#11461 = FACE_BOUND('',#11462,.F.);
#11462 = EDGE_LOOP('',(#11463,#11464,#11491,#11499));
#11463 = ORIENTED_EDGE('',*,*,#11442,.T.);
#11464 = ORIENTED_EDGE('',*,*,#11465,.T.);
#11465 = EDGE_CURVE('',#11436,#11466,#11468,.T.);
#11466 = VERTEX_POINT('',#11467);
#11467 = CARTESIAN_POINT('',(18.1501283279,-4.876651546355,10.));
#11468 = B_SPLINE_CURVE_WITH_KNOTS('',3,(#11469,#11470,#11471,#11472,
    #11473,#11474,#11475,#11476,#11477,#11478,#11479,#11480,#11481,
    #11482,#11483,#11484,#11485,#11486,#11487,#11488,#11489,#11490),
  .UNSPECIFIED.,.F.,.F.,(4,1,1,1,1,1,1,1,1,1,1,1,1,1,1,1,1,1,1,4),(0.,
    0.239379417168,0.465819406568,0.67931996821,0.879881102108,
    1.067502808279,1.242185086743,1.403927937526,1.55273136066,
    1.688595356185,1.811519924156,1.921505064645,2.018550777754,
    2.102657063634,2.173823922514,2.232051354779,2.277339361144,
    2.309687943179,2.329097105599,2.335566881401),.UNSPECIFIED.);
#11469 = CARTESIAN_POINT('',(20.07105484803,-6.176791828074,10.));
#11470 = CARTESIAN_POINT('',(20.013271837289,-6.121764308537,10.));
#11471 = CARTESIAN_POINT('',(19.89946626247,-6.016101261541,10.));
#11472 = CARTESIAN_POINT('',(19.729513735544,-5.866427022837,10.));
#11473 = CARTESIAN_POINT('',(19.565629342023,-5.72955126345,10.));
#11474 = CARTESIAN_POINT('',(19.408359815356,-5.605051236435,10.));
#11475 = CARTESIAN_POINT('',(19.258234971044,-5.492478998297,10.));
#11476 = CARTESIAN_POINT('',(19.115765229016,-5.391368855817,10.));
#11477 = CARTESIAN_POINT('',(18.981441426737,-5.301236408342,10.));
#11478 = CARTESIAN_POINT('',(18.855734103545,-5.221579661435,10.));
#11479 = CARTESIAN_POINT('',(18.739092939403,-5.151879675518,10.));
#11480 = CARTESIAN_POINT('',(18.631946197843,-5.09160130836,10.));
#11481 = CARTESIAN_POINT('',(18.534700162976,-5.040194092291,10.));
#11482 = CARTESIAN_POINT('',(18.447738721919,-4.997092678888,10.));
#11483 = CARTESIAN_POINT('',(18.371422594114,-4.961718723202,10.));
#11484 = CARTESIAN_POINT('',(18.306089728976,-4.933478498676,10.));
#11485 = CARTESIAN_POINT('',(18.252052380887,-4.911773097426,10.));
#11486 = CARTESIAN_POINT('',(18.209603507506,-4.8959737572,10.));
#11487 = CARTESIAN_POINT('',(18.178998884517,-4.885488434094,10.));
#11488 = CARTESIAN_POINT('',(18.160495395552,-4.879617631074,10.));
#11489 = CARTESIAN_POINT('',(18.152205212276,-4.877233011926,10.));
#11490 = CARTESIAN_POINT('',(18.1501283279,-4.876651546355,10.));
#11491 = ORIENTED_EDGE('',*,*,#11492,.F.);
#11492 = EDGE_CURVE('',#11493,#11466,#11495,.T.);
#11493 = VERTEX_POINT('',#11494);
#11494 = CARTESIAN_POINT('',(18.1501283279,-4.876651546355,0.));
#11495 = LINE('',#11496,#11497);
#11496 = CARTESIAN_POINT('',(18.1501283279,-4.876651546355,0.));
#11497 = VECTOR('',#11498,1.);
#11498 = DIRECTION('',(0.,0.,1.));
#11499 = ORIENTED_EDGE('',*,*,#11500,.F.);
#11500 = EDGE_CURVE('',#11443,#11493,#11501,.T.);
#11501 = B_SPLINE_CURVE_WITH_KNOTS('',3,(#11502,#11503,#11504,#11505,
    #11506,#11507,#11508,#11509,#11510,#11511,#11512,#11513,#11514,
    #11515,#11516,#11517,#11518,#11519,#11520,#11521,#11522,#11523),
  .UNSPECIFIED.,.F.,.F.,(4,1,1,1,1,1,1,1,1,1,1,1,1,1,1,1,1,1,1,4),(0.,
    0.239379417168,0.465819406568,0.67931996821,0.879881102108,
    1.067502808279,1.242185086743,1.403927937526,1.55273136066,
    1.688595356185,1.811519924156,1.921505064645,2.018550777754,
    2.102657063634,2.173823922514,2.232051354779,2.277339361144,
    2.309687943179,2.329097105599,2.335566881401),.UNSPECIFIED.);
#11502 = CARTESIAN_POINT('',(20.07105484803,-6.176791828074,0.));
#11503 = CARTESIAN_POINT('',(20.013271837289,-6.121764308537,0.));
#11504 = CARTESIAN_POINT('',(19.89946626247,-6.016101261541,0.));
#11505 = CARTESIAN_POINT('',(19.729513735544,-5.866427022837,0.));
#11506 = CARTESIAN_POINT('',(19.565629342023,-5.72955126345,0.));
#11507 = CARTESIAN_POINT('',(19.408359815356,-5.605051236435,0.));
#11508 = CARTESIAN_POINT('',(19.258234971044,-5.492478998297,0.));
#11509 = CARTESIAN_POINT('',(19.115765229016,-5.391368855817,0.));
#11510 = CARTESIAN_POINT('',(18.981441426737,-5.301236408342,0.));
#11511 = CARTESIAN_POINT('',(18.855734103545,-5.221579661435,0.));
#11512 = CARTESIAN_POINT('',(18.739092939403,-5.151879675518,0.));
#11513 = CARTESIAN_POINT('',(18.631946197843,-5.09160130836,0.));
#11514 = CARTESIAN_POINT('',(18.534700162976,-5.040194092291,0.));
#11515 = CARTESIAN_POINT('',(18.447738721919,-4.997092678888,0.));
#11516 = CARTESIAN_POINT('',(18.371422594114,-4.961718723202,0.));
#11517 = CARTESIAN_POINT('',(18.306089728976,-4.933478498676,0.));
#11518 = CARTESIAN_POINT('',(18.252052380887,-4.911773097426,0.));
#11519 = CARTESIAN_POINT('',(18.209603507506,-4.8959737572,0.));
#11520 = CARTESIAN_POINT('',(18.178998884517,-4.885488434094,0.));
#11521 = CARTESIAN_POINT('',(18.160495395552,-4.879617631074,0.));
#11522 = CARTESIAN_POINT('',(18.152205212276,-4.877233011926,0.));
#11523 = CARTESIAN_POINT('',(18.1501283279,-4.876651546355,0.));
#11524 = SURFACE_OF_LINEAR_EXTRUSION('',#11525,#11548);
#11525 = B_SPLINE_CURVE_WITH_KNOTS('',3,(#11526,#11527,#11528,#11529,
    #11530,#11531,#11532,#11533,#11534,#11535,#11536,#11537,#11538,
    #11539,#11540,#11541,#11542,#11543,#11544,#11545,#11546,#11547),
  .UNSPECIFIED.,.F.,.F.,(4,1,1,1,1,1,1,1,1,1,1,1,1,1,1,1,1,1,1,4),(0.,
    0.239379417168,0.465819406568,0.67931996821,0.879881102108,
    1.067502808279,1.242185086743,1.403927937526,1.55273136066,
    1.688595356185,1.811519924156,1.921505064645,2.018550777754,
    2.102657063634,2.173823922514,2.232051354779,2.277339361144,
    2.309687943179,2.329097105599,2.335566881401),.UNSPECIFIED.);
#11526 = CARTESIAN_POINT('',(20.07105484803,-6.176791828074,0.));
#11527 = CARTESIAN_POINT('',(20.013271837289,-6.121764308537,0.));
#11528 = CARTESIAN_POINT('',(19.89946626247,-6.016101261541,0.));
#11529 = CARTESIAN_POINT('',(19.729513735544,-5.866427022837,0.));
#11530 = CARTESIAN_POINT('',(19.565629342023,-5.72955126345,0.));
#11531 = CARTESIAN_POINT('',(19.408359815356,-5.605051236435,0.));
#11532 = CARTESIAN_POINT('',(19.258234971044,-5.492478998297,0.));
#11533 = CARTESIAN_POINT('',(19.115765229016,-5.391368855817,0.));
#11534 = CARTESIAN_POINT('',(18.981441426737,-5.301236408342,0.));
#11535 = CARTESIAN_POINT('',(18.855734103545,-5.221579661435,0.));
#11536 = CARTESIAN_POINT('',(18.739092939403,-5.151879675518,0.));
#11537 = CARTESIAN_POINT('',(18.631946197843,-5.09160130836,0.));
#11538 = CARTESIAN_POINT('',(18.534700162976,-5.040194092291,0.));
#11539 = CARTESIAN_POINT('',(18.447738721919,-4.997092678888,0.));
#11540 = CARTESIAN_POINT('',(18.371422594114,-4.961718723202,0.));
#11541 = CARTESIAN_POINT('',(18.306089728976,-4.933478498676,0.));
#11542 = CARTESIAN_POINT('',(18.252052380887,-4.911773097426,0.));
#11543 = CARTESIAN_POINT('',(18.209603507506,-4.8959737572,0.));
#11544 = CARTESIAN_POINT('',(18.178998884517,-4.885488434094,0.));
#11545 = CARTESIAN_POINT('',(18.160495395552,-4.879617631074,0.));
#11546 = CARTESIAN_POINT('',(18.152205212276,-4.877233011926,0.));
#11547 = CARTESIAN_POINT('',(18.1501283279,-4.876651546355,0.));
#11548 = VECTOR('',#11549,1.);
#11549 = DIRECTION('',(-0.,-0.,-1.));
#11550 = ADVANCED_FACE('',(#11551),#11574,.F.);
#11551 = FACE_BOUND('',#11552,.F.);
#11552 = EDGE_LOOP('',(#11553,#11554,#11561,#11569));
#11553 = ORIENTED_EDGE('',*,*,#11492,.T.);
#11554 = ORIENTED_EDGE('',*,*,#11555,.T.);
#11555 = EDGE_CURVE('',#11466,#11556,#11558,.T.);
#11556 = VERTEX_POINT('',#11557);
#11557 = CARTESIAN_POINT('',(18.107777938253,-4.865272668507,10.));
#11558 = B_SPLINE_CURVE_WITH_KNOTS('',1,(#11559,#11560),.UNSPECIFIED.,
  .F.,.F.,(2,2),(0.,4.385241571817E-02),.PIECEWISE_BEZIER_KNOTS.);
#11559 = CARTESIAN_POINT('',(18.1501283279,-4.876651546355,10.));
#11560 = CARTESIAN_POINT('',(18.107777938253,-4.865272668507,10.));
#11561 = ORIENTED_EDGE('',*,*,#11562,.F.);
#11562 = EDGE_CURVE('',#11563,#11556,#11565,.T.);
#11563 = VERTEX_POINT('',#11564);
#11564 = CARTESIAN_POINT('',(18.107777938253,-4.865272668507,0.));
#11565 = LINE('',#11566,#11567);
#11566 = CARTESIAN_POINT('',(18.107777938253,-4.865272668507,0.));
#11567 = VECTOR('',#11568,1.);
#11568 = DIRECTION('',(0.,0.,1.));
#11569 = ORIENTED_EDGE('',*,*,#11570,.F.);
#11570 = EDGE_CURVE('',#11493,#11563,#11571,.T.);
#11571 = B_SPLINE_CURVE_WITH_KNOTS('',1,(#11572,#11573),.UNSPECIFIED.,
  .F.,.F.,(2,2),(0.,4.385241571817E-02),.PIECEWISE_BEZIER_KNOTS.);
#11572 = CARTESIAN_POINT('',(18.1501283279,-4.876651546355,0.));
#11573 = CARTESIAN_POINT('',(18.107777938253,-4.865272668507,0.));
#11574 = SURFACE_OF_LINEAR_EXTRUSION('',#11575,#11578);
#11575 = B_SPLINE_CURVE_WITH_KNOTS('',1,(#11576,#11577),.UNSPECIFIED.,
  .F.,.F.,(2,2),(0.,4.385241571817E-02),.PIECEWISE_BEZIER_KNOTS.);
#11576 = CARTESIAN_POINT('',(18.1501283279,-4.876651546355,0.));
#11577 = CARTESIAN_POINT('',(18.107777938253,-4.865272668507,0.));
#11578 = VECTOR('',#11579,1.);
#11579 = DIRECTION('',(-0.,-0.,-1.));
#11580 = ADVANCED_FACE('',(#11581),#11604,.F.);
#11581 = FACE_BOUND('',#11582,.F.);
#11582 = EDGE_LOOP('',(#11583,#11584,#11591,#11599));
#11583 = ORIENTED_EDGE('',*,*,#11562,.T.);
#11584 = ORIENTED_EDGE('',*,*,#11585,.T.);
#11585 = EDGE_CURVE('',#11556,#11586,#11588,.T.);
#11586 = VERTEX_POINT('',#11587);
#11587 = CARTESIAN_POINT('',(18.342935851682,-3.885769465765,10.));
#11588 = B_SPLINE_CURVE_WITH_KNOTS('',1,(#11589,#11590),.UNSPECIFIED.,
  .F.,.F.,(2,2),(0.,1.007335975944),.PIECEWISE_BEZIER_KNOTS.);
#11589 = CARTESIAN_POINT('',(18.107777938253,-4.865272668507,10.));
#11590 = CARTESIAN_POINT('',(18.342935851682,-3.885769465765,10.));
#11591 = ORIENTED_EDGE('',*,*,#11592,.F.);
#11592 = EDGE_CURVE('',#11593,#11586,#11595,.T.);
#11593 = VERTEX_POINT('',#11594);
#11594 = CARTESIAN_POINT('',(18.342935851682,-3.885769465765,0.));
#11595 = LINE('',#11596,#11597);
#11596 = CARTESIAN_POINT('',(18.342935851682,-3.885769465765,0.));
#11597 = VECTOR('',#11598,1.);
#11598 = DIRECTION('',(0.,0.,1.));
#11599 = ORIENTED_EDGE('',*,*,#11600,.F.);
#11600 = EDGE_CURVE('',#11563,#11593,#11601,.T.);
#11601 = B_SPLINE_CURVE_WITH_KNOTS('',1,(#11602,#11603),.UNSPECIFIED.,
  .F.,.F.,(2,2),(0.,1.007335975944),.PIECEWISE_BEZIER_KNOTS.);
#11602 = CARTESIAN_POINT('',(18.107777938253,-4.865272668507,0.));
#11603 = CARTESIAN_POINT('',(18.342935851682,-3.885769465765,0.));
#11604 = SURFACE_OF_LINEAR_EXTRUSION('',#11605,#11608);
#11605 = B_SPLINE_CURVE_WITH_KNOTS('',1,(#11606,#11607),.UNSPECIFIED.,
  .F.,.F.,(2,2),(0.,1.007335975944),.PIECEWISE_BEZIER_KNOTS.);
#11606 = CARTESIAN_POINT('',(18.107777938253,-4.865272668507,0.));
#11607 = CARTESIAN_POINT('',(18.342935851682,-3.885769465765,0.));
#11608 = VECTOR('',#11609,1.);
#11609 = DIRECTION('',(-0.,-0.,-1.));
#11610 = ADVANCED_FACE('',(#11611),#11634,.F.);
#11611 = FACE_BOUND('',#11612,.F.);
#11612 = EDGE_LOOP('',(#11613,#11614,#11621,#11629));
#11613 = ORIENTED_EDGE('',*,*,#11592,.T.);
#11614 = ORIENTED_EDGE('',*,*,#11615,.T.);
#11615 = EDGE_CURVE('',#11586,#11616,#11618,.T.);
#11616 = VERTEX_POINT('',#11617);
#11617 = CARTESIAN_POINT('',(18.3858362276,-3.894857485925,10.));
#11618 = B_SPLINE_CURVE_WITH_KNOTS('',1,(#11619,#11620),.UNSPECIFIED.,
  .F.,.F.,(2,2),(0.,4.385241571817E-02),.PIECEWISE_BEZIER_KNOTS.);
#11619 = CARTESIAN_POINT('',(18.342935851682,-3.885769465765,10.));
#11620 = CARTESIAN_POINT('',(18.3858362276,-3.894857485925,10.));
#11621 = ORIENTED_EDGE('',*,*,#11622,.F.);
#11622 = EDGE_CURVE('',#11623,#11616,#11625,.T.);
#11623 = VERTEX_POINT('',#11624);
#11624 = CARTESIAN_POINT('',(18.3858362276,-3.894857485925,0.));
#11625 = LINE('',#11626,#11627);
#11626 = CARTESIAN_POINT('',(18.3858362276,-3.894857485925,0.));
#11627 = VECTOR('',#11628,1.);
#11628 = DIRECTION('',(0.,0.,1.));
#11629 = ORIENTED_EDGE('',*,*,#11630,.F.);
#11630 = EDGE_CURVE('',#11593,#11623,#11631,.T.);
#11631 = B_SPLINE_CURVE_WITH_KNOTS('',1,(#11632,#11633),.UNSPECIFIED.,
  .F.,.F.,(2,2),(0.,4.385241571817E-02),.PIECEWISE_BEZIER_KNOTS.);
#11632 = CARTESIAN_POINT('',(18.342935851682,-3.885769465765,0.));
#11633 = CARTESIAN_POINT('',(18.3858362276,-3.894857485925,0.));
#11634 = SURFACE_OF_LINEAR_EXTRUSION('',#11635,#11638);
#11635 = B_SPLINE_CURVE_WITH_KNOTS('',1,(#11636,#11637),.UNSPECIFIED.,
  .F.,.F.,(2,2),(0.,4.385241571817E-02),.PIECEWISE_BEZIER_KNOTS.);
#11636 = CARTESIAN_POINT('',(18.342935851682,-3.885769465765,0.));
#11637 = CARTESIAN_POINT('',(18.3858362276,-3.894857485925,0.));
#11638 = VECTOR('',#11639,1.);
#11639 = DIRECTION('',(-0.,-0.,-1.));
#11640 = ADVANCED_FACE('',(#11641),#11704,.F.);
#11641 = FACE_BOUND('',#11642,.F.);
#11642 = EDGE_LOOP('',(#11643,#11644,#11671,#11679));
#11643 = ORIENTED_EDGE('',*,*,#11622,.T.);
#11644 = ORIENTED_EDGE('',*,*,#11645,.T.);
#11645 = EDGE_CURVE('',#11616,#11646,#11648,.T.);
#11646 = VERTEX_POINT('',#11647);
#11647 = CARTESIAN_POINT('',(20.687645625752,-3.608506403389,10.));
#11648 = B_SPLINE_CURVE_WITH_KNOTS('',3,(#11649,#11650,#11651,#11652,
    #11653,#11654,#11655,#11656,#11657,#11658,#11659,#11660,#11661,
    #11662,#11663,#11664,#11665,#11666,#11667,#11668,#11669,#11670),
  .UNSPECIFIED.,.F.,.F.,(4,1,1,1,1,1,1,1,1,1,1,1,1,1,1,1,1,1,1,4),(0.,
    6.469775801205E-03,2.587893822125E-02,5.822752025674E-02,
    0.103515526622,0.161742958887,0.232909817767,0.317016103646,
    0.414061816756,0.524046957245,0.646971525216,0.782835520741,
    0.931638943874,1.093381794658,1.268064073122,1.455685779293,
    1.656246913191,1.869747474833,2.096187464232,2.335566881401),
  .UNSPECIFIED.);
#11649 = CARTESIAN_POINT('',(18.3858362276,-3.894857485925,10.));
#11650 = CARTESIAN_POINT('',(18.387950724974,-3.895282282084,10.));
#11651 = CARTESIAN_POINT('',(18.396419926799,-3.896921235313,10.));
#11652 = CARTESIAN_POINT('',(18.415571944984,-3.900090719722,10.));
#11653 = CARTESIAN_POINT('',(18.447601100814,-3.904642436512,10.));
#11654 = CARTESIAN_POINT('',(18.492596074305,-3.909836506532,10.));
#11655 = CARTESIAN_POINT('',(18.550597749964,-3.915029295071,10.));
#11656 = CARTESIAN_POINT('',(18.621630552691,-3.919527570868,10.));
#11657 = CARTESIAN_POINT('',(18.705688160285,-3.922655942565,10.));
#11658 = CARTESIAN_POINT('',(18.80273900383,-3.923731970105,10.));
#11659 = CARTESIAN_POINT('',(18.912724243061,-3.922076581165,10.));
#11660 = CARTESIAN_POINT('',(19.035558494866,-3.917011765505,10.));
#11661 = CARTESIAN_POINT('',(19.171129664545,-3.907862603717,10.));
#11662 = CARTESIAN_POINT('',(19.319299115983,-3.893957853004,10.));
#11663 = CARTESIAN_POINT('',(19.479901775039,-3.874630984386,10.));
#11664 = CARTESIAN_POINT('',(19.652746288799,-3.849221097156,10.));
#11665 = CARTESIAN_POINT('',(19.837615231172,-3.817073751625,10.));
#11666 = CARTESIAN_POINT('',(20.03426523497,-3.777542286298,10.));
#11667 = CARTESIAN_POINT('',(20.242427593217,-3.729987049395,10.));
#11668 = CARTESIAN_POINT('',(20.461807085938,-3.673783158838,10.));
#11669 = CARTESIAN_POINT('',(20.6111786151,-3.631303344384,10.));
#11670 = CARTESIAN_POINT('',(20.687645625752,-3.608506403389,10.));
#11671 = ORIENTED_EDGE('',*,*,#11672,.F.);
#11672 = EDGE_CURVE('',#11673,#11646,#11675,.T.);
#11673 = VERTEX_POINT('',#11674);
#11674 = CARTESIAN_POINT('',(20.687645625752,-3.608506403389,0.));
#11675 = LINE('',#11676,#11677);
#11676 = CARTESIAN_POINT('',(20.687645625752,-3.608506403389,0.));
#11677 = VECTOR('',#11678,1.);
#11678 = DIRECTION('',(0.,0.,1.));
#11679 = ORIENTED_EDGE('',*,*,#11680,.F.);
#11680 = EDGE_CURVE('',#11623,#11673,#11681,.T.);
#11681 = B_SPLINE_CURVE_WITH_KNOTS('',3,(#11682,#11683,#11684,#11685,
    #11686,#11687,#11688,#11689,#11690,#11691,#11692,#11693,#11694,
    #11695,#11696,#11697,#11698,#11699,#11700,#11701,#11702,#11703),
  .UNSPECIFIED.,.F.,.F.,(4,1,1,1,1,1,1,1,1,1,1,1,1,1,1,1,1,1,1,4),(0.,
    6.469775801205E-03,2.587893822125E-02,5.822752025674E-02,
    0.103515526622,0.161742958887,0.232909817767,0.317016103646,
    0.414061816756,0.524046957245,0.646971525216,0.782835520741,
    0.931638943874,1.093381794658,1.268064073122,1.455685779293,
    1.656246913191,1.869747474833,2.096187464232,2.335566881401),
  .UNSPECIFIED.);
#11682 = CARTESIAN_POINT('',(18.3858362276,-3.894857485925,0.));
#11683 = CARTESIAN_POINT('',(18.387950724974,-3.895282282084,0.));
#11684 = CARTESIAN_POINT('',(18.396419926799,-3.896921235313,0.));
#11685 = CARTESIAN_POINT('',(18.415571944984,-3.900090719722,0.));
#11686 = CARTESIAN_POINT('',(18.447601100814,-3.904642436512,0.));
#11687 = CARTESIAN_POINT('',(18.492596074305,-3.909836506532,0.));
#11688 = CARTESIAN_POINT('',(18.550597749964,-3.915029295071,0.));
#11689 = CARTESIAN_POINT('',(18.621630552691,-3.919527570868,0.));
#11690 = CARTESIAN_POINT('',(18.705688160285,-3.922655942565,0.));
#11691 = CARTESIAN_POINT('',(18.80273900383,-3.923731970105,0.));
#11692 = CARTESIAN_POINT('',(18.912724243061,-3.922076581165,0.));
#11693 = CARTESIAN_POINT('',(19.035558494866,-3.917011765505,0.));
#11694 = CARTESIAN_POINT('',(19.171129664545,-3.907862603717,0.));
#11695 = CARTESIAN_POINT('',(19.319299115983,-3.893957853004,0.));
#11696 = CARTESIAN_POINT('',(19.479901775039,-3.874630984386,0.));
#11697 = CARTESIAN_POINT('',(19.652746288799,-3.849221097156,0.));
#11698 = CARTESIAN_POINT('',(19.837615231172,-3.817073751625,0.));
#11699 = CARTESIAN_POINT('',(20.03426523497,-3.777542286298,0.));
#11700 = CARTESIAN_POINT('',(20.242427593217,-3.729987049395,0.));
#11701 = CARTESIAN_POINT('',(20.461807085938,-3.673783158838,0.));
#11702 = CARTESIAN_POINT('',(20.6111786151,-3.631303344384,0.));
#11703 = CARTESIAN_POINT('',(20.687645625752,-3.608506403389,0.));
#11704 = SURFACE_OF_LINEAR_EXTRUSION('',#11705,#11728);
#11705 = B_SPLINE_CURVE_WITH_KNOTS('',3,(#11706,#11707,#11708,#11709,
    #11710,#11711,#11712,#11713,#11714,#11715,#11716,#11717,#11718,
    #11719,#11720,#11721,#11722,#11723,#11724,#11725,#11726,#11727),
  .UNSPECIFIED.,.F.,.F.,(4,1,1,1,1,1,1,1,1,1,1,1,1,1,1,1,1,1,1,4),(0.,
    6.469775801205E-03,2.587893822125E-02,5.822752025674E-02,
    0.103515526622,0.161742958887,0.232909817767,0.317016103646,
    0.414061816756,0.524046957245,0.646971525216,0.782835520741,
    0.931638943874,1.093381794658,1.268064073122,1.455685779293,
    1.656246913191,1.869747474833,2.096187464232,2.335566881401),
  .UNSPECIFIED.);
#11706 = CARTESIAN_POINT('',(18.3858362276,-3.894857485925,0.));
#11707 = CARTESIAN_POINT('',(18.387950724974,-3.895282282084,0.));
#11708 = CARTESIAN_POINT('',(18.396419926799,-3.896921235313,0.));
#11709 = CARTESIAN_POINT('',(18.415571944984,-3.900090719722,0.));
#11710 = CARTESIAN_POINT('',(18.447601100814,-3.904642436512,0.));
#11711 = CARTESIAN_POINT('',(18.492596074305,-3.909836506532,0.));
#11712 = CARTESIAN_POINT('',(18.550597749964,-3.915029295071,0.));
#11713 = CARTESIAN_POINT('',(18.621630552691,-3.919527570868,0.));
#11714 = CARTESIAN_POINT('',(18.705688160285,-3.922655942565,0.));
#11715 = CARTESIAN_POINT('',(18.80273900383,-3.923731970105,0.));
#11716 = CARTESIAN_POINT('',(18.912724243061,-3.922076581165,0.));
#11717 = CARTESIAN_POINT('',(19.035558494866,-3.917011765505,0.));
#11718 = CARTESIAN_POINT('',(19.171129664545,-3.907862603717,0.));
#11719 = CARTESIAN_POINT('',(19.319299115983,-3.893957853004,0.));
#11720 = CARTESIAN_POINT('',(19.479901775039,-3.874630984386,0.));
#11721 = CARTESIAN_POINT('',(19.652746288799,-3.849221097156,0.));
#11722 = CARTESIAN_POINT('',(19.837615231172,-3.817073751625,0.));
#11723 = CARTESIAN_POINT('',(20.03426523497,-3.777542286298,0.));
#11724 = CARTESIAN_POINT('',(20.242427593217,-3.729987049395,0.));
#11725 = CARTESIAN_POINT('',(20.461807085938,-3.673783158838,0.));
#11726 = CARTESIAN_POINT('',(20.6111786151,-3.631303344384,0.));
#11727 = CARTESIAN_POINT('',(20.687645625752,-3.608506403389,0.));
#11728 = VECTOR('',#11729,1.);
#11729 = DIRECTION('',(-0.,-0.,-1.));
#11730 = ADVANCED_FACE('',(#11731),#11754,.F.);
#11731 = FACE_BOUND('',#11732,.F.);
#11732 = EDGE_LOOP('',(#11733,#11734,#11741,#11749));
#11733 = ORIENTED_EDGE('',*,*,#11672,.T.);
#11734 = ORIENTED_EDGE('',*,*,#11735,.T.);
#11735 = EDGE_CURVE('',#11646,#11736,#11738,.T.);
#11736 = VERTEX_POINT('',#11737);
#11737 = CARTESIAN_POINT('',(20.790209982135,-2.960940542928,10.));
#11738 = B_SPLINE_CURVE_WITH_KNOTS('',1,(#11739,#11740),.UNSPECIFIED.,
  .F.,.F.,(2,2),(0.,0.655637850368),.PIECEWISE_BEZIER_KNOTS.);
#11739 = CARTESIAN_POINT('',(20.687645625752,-3.608506403389,10.));
#11740 = CARTESIAN_POINT('',(20.790209982135,-2.960940542928,10.));
#11741 = ORIENTED_EDGE('',*,*,#11742,.F.);
#11742 = EDGE_CURVE('',#11743,#11736,#11745,.T.);
#11743 = VERTEX_POINT('',#11744);
#11744 = CARTESIAN_POINT('',(20.790209982135,-2.960940542928,0.));
#11745 = LINE('',#11746,#11747);
#11746 = CARTESIAN_POINT('',(20.790209982135,-2.960940542928,0.));
#11747 = VECTOR('',#11748,1.);
#11748 = DIRECTION('',(0.,0.,1.));
#11749 = ORIENTED_EDGE('',*,*,#11750,.F.);
#11750 = EDGE_CURVE('',#11673,#11743,#11751,.T.);
#11751 = B_SPLINE_CURVE_WITH_KNOTS('',1,(#11752,#11753),.UNSPECIFIED.,
  .F.,.F.,(2,2),(0.,0.655637850368),.PIECEWISE_BEZIER_KNOTS.);
#11752 = CARTESIAN_POINT('',(20.687645625752,-3.608506403389,0.));
#11753 = CARTESIAN_POINT('',(20.790209982135,-2.960940542928,0.));
#11754 = SURFACE_OF_LINEAR_EXTRUSION('',#11755,#11758);
#11755 = B_SPLINE_CURVE_WITH_KNOTS('',1,(#11756,#11757),.UNSPECIFIED.,
  .F.,.F.,(2,2),(0.,0.655637850368),.PIECEWISE_BEZIER_KNOTS.);
#11756 = CARTESIAN_POINT('',(20.687645625752,-3.608506403389,0.));
#11757 = CARTESIAN_POINT('',(20.790209982135,-2.960940542928,0.));
#11758 = VECTOR('',#11759,1.);
#11759 = DIRECTION('',(-0.,-0.,-1.));
#11760 = ADVANCED_FACE('',(#11761),#11824,.F.);
#11761 = FACE_BOUND('',#11762,.F.);
#11762 = EDGE_LOOP('',(#11763,#11764,#11791,#11799));
#11763 = ORIENTED_EDGE('',*,*,#11742,.T.);
#11764 = ORIENTED_EDGE('',*,*,#11765,.T.);
#11765 = EDGE_CURVE('',#11736,#11766,#11768,.T.);
#11766 = VERTEX_POINT('',#11767);
#11767 = CARTESIAN_POINT('',(18.689546505614,-1.977306258093,10.));
#11768 = B_SPLINE_CURVE_WITH_KNOTS('',3,(#11769,#11770,#11771,#11772,
    #11773,#11774,#11775,#11776,#11777,#11778,#11779,#11780,#11781,
    #11782,#11783,#11784,#11785,#11786,#11787,#11788,#11789,#11790),
  .UNSPECIFIED.,.F.,.F.,(4,1,1,1,1,1,1,1,1,1,1,1,1,1,1,1,1,1,1,4),(0.,
    0.239379417168,0.465819406568,0.67931996821,0.879881102108,
    1.067502808279,1.242185086743,1.403927937526,1.55273136066,
    1.688595356185,1.811519924156,1.921505064645,2.018550777754,
    2.102657063634,2.173823922514,2.232051354779,2.277339361144,
    2.309687943179,2.329097105599,2.335566881401),.UNSPECIFIED.);
#11769 = CARTESIAN_POINT('',(20.790209982135,-2.960940542928,10.));
#11770 = CARTESIAN_POINT('',(20.724530175559,-2.915629757843,10.));
#11771 = CARTESIAN_POINT('',(20.595596393985,-2.829070712508,10.));
#11772 = CARTESIAN_POINT('',(20.404322055224,-2.707825644685,10.));
#11773 = CARTESIAN_POINT('',(20.22104326434,-2.598272220457,10.));
#11774 = CARTESIAN_POINT('',(20.046233891397,-2.499907369641,10.));
#11775 = CARTESIAN_POINT('',(19.880347155185,-2.412205782267,10.));
#11776 = CARTESIAN_POINT('',(19.723814341047,-2.334627651303,10.));
#11777 = CARTESIAN_POINT('',(19.577044466469,-2.266617755974,10.));
#11778 = CARTESIAN_POINT('',(19.440423748436,-2.207606673659,10.));
#11779 = CARTESIAN_POINT('',(19.314315150568,-2.157011508344,10.));
#11780 = CARTESIAN_POINT('',(19.199057949077,-2.114236711108,10.));
#11781 = CARTESIAN_POINT('',(19.094967313925,-2.078675034616,10.));
#11782 = CARTESIAN_POINT('',(19.002333965963,-2.049708037646,10.));
#11783 = CARTESIAN_POINT('',(18.921423710497,-2.026708066681,10.));
#11784 = CARTESIAN_POINT('',(18.852477456926,-2.009035837989,10.));
#11785 = CARTESIAN_POINT('',(18.795709925428,-1.996050969886,10.));
#11786 = CARTESIAN_POINT('',(18.751312106783,-1.987086612555,10.));
#11787 = CARTESIAN_POINT('',(18.719444011577,-1.981517999,10.));
#11788 = CARTESIAN_POINT('',(18.700249935336,-1.978614058706,10.));
#11789 = CARTESIAN_POINT('',(18.691688781353,-1.977555668562,10.));
#11790 = CARTESIAN_POINT('',(18.689546505614,-1.977306258093,10.));
#11791 = ORIENTED_EDGE('',*,*,#11792,.F.);
#11792 = EDGE_CURVE('',#11793,#11766,#11795,.T.);
#11793 = VERTEX_POINT('',#11794);
#11794 = CARTESIAN_POINT('',(18.689546505614,-1.977306258093,0.));
#11795 = LINE('',#11796,#11797);
#11796 = CARTESIAN_POINT('',(18.689546505614,-1.977306258093,0.));
#11797 = VECTOR('',#11798,1.);
#11798 = DIRECTION('',(0.,0.,1.));
#11799 = ORIENTED_EDGE('',*,*,#11800,.F.);
#11800 = EDGE_CURVE('',#11743,#11793,#11801,.T.);
#11801 = B_SPLINE_CURVE_WITH_KNOTS('',3,(#11802,#11803,#11804,#11805,
    #11806,#11807,#11808,#11809,#11810,#11811,#11812,#11813,#11814,
    #11815,#11816,#11817,#11818,#11819,#11820,#11821,#11822,#11823),
  .UNSPECIFIED.,.F.,.F.,(4,1,1,1,1,1,1,1,1,1,1,1,1,1,1,1,1,1,1,4),(0.,
    0.239379417168,0.465819406568,0.67931996821,0.879881102108,
    1.067502808279,1.242185086743,1.403927937526,1.55273136066,
    1.688595356185,1.811519924156,1.921505064645,2.018550777754,
    2.102657063634,2.173823922514,2.232051354779,2.277339361144,
    2.309687943179,2.329097105599,2.335566881401),.UNSPECIFIED.);
#11802 = CARTESIAN_POINT('',(20.790209982135,-2.960940542928,0.));
#11803 = CARTESIAN_POINT('',(20.724530175559,-2.915629757843,0.));
#11804 = CARTESIAN_POINT('',(20.595596393985,-2.829070712508,0.));
#11805 = CARTESIAN_POINT('',(20.404322055224,-2.707825644685,0.));
#11806 = CARTESIAN_POINT('',(20.22104326434,-2.598272220457,0.));
#11807 = CARTESIAN_POINT('',(20.046233891397,-2.499907369641,0.));
#11808 = CARTESIAN_POINT('',(19.880347155185,-2.412205782267,0.));
#11809 = CARTESIAN_POINT('',(19.723814341047,-2.334627651303,0.));
#11810 = CARTESIAN_POINT('',(19.577044466469,-2.266617755974,0.));
#11811 = CARTESIAN_POINT('',(19.440423748436,-2.207606673659,0.));
#11812 = CARTESIAN_POINT('',(19.314315150568,-2.157011508344,0.));
#11813 = CARTESIAN_POINT('',(19.199057949077,-2.114236711108,0.));
#11814 = CARTESIAN_POINT('',(19.094967313925,-2.078675034616,0.));
#11815 = CARTESIAN_POINT('',(19.002333965963,-2.049708037646,0.));
#11816 = CARTESIAN_POINT('',(18.921423710497,-2.026708066681,0.));
#11817 = CARTESIAN_POINT('',(18.852477456926,-2.009035837989,0.));
#11818 = CARTESIAN_POINT('',(18.795709925428,-1.996050969886,0.));
#11819 = CARTESIAN_POINT('',(18.751312106783,-1.987086612555,0.));
#11820 = CARTESIAN_POINT('',(18.719444011577,-1.981517999,0.));
#11821 = CARTESIAN_POINT('',(18.700249935336,-1.978614058706,0.));
#11822 = CARTESIAN_POINT('',(18.691688781353,-1.977555668562,0.));
#11823 = CARTESIAN_POINT('',(18.689546505614,-1.977306258093,0.));
#11824 = SURFACE_OF_LINEAR_EXTRUSION('',#11825,#11848);
#11825 = B_SPLINE_CURVE_WITH_KNOTS('',3,(#11826,#11827,#11828,#11829,
    #11830,#11831,#11832,#11833,#11834,#11835,#11836,#11837,#11838,
    #11839,#11840,#11841,#11842,#11843,#11844,#11845,#11846,#11847),
  .UNSPECIFIED.,.F.,.F.,(4,1,1,1,1,1,1,1,1,1,1,1,1,1,1,1,1,1,1,4),(0.,
    0.239379417168,0.465819406568,0.67931996821,0.879881102108,
    1.067502808279,1.242185086743,1.403927937526,1.55273136066,
    1.688595356185,1.811519924156,1.921505064645,2.018550777754,
    2.102657063634,2.173823922514,2.232051354779,2.277339361144,
    2.309687943179,2.329097105599,2.335566881401),.UNSPECIFIED.);
#11826 = CARTESIAN_POINT('',(20.790209982135,-2.960940542928,0.));
#11827 = CARTESIAN_POINT('',(20.724530175559,-2.915629757843,0.));
#11828 = CARTESIAN_POINT('',(20.595596393985,-2.829070712508,0.));
#11829 = CARTESIAN_POINT('',(20.404322055224,-2.707825644685,0.));
#11830 = CARTESIAN_POINT('',(20.22104326434,-2.598272220457,0.));
#11831 = CARTESIAN_POINT('',(20.046233891397,-2.499907369641,0.));
#11832 = CARTESIAN_POINT('',(19.880347155185,-2.412205782267,0.));
#11833 = CARTESIAN_POINT('',(19.723814341047,-2.334627651303,0.));
#11834 = CARTESIAN_POINT('',(19.577044466469,-2.266617755974,0.));
#11835 = CARTESIAN_POINT('',(19.440423748436,-2.207606673659,0.));
#11836 = CARTESIAN_POINT('',(19.314315150568,-2.157011508344,0.));
#11837 = CARTESIAN_POINT('',(19.199057949077,-2.114236711108,0.));
#11838 = CARTESIAN_POINT('',(19.094967313925,-2.078675034616,0.));
#11839 = CARTESIAN_POINT('',(19.002333965963,-2.049708037646,0.));
#11840 = CARTESIAN_POINT('',(18.921423710497,-2.026708066681,0.));
#11841 = CARTESIAN_POINT('',(18.852477456926,-2.009035837989,0.));
#11842 = CARTESIAN_POINT('',(18.795709925428,-1.996050969886,0.));
#11843 = CARTESIAN_POINT('',(18.751312106783,-1.987086612555,0.));
#11844 = CARTESIAN_POINT('',(18.719444011577,-1.981517999,0.));
#11845 = CARTESIAN_POINT('',(18.700249935336,-1.978614058706,0.));
#11846 = CARTESIAN_POINT('',(18.691688781353,-1.977555668562,0.));
#11847 = CARTESIAN_POINT('',(18.689546505614,-1.977306258093,0.));
#11848 = VECTOR('',#11849,1.);
#11849 = DIRECTION('',(-0.,-0.,-1.));
#11850 = ADVANCED_FACE('',(#11851),#11874,.F.);
#11851 = FACE_BOUND('',#11852,.F.);
#11852 = EDGE_LOOP('',(#11853,#11854,#11861,#11869));
#11853 = ORIENTED_EDGE('',*,*,#11792,.T.);
#11854 = ORIENTED_EDGE('',*,*,#11855,.T.);
#11855 = EDGE_CURVE('',#11766,#11856,#11858,.T.);
#11856 = VERTEX_POINT('',#11857);
#11857 = CARTESIAN_POINT('',(18.645937470871,-1.972692533663,10.));
#11858 = B_SPLINE_CURVE_WITH_KNOTS('',1,(#11859,#11860),.UNSPECIFIED.,
  .F.,.F.,(2,2),(0.,4.385241571817E-02),.PIECEWISE_BEZIER_KNOTS.);
#11859 = CARTESIAN_POINT('',(18.689546505614,-1.977306258093,10.));
#11860 = CARTESIAN_POINT('',(18.645937470871,-1.972692533663,10.));
#11861 = ORIENTED_EDGE('',*,*,#11862,.F.);
#11862 = EDGE_CURVE('',#11863,#11856,#11865,.T.);
#11863 = VERTEX_POINT('',#11864);
#11864 = CARTESIAN_POINT('',(18.645937470871,-1.972692533663,0.));
#11865 = LINE('',#11866,#11867);
#11866 = CARTESIAN_POINT('',(18.645937470871,-1.972692533663,0.));
#11867 = VECTOR('',#11868,1.);
#11868 = DIRECTION('',(0.,0.,1.));
#11869 = ORIENTED_EDGE('',*,*,#11870,.F.);
#11870 = EDGE_CURVE('',#11793,#11863,#11871,.T.);
#11871 = B_SPLINE_CURVE_WITH_KNOTS('',1,(#11872,#11873),.UNSPECIFIED.,
  .F.,.F.,(2,2),(0.,4.385241571817E-02),.PIECEWISE_BEZIER_KNOTS.);
#11872 = CARTESIAN_POINT('',(18.689546505614,-1.977306258093,0.));
#11873 = CARTESIAN_POINT('',(18.645937470871,-1.972692533663,0.));
#11874 = SURFACE_OF_LINEAR_EXTRUSION('',#11875,#11878);
#11875 = B_SPLINE_CURVE_WITH_KNOTS('',1,(#11876,#11877),.UNSPECIFIED.,
  .F.,.F.,(2,2),(0.,4.385241571817E-02),.PIECEWISE_BEZIER_KNOTS.);
#11876 = CARTESIAN_POINT('',(18.689546505614,-1.977306258093,0.));
#11877 = CARTESIAN_POINT('',(18.645937470871,-1.972692533663,0.));
#11878 = VECTOR('',#11879,1.);
#11879 = DIRECTION('',(-0.,-0.,-1.));
#11880 = ADVANCED_FACE('',(#11881),#11904,.F.);
#11881 = FACE_BOUND('',#11882,.F.);
#11882 = EDGE_LOOP('',(#11883,#11884,#11891,#11899));
#11883 = ORIENTED_EDGE('',*,*,#11862,.T.);
#11884 = ORIENTED_EDGE('',*,*,#11885,.T.);
#11885 = EDGE_CURVE('',#11856,#11886,#11888,.T.);
#11886 = VERTEX_POINT('',#11887);
#11887 = CARTESIAN_POINT('',(18.724972140638,-0.968461838352,10.));
#11888 = B_SPLINE_CURVE_WITH_KNOTS('',1,(#11889,#11890),.UNSPECIFIED.,
  .F.,.F.,(2,2),(0.,1.007335975944),.PIECEWISE_BEZIER_KNOTS.);
#11889 = CARTESIAN_POINT('',(18.645937470871,-1.972692533663,10.));
#11890 = CARTESIAN_POINT('',(18.724972140638,-0.968461838352,10.));
#11891 = ORIENTED_EDGE('',*,*,#11892,.F.);
#11892 = EDGE_CURVE('',#11893,#11886,#11895,.T.);
#11893 = VERTEX_POINT('',#11894);
#11894 = CARTESIAN_POINT('',(18.724972140638,-0.968461838352,0.));
#11895 = LINE('',#11896,#11897);
#11896 = CARTESIAN_POINT('',(18.724972140638,-0.968461838352,0.));
#11897 = VECTOR('',#11898,1.);
#11898 = DIRECTION('',(0.,0.,1.));
#11899 = ORIENTED_EDGE('',*,*,#11900,.F.);
#11900 = EDGE_CURVE('',#11863,#11893,#11901,.T.);
#11901 = B_SPLINE_CURVE_WITH_KNOTS('',1,(#11902,#11903),.UNSPECIFIED.,
  .F.,.F.,(2,2),(0.,1.007335975944),.PIECEWISE_BEZIER_KNOTS.);
#11902 = CARTESIAN_POINT('',(18.645937470871,-1.972692533663,0.));
#11903 = CARTESIAN_POINT('',(18.724972140638,-0.968461838352,0.));
#11904 = SURFACE_OF_LINEAR_EXTRUSION('',#11905,#11908);
#11905 = B_SPLINE_CURVE_WITH_KNOTS('',1,(#11906,#11907),.UNSPECIFIED.,
  .F.,.F.,(2,2),(0.,1.007335975944),.PIECEWISE_BEZIER_KNOTS.);
#11906 = CARTESIAN_POINT('',(18.645937470871,-1.972692533663,0.));
#11907 = CARTESIAN_POINT('',(18.724972140638,-0.968461838352,0.));
#11908 = VECTOR('',#11909,1.);
#11909 = DIRECTION('',(-0.,-0.,-1.));
#11910 = ADVANCED_FACE('',(#11911),#11934,.F.);
#11911 = FACE_BOUND('',#11912,.F.);
#11912 = EDGE_LOOP('',(#11913,#11914,#11921,#11929));
#11913 = ORIENTED_EDGE('',*,*,#11892,.T.);
#11914 = ORIENTED_EDGE('',*,*,#11915,.T.);
#11915 = EDGE_CURVE('',#11886,#11916,#11918,.T.);
#11916 = VERTEX_POINT('',#11917);
#11917 = CARTESIAN_POINT('',(18.768766021311,-0.970726872546,10.));
#11918 = B_SPLINE_CURVE_WITH_KNOTS('',1,(#11919,#11920),.UNSPECIFIED.,
  .F.,.F.,(2,2),(0.,4.385241571817E-02),.PIECEWISE_BEZIER_KNOTS.);
#11919 = CARTESIAN_POINT('',(18.724972140638,-0.968461838352,10.));
#11920 = CARTESIAN_POINT('',(18.768766021311,-0.970726872546,10.));
#11921 = ORIENTED_EDGE('',*,*,#11922,.F.);
#11922 = EDGE_CURVE('',#11923,#11916,#11925,.T.);
#11923 = VERTEX_POINT('',#11924);
#11924 = CARTESIAN_POINT('',(18.768766021311,-0.970726872546,0.));
#11925 = LINE('',#11926,#11927);
#11926 = CARTESIAN_POINT('',(18.768766021311,-0.970726872546,0.));
#11927 = VECTOR('',#11928,1.);
#11928 = DIRECTION('',(0.,0.,1.));
#11929 = ORIENTED_EDGE('',*,*,#11930,.F.);
#11930 = EDGE_CURVE('',#11893,#11923,#11931,.T.);
#11931 = B_SPLINE_CURVE_WITH_KNOTS('',1,(#11932,#11933),.UNSPECIFIED.,
  .F.,.F.,(2,2),(0.,4.385241571817E-02),.PIECEWISE_BEZIER_KNOTS.);
#11932 = CARTESIAN_POINT('',(18.724972140638,-0.968461838352,0.));
#11933 = CARTESIAN_POINT('',(18.768766021311,-0.970726872546,0.));
#11934 = SURFACE_OF_LINEAR_EXTRUSION('',#11935,#11938);
#11935 = B_SPLINE_CURVE_WITH_KNOTS('',1,(#11936,#11937),.UNSPECIFIED.,
  .F.,.F.,(2,2),(0.,4.385241571817E-02),.PIECEWISE_BEZIER_KNOTS.);
#11936 = CARTESIAN_POINT('',(18.724972140638,-0.968461838352,0.));
#11937 = CARTESIAN_POINT('',(18.768766021311,-0.970726872546,0.));
#11938 = VECTOR('',#11939,1.);
#11939 = DIRECTION('',(-0.,-0.,-1.));
#11940 = ADVANCED_FACE('',(#11941),#11995,.F.);
#11941 = FACE_BOUND('',#11942,.F.);
#11942 = EDGE_LOOP('',(#11943,#11944,#11969,#11970));
#11943 = ORIENTED_EDGE('',*,*,#11922,.T.);
#11944 = ORIENTED_EDGE('',*,*,#11945,.T.);
#11945 = EDGE_CURVE('',#11916,#24,#11946,.T.);
#11946 = B_SPLINE_CURVE_WITH_KNOTS('',3,(#11947,#11948,#11949,#11950,
    #11951,#11952,#11953,#11954,#11955,#11956,#11957,#11958,#11959,
    #11960,#11961,#11962,#11963,#11964,#11965,#11966,#11967,#11968),
  .UNSPECIFIED.,.F.,.F.,(4,1,1,1,1,1,1,1,1,1,1,1,1,1,1,1,1,1,1,4),(0.,
    6.469775801205E-03,2.587893822125E-02,5.822752025674E-02,
    0.103515526622,0.161742958887,0.232909817767,0.317016103646,
    0.414061816756,0.524046957245,0.646971525216,0.782835520741,
    0.931638943874,1.093381794658,1.268064073122,1.455685779293,
    1.656246913191,1.869747474833,2.096187464232,2.335566881401),
  .UNSPECIFIED.);
#11947 = CARTESIAN_POINT('',(18.768766021311,-0.970726872546,10.));
#11948 = CARTESIAN_POINT('',(18.770920938474,-0.970815658493,10.));
#11949 = CARTESIAN_POINT('',(18.779542259141,-0.971109558432,10.));
#11950 = CARTESIAN_POINT('',(18.7989543008,-0.971243985509,10.));
#11951 = CARTESIAN_POINT('',(18.831301169953,-0.970729199254,10.));
#11952 = CARTESIAN_POINT('',(18.876554712221,-0.968820557046,10.));
#11953 = CARTESIAN_POINT('',(18.934654622101,-0.964875952638,10.));
#11954 = CARTESIAN_POINT('',(19.005516578522,-0.9582068687,10.));
#11955 = CARTESIAN_POINT('',(19.089028682634,-0.948147218074,10.));
#11956 = CARTESIAN_POINT('',(19.185052997041,-0.934027901138,10.));
#11957 = CARTESIAN_POINT('',(19.293425175584,-0.915187410721,10.));
#11958 = CARTESIAN_POINT('',(19.413954822189,-0.890969440877,10.));
#11959 = CARTESIAN_POINT('',(19.546425641572,-0.860724917049,10.));
#11960 = CARTESIAN_POINT('',(19.69059569895,-0.82381254802,10.));
#11961 = CARTESIAN_POINT('',(19.846197684415,-0.779599834172,10.));
#11962 = CARTESIAN_POINT('',(20.012939213276,-0.727463945774,10.));
#11963 = CARTESIAN_POINT('',(20.190503159396,-0.666792513309,10.));
#11964 = CARTESIAN_POINT('',(20.378547991695,-0.596984907775,10.));
#11965 = CARTESIAN_POINT('',(20.576708247841,-0.517451387598,10.));
#11966 = CARTESIAN_POINT('',(20.784594589415,-0.427620946614,10.));
#11967 = CARTESIAN_POINT('',(20.925481800136,-0.36229727391,10.));
#11968 = CARTESIAN_POINT('',(20.997441147728,-0.327818925184,10.));
#11969 = ORIENTED_EDGE('',*,*,#21,.F.);
#11970 = ORIENTED_EDGE('',*,*,#11971,.F.);
#11971 = EDGE_CURVE('',#11923,#22,#11972,.T.);
#11972 = B_SPLINE_CURVE_WITH_KNOTS('',3,(#11973,#11974,#11975,#11976,
    #11977,#11978,#11979,#11980,#11981,#11982,#11983,#11984,#11985,
    #11986,#11987,#11988,#11989,#11990,#11991,#11992,#11993,#11994),
  .UNSPECIFIED.,.F.,.F.,(4,1,1,1,1,1,1,1,1,1,1,1,1,1,1,1,1,1,1,4),(0.,
    6.469775801205E-03,2.587893822125E-02,5.822752025674E-02,
    0.103515526622,0.161742958887,0.232909817767,0.317016103646,
    0.414061816756,0.524046957245,0.646971525216,0.782835520741,
    0.931638943874,1.093381794658,1.268064073122,1.455685779293,
    1.656246913191,1.869747474833,2.096187464232,2.335566881401),
  .UNSPECIFIED.);
#11973 = CARTESIAN_POINT('',(18.768766021311,-0.970726872546,0.));
#11974 = CARTESIAN_POINT('',(18.770920938474,-0.970815658493,0.));
#11975 = CARTESIAN_POINT('',(18.779542259141,-0.971109558432,0.));
#11976 = CARTESIAN_POINT('',(18.7989543008,-0.971243985509,0.));
#11977 = CARTESIAN_POINT('',(18.831301169953,-0.970729199254,0.));
#11978 = CARTESIAN_POINT('',(18.876554712221,-0.968820557046,0.));
#11979 = CARTESIAN_POINT('',(18.934654622101,-0.964875952638,0.));
#11980 = CARTESIAN_POINT('',(19.005516578522,-0.9582068687,0.));
#11981 = CARTESIAN_POINT('',(19.089028682634,-0.948147218074,0.));
#11982 = CARTESIAN_POINT('',(19.185052997041,-0.934027901138,0.));
#11983 = CARTESIAN_POINT('',(19.293425175584,-0.915187410721,0.));
#11984 = CARTESIAN_POINT('',(19.413954822189,-0.890969440877,0.));
#11985 = CARTESIAN_POINT('',(19.546425641572,-0.860724917049,0.));
#11986 = CARTESIAN_POINT('',(19.69059569895,-0.82381254802,0.));
#11987 = CARTESIAN_POINT('',(19.846197684415,-0.779599834172,0.));
#11988 = CARTESIAN_POINT('',(20.012939213276,-0.727463945774,0.));
#11989 = CARTESIAN_POINT('',(20.190503159396,-0.666792513309,0.));
#11990 = CARTESIAN_POINT('',(20.378547991695,-0.596984907775,0.));
#11991 = CARTESIAN_POINT('',(20.576708247841,-0.517451387598,0.));
#11992 = CARTESIAN_POINT('',(20.784594589415,-0.427620946614,0.));
#11993 = CARTESIAN_POINT('',(20.925481800136,-0.36229727391,0.));
#11994 = CARTESIAN_POINT('',(20.997441147728,-0.327818925184,0.));
#11995 = SURFACE_OF_LINEAR_EXTRUSION('',#11996,#12019);
#11996 = B_SPLINE_CURVE_WITH_KNOTS('',3,(#11997,#11998,#11999,#12000,
    #12001,#12002,#12003,#12004,#12005,#12006,#12007,#12008,#12009,
    #12010,#12011,#12012,#12013,#12014,#12015,#12016,#12017,#12018),
  .UNSPECIFIED.,.F.,.F.,(4,1,1,1,1,1,1,1,1,1,1,1,1,1,1,1,1,1,1,4),(0.,
    6.469775801205E-03,2.587893822125E-02,5.822752025674E-02,
    0.103515526622,0.161742958887,0.232909817767,0.317016103646,
    0.414061816756,0.524046957245,0.646971525216,0.782835520741,
    0.931638943874,1.093381794658,1.268064073122,1.455685779293,
    1.656246913191,1.869747474833,2.096187464232,2.335566881401),
  .UNSPECIFIED.);
#11997 = CARTESIAN_POINT('',(18.768766021311,-0.970726872546,0.));
#11998 = CARTESIAN_POINT('',(18.770920938474,-0.970815658493,0.));
#11999 = CARTESIAN_POINT('',(18.779542259141,-0.971109558432,0.));
#12000 = CARTESIAN_POINT('',(18.7989543008,-0.971243985509,0.));
#12001 = CARTESIAN_POINT('',(18.831301169953,-0.970729199254,0.));
#12002 = CARTESIAN_POINT('',(18.876554712221,-0.968820557046,0.));
#12003 = CARTESIAN_POINT('',(18.934654622101,-0.964875952638,0.));
#12004 = CARTESIAN_POINT('',(19.005516578522,-0.9582068687,0.));
#12005 = CARTESIAN_POINT('',(19.089028682634,-0.948147218074,0.));
#12006 = CARTESIAN_POINT('',(19.185052997041,-0.934027901138,0.));
#12007 = CARTESIAN_POINT('',(19.293425175584,-0.915187410721,0.));
#12008 = CARTESIAN_POINT('',(19.413954822189,-0.890969440877,0.));
#12009 = CARTESIAN_POINT('',(19.546425641572,-0.860724917049,0.));
#12010 = CARTESIAN_POINT('',(19.69059569895,-0.82381254802,0.));
#12011 = CARTESIAN_POINT('',(19.846197684415,-0.779599834172,0.));
#12012 = CARTESIAN_POINT('',(20.012939213276,-0.727463945774,0.));
#12013 = CARTESIAN_POINT('',(20.190503159396,-0.666792513309,0.));
#12014 = CARTESIAN_POINT('',(20.378547991695,-0.596984907775,0.));
#12015 = CARTESIAN_POINT('',(20.576708247841,-0.517451387598,0.));
#12016 = CARTESIAN_POINT('',(20.784594589415,-0.427620946614,0.));
#12017 = CARTESIAN_POINT('',(20.925481800136,-0.36229727391,0.));
#12018 = CARTESIAN_POINT('',(20.997441147728,-0.327818925184,0.));
#12019 = VECTOR('',#12020,1.);
#12020 = DIRECTION('',(-0.,-0.,-1.));
#12021 = ADVANCED_FACE('',(#12022),#12264,.F.);
#12022 = FACE_BOUND('',#12023,.F.);
#12023 = EDGE_LOOP('',(#12024,#12025,#12026,#12027,#12028,#12029,#12030,
    #12031,#12032,#12033,#12034,#12035,#12036,#12037,#12038,#12039,
    #12040,#12041,#12042,#12043,#12044,#12045,#12046,#12047,#12048,
    #12049,#12050,#12051,#12052,#12053,#12054,#12055,#12056,#12057,
    #12058,#12059,#12060,#12061,#12062,#12063,#12064,#12065,#12066,
    #12067,#12068,#12069,#12070,#12071,#12072,#12073,#12074,#12075,
    #12076,#12077,#12078,#12079,#12080,#12081,#12082,#12083,#12084,
    #12085,#12086,#12087,#12088,#12089,#12090,#12091,#12092,#12093,
    #12094,#12095,#12096,#12097,#12098,#12099,#12100,#12101,#12102,
    #12103,#12104,#12105,#12106,#12107,#12108,#12109,#12110,#12111,
    #12112,#12113,#12114,#12115,#12116,#12117,#12118,#12119,#12120,
    #12121,#12122,#12123,#12124,#12125,#12126,#12127,#12128,#12129,
    #12130,#12131,#12132,#12133,#12134,#12135,#12136,#12137,#12138,
    #12139,#12140,#12141,#12142,#12143,#12144,#12145,#12146,#12147,
    #12148,#12149,#12150,#12151,#12152,#12153,#12154,#12155,#12156,
    #12157,#12158,#12159,#12160,#12161,#12162,#12163,#12164,#12165,
    #12166,#12167,#12168,#12169,#12170,#12171,#12172,#12173,#12174,
    #12175,#12176,#12177,#12178,#12179,#12180,#12181,#12182,#12183,
    #12184,#12185,#12186,#12187,#12188,#12189,#12190,#12191,#12192,
    #12193,#12194,#12195,#12196,#12197,#12198,#12199,#12200,#12201,
    #12202,#12203,#12204,#12205,#12206,#12207,#12208,#12209,#12210,
    #12211,#12212,#12213,#12214,#12215,#12216,#12217,#12218,#12219,
    #12220,#12221,#12222,#12223,#12224,#12225,#12226,#12227,#12228,
    #12229,#12230,#12231,#12232,#12233,#12234,#12235,#12236,#12237,
    #12238,#12239,#12240,#12241,#12242,#12243,#12244,#12245,#12246,
    #12247,#12248,#12249,#12250,#12251,#12252,#12253,#12254,#12255,
    #12256,#12257,#12258,#12259,#12260,#12261,#12262,#12263));
#12024 = ORIENTED_EDGE('',*,*,#47,.T.);
#12025 = ORIENTED_EDGE('',*,*,#97,.T.);
#12026 = ORIENTED_EDGE('',*,*,#168,.T.);
#12027 = ORIENTED_EDGE('',*,*,#199,.T.);
#12028 = ORIENTED_EDGE('',*,*,#230,.T.);
#12029 = ORIENTED_EDGE('',*,*,#280,.T.);
#12030 = ORIENTED_EDGE('',*,*,#350,.T.);
#12031 = ORIENTED_EDGE('',*,*,#400,.T.);
#12032 = ORIENTED_EDGE('',*,*,#470,.T.);
#12033 = ORIENTED_EDGE('',*,*,#500,.T.);
#12034 = ORIENTED_EDGE('',*,*,#530,.T.);
#12035 = ORIENTED_EDGE('',*,*,#580,.T.);
#12036 = ORIENTED_EDGE('',*,*,#650,.T.);
#12037 = ORIENTED_EDGE('',*,*,#700,.T.);
#12038 = ORIENTED_EDGE('',*,*,#770,.T.);
#12039 = ORIENTED_EDGE('',*,*,#800,.T.);
#12040 = ORIENTED_EDGE('',*,*,#830,.T.);
#12041 = ORIENTED_EDGE('',*,*,#880,.T.);
#12042 = ORIENTED_EDGE('',*,*,#950,.T.);
#12043 = ORIENTED_EDGE('',*,*,#1000,.T.);
#12044 = ORIENTED_EDGE('',*,*,#1070,.T.);
#12045 = ORIENTED_EDGE('',*,*,#1100,.T.);
#12046 = ORIENTED_EDGE('',*,*,#1130,.T.);
#12047 = ORIENTED_EDGE('',*,*,#1180,.T.);
#12048 = ORIENTED_EDGE('',*,*,#1250,.T.);
#12049 = ORIENTED_EDGE('',*,*,#1300,.T.);
#12050 = ORIENTED_EDGE('',*,*,#1370,.T.);
#12051 = ORIENTED_EDGE('',*,*,#1400,.T.);
#12052 = ORIENTED_EDGE('',*,*,#1430,.T.);
#12053 = ORIENTED_EDGE('',*,*,#1480,.T.);
#12054 = ORIENTED_EDGE('',*,*,#1550,.T.);
#12055 = ORIENTED_EDGE('',*,*,#1600,.T.);
#12056 = ORIENTED_EDGE('',*,*,#1670,.T.);
#12057 = ORIENTED_EDGE('',*,*,#1700,.T.);
#12058 = ORIENTED_EDGE('',*,*,#1730,.T.);
#12059 = ORIENTED_EDGE('',*,*,#1780,.T.);
#12060 = ORIENTED_EDGE('',*,*,#1850,.T.);
#12061 = ORIENTED_EDGE('',*,*,#1900,.T.);
#12062 = ORIENTED_EDGE('',*,*,#1970,.T.);
#12063 = ORIENTED_EDGE('',*,*,#2000,.T.);
#12064 = ORIENTED_EDGE('',*,*,#2030,.T.);
#12065 = ORIENTED_EDGE('',*,*,#2080,.T.);
#12066 = ORIENTED_EDGE('',*,*,#2150,.T.);
#12067 = ORIENTED_EDGE('',*,*,#2200,.T.);
#12068 = ORIENTED_EDGE('',*,*,#2270,.T.);
#12069 = ORIENTED_EDGE('',*,*,#2300,.T.);
#12070 = ORIENTED_EDGE('',*,*,#2330,.T.);
#12071 = ORIENTED_EDGE('',*,*,#2380,.T.);
#12072 = ORIENTED_EDGE('',*,*,#2450,.T.);
#12073 = ORIENTED_EDGE('',*,*,#2500,.T.);
#12074 = ORIENTED_EDGE('',*,*,#2570,.T.);
#12075 = ORIENTED_EDGE('',*,*,#2600,.T.);
#12076 = ORIENTED_EDGE('',*,*,#2630,.T.);
#12077 = ORIENTED_EDGE('',*,*,#2680,.T.);
#12078 = ORIENTED_EDGE('',*,*,#2750,.T.);
#12079 = ORIENTED_EDGE('',*,*,#2800,.T.);
#12080 = ORIENTED_EDGE('',*,*,#2870,.T.);
#12081 = ORIENTED_EDGE('',*,*,#2900,.T.);
#12082 = ORIENTED_EDGE('',*,*,#2930,.T.);
#12083 = ORIENTED_EDGE('',*,*,#2980,.T.);
#12084 = ORIENTED_EDGE('',*,*,#3050,.T.);
#12085 = ORIENTED_EDGE('',*,*,#3100,.T.);
#12086 = ORIENTED_EDGE('',*,*,#3170,.T.);
#12087 = ORIENTED_EDGE('',*,*,#3200,.T.);
#12088 = ORIENTED_EDGE('',*,*,#3230,.T.);
#12089 = ORIENTED_EDGE('',*,*,#3280,.T.);
#12090 = ORIENTED_EDGE('',*,*,#3350,.T.);
#12091 = ORIENTED_EDGE('',*,*,#3400,.T.);
#12092 = ORIENTED_EDGE('',*,*,#3470,.T.);
#12093 = ORIENTED_EDGE('',*,*,#3500,.T.);
#12094 = ORIENTED_EDGE('',*,*,#3530,.T.);
#12095 = ORIENTED_EDGE('',*,*,#3580,.T.);
#12096 = ORIENTED_EDGE('',*,*,#3650,.T.);
#12097 = ORIENTED_EDGE('',*,*,#3700,.T.);
#12098 = ORIENTED_EDGE('',*,*,#3770,.T.);
#12099 = ORIENTED_EDGE('',*,*,#3800,.T.);
#12100 = ORIENTED_EDGE('',*,*,#3830,.T.);
#12101 = ORIENTED_EDGE('',*,*,#3880,.T.);
#12102 = ORIENTED_EDGE('',*,*,#3950,.T.);
#12103 = ORIENTED_EDGE('',*,*,#4000,.T.);
#12104 = ORIENTED_EDGE('',*,*,#4070,.T.);
#12105 = ORIENTED_EDGE('',*,*,#4100,.T.);
#12106 = ORIENTED_EDGE('',*,*,#4130,.T.);
#12107 = ORIENTED_EDGE('',*,*,#4180,.T.);
#12108 = ORIENTED_EDGE('',*,*,#4250,.T.);
#12109 = ORIENTED_EDGE('',*,*,#4300,.T.);
#12110 = ORIENTED_EDGE('',*,*,#4370,.T.);
#12111 = ORIENTED_EDGE('',*,*,#4400,.T.);
#12112 = ORIENTED_EDGE('',*,*,#4430,.T.);
#12113 = ORIENTED_EDGE('',*,*,#4480,.T.);
#12114 = ORIENTED_EDGE('',*,*,#4550,.T.);
#12115 = ORIENTED_EDGE('',*,*,#4600,.T.);
#12116 = ORIENTED_EDGE('',*,*,#4670,.T.);
#12117 = ORIENTED_EDGE('',*,*,#4700,.T.);
#12118 = ORIENTED_EDGE('',*,*,#4730,.T.);
#12119 = ORIENTED_EDGE('',*,*,#4780,.T.);
#12120 = ORIENTED_EDGE('',*,*,#4850,.T.);
#12121 = ORIENTED_EDGE('',*,*,#4900,.T.);
#12122 = ORIENTED_EDGE('',*,*,#4970,.T.);
#12123 = ORIENTED_EDGE('',*,*,#5000,.T.);
#12124 = ORIENTED_EDGE('',*,*,#5030,.T.);
#12125 = ORIENTED_EDGE('',*,*,#5080,.T.);
#12126 = ORIENTED_EDGE('',*,*,#5150,.T.);
#12127 = ORIENTED_EDGE('',*,*,#5200,.T.);
#12128 = ORIENTED_EDGE('',*,*,#5270,.T.);
#12129 = ORIENTED_EDGE('',*,*,#5300,.T.);
#12130 = ORIENTED_EDGE('',*,*,#5330,.T.);
#12131 = ORIENTED_EDGE('',*,*,#5380,.T.);
#12132 = ORIENTED_EDGE('',*,*,#5450,.T.);
#12133 = ORIENTED_EDGE('',*,*,#5500,.T.);
#12134 = ORIENTED_EDGE('',*,*,#5570,.T.);
#12135 = ORIENTED_EDGE('',*,*,#5600,.T.);
#12136 = ORIENTED_EDGE('',*,*,#5630,.T.);
#12137 = ORIENTED_EDGE('',*,*,#5680,.T.);
#12138 = ORIENTED_EDGE('',*,*,#5750,.T.);
#12139 = ORIENTED_EDGE('',*,*,#5800,.T.);
#12140 = ORIENTED_EDGE('',*,*,#5870,.T.);
#12141 = ORIENTED_EDGE('',*,*,#5900,.T.);
#12142 = ORIENTED_EDGE('',*,*,#5930,.T.);
#12143 = ORIENTED_EDGE('',*,*,#5980,.T.);
#12144 = ORIENTED_EDGE('',*,*,#6050,.T.);
#12145 = ORIENTED_EDGE('',*,*,#6100,.T.);
#12146 = ORIENTED_EDGE('',*,*,#6170,.T.);
#12147 = ORIENTED_EDGE('',*,*,#6200,.T.);
#12148 = ORIENTED_EDGE('',*,*,#6230,.T.);
#12149 = ORIENTED_EDGE('',*,*,#6280,.T.);
#12150 = ORIENTED_EDGE('',*,*,#6350,.T.);
#12151 = ORIENTED_EDGE('',*,*,#6400,.T.);
#12152 = ORIENTED_EDGE('',*,*,#6470,.T.);
#12153 = ORIENTED_EDGE('',*,*,#6500,.T.);
#12154 = ORIENTED_EDGE('',*,*,#6530,.T.);
#12155 = ORIENTED_EDGE('',*,*,#6580,.T.);
#12156 = ORIENTED_EDGE('',*,*,#6650,.T.);
#12157 = ORIENTED_EDGE('',*,*,#6700,.T.);
#12158 = ORIENTED_EDGE('',*,*,#6770,.T.);
#12159 = ORIENTED_EDGE('',*,*,#6800,.T.);
#12160 = ORIENTED_EDGE('',*,*,#6830,.T.);
#12161 = ORIENTED_EDGE('',*,*,#6880,.T.);
#12162 = ORIENTED_EDGE('',*,*,#6950,.T.);
#12163 = ORIENTED_EDGE('',*,*,#7000,.T.);
#12164 = ORIENTED_EDGE('',*,*,#7070,.T.);
#12165 = ORIENTED_EDGE('',*,*,#7100,.T.);
#12166 = ORIENTED_EDGE('',*,*,#7130,.T.);
#12167 = ORIENTED_EDGE('',*,*,#7180,.T.);
#12168 = ORIENTED_EDGE('',*,*,#7250,.T.);
#12169 = ORIENTED_EDGE('',*,*,#7300,.T.);
#12170 = ORIENTED_EDGE('',*,*,#7370,.T.);
#12171 = ORIENTED_EDGE('',*,*,#7400,.T.);
#12172 = ORIENTED_EDGE('',*,*,#7430,.T.);
#12173 = ORIENTED_EDGE('',*,*,#7480,.T.);
#12174 = ORIENTED_EDGE('',*,*,#7550,.T.);
#12175 = ORIENTED_EDGE('',*,*,#7600,.T.);
#12176 = ORIENTED_EDGE('',*,*,#7670,.T.);
#12177 = ORIENTED_EDGE('',*,*,#7700,.T.);
#12178 = ORIENTED_EDGE('',*,*,#7730,.T.);
#12179 = ORIENTED_EDGE('',*,*,#7780,.T.);
#12180 = ORIENTED_EDGE('',*,*,#7850,.T.);
#12181 = ORIENTED_EDGE('',*,*,#7900,.T.);
#12182 = ORIENTED_EDGE('',*,*,#7970,.T.);
#12183 = ORIENTED_EDGE('',*,*,#8000,.T.);
#12184 = ORIENTED_EDGE('',*,*,#8030,.T.);
#12185 = ORIENTED_EDGE('',*,*,#8080,.T.);
#12186 = ORIENTED_EDGE('',*,*,#8150,.T.);
#12187 = ORIENTED_EDGE('',*,*,#8200,.T.);
#12188 = ORIENTED_EDGE('',*,*,#8270,.T.);
#12189 = ORIENTED_EDGE('',*,*,#8300,.T.);
#12190 = ORIENTED_EDGE('',*,*,#8330,.T.);
#12191 = ORIENTED_EDGE('',*,*,#8380,.T.);
#12192 = ORIENTED_EDGE('',*,*,#8450,.T.);
#12193 = ORIENTED_EDGE('',*,*,#8500,.T.);
#12194 = ORIENTED_EDGE('',*,*,#8570,.T.);
#12195 = ORIENTED_EDGE('',*,*,#8600,.T.);
#12196 = ORIENTED_EDGE('',*,*,#8630,.T.);
#12197 = ORIENTED_EDGE('',*,*,#8680,.T.);
#12198 = ORIENTED_EDGE('',*,*,#8750,.T.);
#12199 = ORIENTED_EDGE('',*,*,#8800,.T.);
#12200 = ORIENTED_EDGE('',*,*,#8870,.T.);
#12201 = ORIENTED_EDGE('',*,*,#8900,.T.);
#12202 = ORIENTED_EDGE('',*,*,#8930,.T.);
#12203 = ORIENTED_EDGE('',*,*,#8980,.T.);
#12204 = ORIENTED_EDGE('',*,*,#9050,.T.);
#12205 = ORIENTED_EDGE('',*,*,#9100,.T.);
#12206 = ORIENTED_EDGE('',*,*,#9170,.T.);
#12207 = ORIENTED_EDGE('',*,*,#9200,.T.);
#12208 = ORIENTED_EDGE('',*,*,#9230,.T.);
#12209 = ORIENTED_EDGE('',*,*,#9280,.T.);
#12210 = ORIENTED_EDGE('',*,*,#9350,.T.);
#12211 = ORIENTED_EDGE('',*,*,#9400,.T.);
#12212 = ORIENTED_EDGE('',*,*,#9470,.T.);
#12213 = ORIENTED_EDGE('',*,*,#9500,.T.);
#12214 = ORIENTED_EDGE('',*,*,#9530,.T.);
#12215 = ORIENTED_EDGE('',*,*,#9580,.T.);
#12216 = ORIENTED_EDGE('',*,*,#9650,.T.);
#12217 = ORIENTED_EDGE('',*,*,#9700,.T.);
#12218 = ORIENTED_EDGE('',*,*,#9770,.T.);
#12219 = ORIENTED_EDGE('',*,*,#9800,.T.);
#12220 = ORIENTED_EDGE('',*,*,#9830,.T.);
#12221 = ORIENTED_EDGE('',*,*,#9880,.T.);
#12222 = ORIENTED_EDGE('',*,*,#9950,.T.);
#12223 = ORIENTED_EDGE('',*,*,#10000,.T.);
#12224 = ORIENTED_EDGE('',*,*,#10070,.T.);
#12225 = ORIENTED_EDGE('',*,*,#10100,.T.);
#12226 = ORIENTED_EDGE('',*,*,#10130,.T.);
#12227 = ORIENTED_EDGE('',*,*,#10180,.T.);
#12228 = ORIENTED_EDGE('',*,*,#10250,.T.);
#12229 = ORIENTED_EDGE('',*,*,#10300,.T.);
#12230 = ORIENTED_EDGE('',*,*,#10370,.T.);
#12231 = ORIENTED_EDGE('',*,*,#10400,.T.);
#12232 = ORIENTED_EDGE('',*,*,#10430,.T.);
#12233 = ORIENTED_EDGE('',*,*,#10480,.T.);
#12234 = ORIENTED_EDGE('',*,*,#10550,.T.);
#12235 = ORIENTED_EDGE('',*,*,#10600,.T.);
#12236 = ORIENTED_EDGE('',*,*,#10670,.T.);
#12237 = ORIENTED_EDGE('',*,*,#10700,.T.);
#12238 = ORIENTED_EDGE('',*,*,#10730,.T.);
#12239 = ORIENTED_EDGE('',*,*,#10780,.T.);
#12240 = ORIENTED_EDGE('',*,*,#10850,.T.);
#12241 = ORIENTED_EDGE('',*,*,#10900,.T.);
#12242 = ORIENTED_EDGE('',*,*,#10970,.T.);
#12243 = ORIENTED_EDGE('',*,*,#11000,.T.);
#12244 = ORIENTED_EDGE('',*,*,#11030,.T.);
#12245 = ORIENTED_EDGE('',*,*,#11080,.T.);
#12246 = ORIENTED_EDGE('',*,*,#11150,.T.);
#12247 = ORIENTED_EDGE('',*,*,#11200,.T.);
#12248 = ORIENTED_EDGE('',*,*,#11270,.T.);
#12249 = ORIENTED_EDGE('',*,*,#11300,.T.);
#12250 = ORIENTED_EDGE('',*,*,#11330,.T.);
#12251 = ORIENTED_EDGE('',*,*,#11380,.T.);
#12252 = ORIENTED_EDGE('',*,*,#11450,.T.);
#12253 = ORIENTED_EDGE('',*,*,#11500,.T.);
#12254 = ORIENTED_EDGE('',*,*,#11570,.T.);
#12255 = ORIENTED_EDGE('',*,*,#11600,.T.);
#12256 = ORIENTED_EDGE('',*,*,#11630,.T.);
#12257 = ORIENTED_EDGE('',*,*,#11680,.T.);
#12258 = ORIENTED_EDGE('',*,*,#11750,.T.);
#12259 = ORIENTED_EDGE('',*,*,#11800,.T.);
#12260 = ORIENTED_EDGE('',*,*,#11870,.T.);
#12261 = ORIENTED_EDGE('',*,*,#11900,.T.);
#12262 = ORIENTED_EDGE('',*,*,#11930,.T.);
#12263 = ORIENTED_EDGE('',*,*,#11971,.T.);
#12264 = PLANE('',#12265);
#12265 = AXIS2_PLACEMENT_3D('',#12266,#12267,#12268);
#12266 = CARTESIAN_POINT('',(1.056728550508E-15,-1.990964244682E-14,0.)
  );
#12267 = DIRECTION('',(0.,0.,1.));
#12268 = DIRECTION('',(1.,0.,-0.));
#12269 = ADVANCED_FACE('',(#12270),#12512,.T.);
#12270 = FACE_BOUND('',#12271,.T.);
#12271 = EDGE_LOOP('',(#12272,#12273,#12274,#12275,#12276,#12277,#12278,
    #12279,#12280,#12281,#12282,#12283,#12284,#12285,#12286,#12287,
    #12288,#12289,#12290,#12291,#12292,#12293,#12294,#12295,#12296,
    #12297,#12298,#12299,#12300,#12301,#12302,#12303,#12304,#12305,
    #12306,#12307,#12308,#12309,#12310,#12311,#12312,#12313,#12314,
    #12315,#12316,#12317,#12318,#12319,#12320,#12321,#12322,#12323,
    #12324,#12325,#12326,#12327,#12328,#12329,#12330,#12331,#12332,
    #12333,#12334,#12335,#12336,#12337,#12338,#12339,#12340,#12341,
    #12342,#12343,#12344,#12345,#12346,#12347,#12348,#12349,#12350,
    #12351,#12352,#12353,#12354,#12355,#12356,#12357,#12358,#12359,
    #12360,#12361,#12362,#12363,#12364,#12365,#12366,#12367,#12368,
    #12369,#12370,#12371,#12372,#12373,#12374,#12375,#12376,#12377,
    #12378,#12379,#12380,#12381,#12382,#12383,#12384,#12385,#12386,
    #12387,#12388,#12389,#12390,#12391,#12392,#12393,#12394,#12395,
    #12396,#12397,#12398,#12399,#12400,#12401,#12402,#12403,#12404,
    #12405,#12406,#12407,#12408,#12409,#12410,#12411,#12412,#12413,
    #12414,#12415,#12416,#12417,#12418,#12419,#12420,#12421,#12422,
    #12423,#12424,#12425,#12426,#12427,#12428,#12429,#12430,#12431,
    #12432,#12433,#12434,#12435,#12436,#12437,#12438,#12439,#12440,
    #12441,#12442,#12443,#12444,#12445,#12446,#12447,#12448,#12449,
    #12450,#12451,#12452,#12453,#12454,#12455,#12456,#12457,#12458,
    #12459,#12460,#12461,#12462,#12463,#12464,#12465,#12466,#12467,
    #12468,#12469,#12470,#12471,#12472,#12473,#12474,#12475,#12476,
    #12477,#12478,#12479,#12480,#12481,#12482,#12483,#12484,#12485,
    #12486,#12487,#12488,#12489,#12490,#12491,#12492,#12493,#12494,
    #12495,#12496,#12497,#12498,#12499,#12500,#12501,#12502,#12503,
    #12504,#12505,#12506,#12507,#12508,#12509,#12510,#12511));
#12272 = ORIENTED_EDGE('',*,*,#31,.T.);
#12273 = ORIENTED_EDGE('',*,*,#62,.T.);
#12274 = ORIENTED_EDGE('',*,*,#152,.T.);
#12275 = ORIENTED_EDGE('',*,*,#183,.T.);
#12276 = ORIENTED_EDGE('',*,*,#214,.T.);
#12277 = ORIENTED_EDGE('',*,*,#245,.T.);
#12278 = ORIENTED_EDGE('',*,*,#335,.T.);
#12279 = ORIENTED_EDGE('',*,*,#365,.T.);
#12280 = ORIENTED_EDGE('',*,*,#455,.T.);
#12281 = ORIENTED_EDGE('',*,*,#485,.T.);
#12282 = ORIENTED_EDGE('',*,*,#515,.T.);
#12283 = ORIENTED_EDGE('',*,*,#545,.T.);
#12284 = ORIENTED_EDGE('',*,*,#635,.T.);
#12285 = ORIENTED_EDGE('',*,*,#665,.T.);
#12286 = ORIENTED_EDGE('',*,*,#755,.T.);
#12287 = ORIENTED_EDGE('',*,*,#785,.T.);
#12288 = ORIENTED_EDGE('',*,*,#815,.T.);
#12289 = ORIENTED_EDGE('',*,*,#845,.T.);
#12290 = ORIENTED_EDGE('',*,*,#935,.T.);
#12291 = ORIENTED_EDGE('',*,*,#965,.T.);
#12292 = ORIENTED_EDGE('',*,*,#1055,.T.);
#12293 = ORIENTED_EDGE('',*,*,#1085,.T.);
#12294 = ORIENTED_EDGE('',*,*,#1115,.T.);
#12295 = ORIENTED_EDGE('',*,*,#1145,.T.);
#12296 = ORIENTED_EDGE('',*,*,#1235,.T.);
#12297 = ORIENTED_EDGE('',*,*,#1265,.T.);
#12298 = ORIENTED_EDGE('',*,*,#1355,.T.);
#12299 = ORIENTED_EDGE('',*,*,#1385,.T.);
#12300 = ORIENTED_EDGE('',*,*,#1415,.T.);
#12301 = ORIENTED_EDGE('',*,*,#1445,.T.);
#12302 = ORIENTED_EDGE('',*,*,#1535,.T.);
#12303 = ORIENTED_EDGE('',*,*,#1565,.T.);
#12304 = ORIENTED_EDGE('',*,*,#1655,.T.);
#12305 = ORIENTED_EDGE('',*,*,#1685,.T.);
#12306 = ORIENTED_EDGE('',*,*,#1715,.T.);
#12307 = ORIENTED_EDGE('',*,*,#1745,.T.);
#12308 = ORIENTED_EDGE('',*,*,#1835,.T.);
#12309 = ORIENTED_EDGE('',*,*,#1865,.T.);
#12310 = ORIENTED_EDGE('',*,*,#1955,.T.);
#12311 = ORIENTED_EDGE('',*,*,#1985,.T.);
#12312 = ORIENTED_EDGE('',*,*,#2015,.T.);
#12313 = ORIENTED_EDGE('',*,*,#2045,.T.);
#12314 = ORIENTED_EDGE('',*,*,#2135,.T.);
#12315 = ORIENTED_EDGE('',*,*,#2165,.T.);
#12316 = ORIENTED_EDGE('',*,*,#2255,.T.);
#12317 = ORIENTED_EDGE('',*,*,#2285,.T.);
#12318 = ORIENTED_EDGE('',*,*,#2315,.T.);
#12319 = ORIENTED_EDGE('',*,*,#2345,.T.);
#12320 = ORIENTED_EDGE('',*,*,#2435,.T.);
#12321 = ORIENTED_EDGE('',*,*,#2465,.T.);
#12322 = ORIENTED_EDGE('',*,*,#2555,.T.);
#12323 = ORIENTED_EDGE('',*,*,#2585,.T.);
#12324 = ORIENTED_EDGE('',*,*,#2615,.T.);
#12325 = ORIENTED_EDGE('',*,*,#2645,.T.);
#12326 = ORIENTED_EDGE('',*,*,#2735,.T.);
#12327 = ORIENTED_EDGE('',*,*,#2765,.T.);
#12328 = ORIENTED_EDGE('',*,*,#2855,.T.);
#12329 = ORIENTED_EDGE('',*,*,#2885,.T.);
#12330 = ORIENTED_EDGE('',*,*,#2915,.T.);
#12331 = ORIENTED_EDGE('',*,*,#2945,.T.);
#12332 = ORIENTED_EDGE('',*,*,#3035,.T.);
#12333 = ORIENTED_EDGE('',*,*,#3065,.T.);
#12334 = ORIENTED_EDGE('',*,*,#3155,.T.);
#12335 = ORIENTED_EDGE('',*,*,#3185,.T.);
#12336 = ORIENTED_EDGE('',*,*,#3215,.T.);
#12337 = ORIENTED_EDGE('',*,*,#3245,.T.);
#12338 = ORIENTED_EDGE('',*,*,#3335,.T.);
#12339 = ORIENTED_EDGE('',*,*,#3365,.T.);
#12340 = ORIENTED_EDGE('',*,*,#3455,.T.);
#12341 = ORIENTED_EDGE('',*,*,#3485,.T.);
#12342 = ORIENTED_EDGE('',*,*,#3515,.T.);
#12343 = ORIENTED_EDGE('',*,*,#3545,.T.);
#12344 = ORIENTED_EDGE('',*,*,#3635,.T.);
#12345 = ORIENTED_EDGE('',*,*,#3665,.T.);
#12346 = ORIENTED_EDGE('',*,*,#3755,.T.);
#12347 = ORIENTED_EDGE('',*,*,#3785,.T.);
#12348 = ORIENTED_EDGE('',*,*,#3815,.T.);
#12349 = ORIENTED_EDGE('',*,*,#3845,.T.);
#12350 = ORIENTED_EDGE('',*,*,#3935,.T.);
#12351 = ORIENTED_EDGE('',*,*,#3965,.T.);
#12352 = ORIENTED_EDGE('',*,*,#4055,.T.);
#12353 = ORIENTED_EDGE('',*,*,#4085,.T.);
#12354 = ORIENTED_EDGE('',*,*,#4115,.T.);
#12355 = ORIENTED_EDGE('',*,*,#4145,.T.);
#12356 = ORIENTED_EDGE('',*,*,#4235,.T.);
#12357 = ORIENTED_EDGE('',*,*,#4265,.T.);
#12358 = ORIENTED_EDGE('',*,*,#4355,.T.);
#12359 = ORIENTED_EDGE('',*,*,#4385,.T.);
#12360 = ORIENTED_EDGE('',*,*,#4415,.T.);
#12361 = ORIENTED_EDGE('',*,*,#4445,.T.);
#12362 = ORIENTED_EDGE('',*,*,#4535,.T.);
#12363 = ORIENTED_EDGE('',*,*,#4565,.T.);
#12364 = ORIENTED_EDGE('',*,*,#4655,.T.);
#12365 = ORIENTED_EDGE('',*,*,#4685,.T.);
#12366 = ORIENTED_EDGE('',*,*,#4715,.T.);
#12367 = ORIENTED_EDGE('',*,*,#4745,.T.);
#12368 = ORIENTED_EDGE('',*,*,#4835,.T.);
#12369 = ORIENTED_EDGE('',*,*,#4865,.T.);
#12370 = ORIENTED_EDGE('',*,*,#4955,.T.);
#12371 = ORIENTED_EDGE('',*,*,#4985,.T.);
#12372 = ORIENTED_EDGE('',*,*,#5015,.T.);
#12373 = ORIENTED_EDGE('',*,*,#5045,.T.);
#12374 = ORIENTED_EDGE('',*,*,#5135,.T.);
#12375 = ORIENTED_EDGE('',*,*,#5165,.T.);
#12376 = ORIENTED_EDGE('',*,*,#5255,.T.);
#12377 = ORIENTED_EDGE('',*,*,#5285,.T.);
#12378 = ORIENTED_EDGE('',*,*,#5315,.T.);
#12379 = ORIENTED_EDGE('',*,*,#5345,.T.);
#12380 = ORIENTED_EDGE('',*,*,#5435,.T.);
#12381 = ORIENTED_EDGE('',*,*,#5465,.T.);
#12382 = ORIENTED_EDGE('',*,*,#5555,.T.);
#12383 = ORIENTED_EDGE('',*,*,#5585,.T.);
#12384 = ORIENTED_EDGE('',*,*,#5615,.T.);
#12385 = ORIENTED_EDGE('',*,*,#5645,.T.);
#12386 = ORIENTED_EDGE('',*,*,#5735,.T.);
#12387 = ORIENTED_EDGE('',*,*,#5765,.T.);
#12388 = ORIENTED_EDGE('',*,*,#5855,.T.);
#12389 = ORIENTED_EDGE('',*,*,#5885,.T.);
#12390 = ORIENTED_EDGE('',*,*,#5915,.T.);
#12391 = ORIENTED_EDGE('',*,*,#5945,.T.);
#12392 = ORIENTED_EDGE('',*,*,#6035,.T.);
#12393 = ORIENTED_EDGE('',*,*,#6065,.T.);
#12394 = ORIENTED_EDGE('',*,*,#6155,.T.);
#12395 = ORIENTED_EDGE('',*,*,#6185,.T.);
#12396 = ORIENTED_EDGE('',*,*,#6215,.T.);
#12397 = ORIENTED_EDGE('',*,*,#6245,.T.);
#12398 = ORIENTED_EDGE('',*,*,#6335,.T.);
#12399 = ORIENTED_EDGE('',*,*,#6365,.T.);
#12400 = ORIENTED_EDGE('',*,*,#6455,.T.);
#12401 = ORIENTED_EDGE('',*,*,#6485,.T.);
#12402 = ORIENTED_EDGE('',*,*,#6515,.T.);
#12403 = ORIENTED_EDGE('',*,*,#6545,.T.);
#12404 = ORIENTED_EDGE('',*,*,#6635,.T.);
#12405 = ORIENTED_EDGE('',*,*,#6665,.T.);
#12406 = ORIENTED_EDGE('',*,*,#6755,.T.);
#12407 = ORIENTED_EDGE('',*,*,#6785,.T.);
#12408 = ORIENTED_EDGE('',*,*,#6815,.T.);
#12409 = ORIENTED_EDGE('',*,*,#6845,.T.);
#12410 = ORIENTED_EDGE('',*,*,#6935,.T.);
#12411 = ORIENTED_EDGE('',*,*,#6965,.T.);
#12412 = ORIENTED_EDGE('',*,*,#7055,.T.);
#12413 = ORIENTED_EDGE('',*,*,#7085,.T.);
#12414 = ORIENTED_EDGE('',*,*,#7115,.T.);
#12415 = ORIENTED_EDGE('',*,*,#7145,.T.);
#12416 = ORIENTED_EDGE('',*,*,#7235,.T.);
#12417 = ORIENTED_EDGE('',*,*,#7265,.T.);
#12418 = ORIENTED_EDGE('',*,*,#7355,.T.);
#12419 = ORIENTED_EDGE('',*,*,#7385,.T.);
#12420 = ORIENTED_EDGE('',*,*,#7415,.T.);
#12421 = ORIENTED_EDGE('',*,*,#7445,.T.);
#12422 = ORIENTED_EDGE('',*,*,#7535,.T.);
#12423 = ORIENTED_EDGE('',*,*,#7565,.T.);
#12424 = ORIENTED_EDGE('',*,*,#7655,.T.);
#12425 = ORIENTED_EDGE('',*,*,#7685,.T.);
#12426 = ORIENTED_EDGE('',*,*,#7715,.T.);
#12427 = ORIENTED_EDGE('',*,*,#7745,.T.);
#12428 = ORIENTED_EDGE('',*,*,#7835,.T.);
#12429 = ORIENTED_EDGE('',*,*,#7865,.T.);
#12430 = ORIENTED_EDGE('',*,*,#7955,.T.);
#12431 = ORIENTED_EDGE('',*,*,#7985,.T.);
#12432 = ORIENTED_EDGE('',*,*,#8015,.T.);
#12433 = ORIENTED_EDGE('',*,*,#8045,.T.);
#12434 = ORIENTED_EDGE('',*,*,#8135,.T.);
#12435 = ORIENTED_EDGE('',*,*,#8165,.T.);
#12436 = ORIENTED_EDGE('',*,*,#8255,.T.);
#12437 = ORIENTED_EDGE('',*,*,#8285,.T.);
#12438 = ORIENTED_EDGE('',*,*,#8315,.T.);
#12439 = ORIENTED_EDGE('',*,*,#8345,.T.);
#12440 = ORIENTED_EDGE('',*,*,#8435,.T.);
#12441 = ORIENTED_EDGE('',*,*,#8465,.T.);
#12442 = ORIENTED_EDGE('',*,*,#8555,.T.);
#12443 = ORIENTED_EDGE('',*,*,#8585,.T.);
#12444 = ORIENTED_EDGE('',*,*,#8615,.T.);
#12445 = ORIENTED_EDGE('',*,*,#8645,.T.);
#12446 = ORIENTED_EDGE('',*,*,#8735,.T.);
#12447 = ORIENTED_EDGE('',*,*,#8765,.T.);
#12448 = ORIENTED_EDGE('',*,*,#8855,.T.);
#12449 = ORIENTED_EDGE('',*,*,#8885,.T.);
#12450 = ORIENTED_EDGE('',*,*,#8915,.T.);
#12451 = ORIENTED_EDGE('',*,*,#8945,.T.);
#12452 = ORIENTED_EDGE('',*,*,#9035,.T.);
#12453 = ORIENTED_EDGE('',*,*,#9065,.T.);
#12454 = ORIENTED_EDGE('',*,*,#9155,.T.);
#12455 = ORIENTED_EDGE('',*,*,#9185,.T.);
#12456 = ORIENTED_EDGE('',*,*,#9215,.T.);
#12457 = ORIENTED_EDGE('',*,*,#9245,.T.);
#12458 = ORIENTED_EDGE('',*,*,#9335,.T.);
#12459 = ORIENTED_EDGE('',*,*,#9365,.T.);
#12460 = ORIENTED_EDGE('',*,*,#9455,.T.);
#12461 = ORIENTED_EDGE('',*,*,#9485,.T.);
#12462 = ORIENTED_EDGE('',*,*,#9515,.T.);
#12463 = ORIENTED_EDGE('',*,*,#9545,.T.);
#12464 = ORIENTED_EDGE('',*,*,#9635,.T.);
#12465 = ORIENTED_EDGE('',*,*,#9665,.T.);
#12466 = ORIENTED_EDGE('',*,*,#9755,.T.);
#12467 = ORIENTED_EDGE('',*,*,#9785,.T.);
#12468 = ORIENTED_EDGE('',*,*,#9815,.T.);
#12469 = ORIENTED_EDGE('',*,*,#9845,.T.);
#12470 = ORIENTED_EDGE('',*,*,#9935,.T.);
#12471 = ORIENTED_EDGE('',*,*,#9965,.T.);
#12472 = ORIENTED_EDGE('',*,*,#10055,.T.);
#12473 = ORIENTED_EDGE('',*,*,#10085,.T.);
#12474 = ORIENTED_EDGE('',*,*,#10115,.T.);
#12475 = ORIENTED_EDGE('',*,*,#10145,.T.);
#12476 = ORIENTED_EDGE('',*,*,#10235,.T.);
#12477 = ORIENTED_EDGE('',*,*,#10265,.T.);
#12478 = ORIENTED_EDGE('',*,*,#10355,.T.);
#12479 = ORIENTED_EDGE('',*,*,#10385,.T.);
#12480 = ORIENTED_EDGE('',*,*,#10415,.T.);
#12481 = ORIENTED_EDGE('',*,*,#10445,.T.);
#12482 = ORIENTED_EDGE('',*,*,#10535,.T.);
#12483 = ORIENTED_EDGE('',*,*,#10565,.T.);
#12484 = ORIENTED_EDGE('',*,*,#10655,.T.);
#12485 = ORIENTED_EDGE('',*,*,#10685,.T.);
#12486 = ORIENTED_EDGE('',*,*,#10715,.T.);
#12487 = ORIENTED_EDGE('',*,*,#10745,.T.);
#12488 = ORIENTED_EDGE('',*,*,#10835,.T.);
#12489 = ORIENTED_EDGE('',*,*,#10865,.T.);
#12490 = ORIENTED_EDGE('',*,*,#10955,.T.);
#12491 = ORIENTED_EDGE('',*,*,#10985,.T.);
#12492 = ORIENTED_EDGE('',*,*,#11015,.T.);
#12493 = ORIENTED_EDGE('',*,*,#11045,.T.);
#12494 = ORIENTED_EDGE('',*,*,#11135,.T.);
#12495 = ORIENTED_EDGE('',*,*,#11165,.T.);
#12496 = ORIENTED_EDGE('',*,*,#11255,.T.);
#12497 = ORIENTED_EDGE('',*,*,#11285,.T.);
#12498 = ORIENTED_EDGE('',*,*,#11315,.T.);
#12499 = ORIENTED_EDGE('',*,*,#11345,.T.);
#12500 = ORIENTED_EDGE('',*,*,#11435,.T.);
#12501 = ORIENTED_EDGE('',*,*,#11465,.T.);
#12502 = ORIENTED_EDGE('',*,*,#11555,.T.);
#12503 = ORIENTED_EDGE('',*,*,#11585,.T.);
#12504 = ORIENTED_EDGE('',*,*,#11615,.T.);
#12505 = ORIENTED_EDGE('',*,*,#11645,.T.);
#12506 = ORIENTED_EDGE('',*,*,#11735,.T.);
#12507 = ORIENTED_EDGE('',*,*,#11765,.T.);
#12508 = ORIENTED_EDGE('',*,*,#11855,.T.);
#12509 = ORIENTED_EDGE('',*,*,#11885,.T.);
#12510 = ORIENTED_EDGE('',*,*,#11915,.T.);
#12511 = ORIENTED_EDGE('',*,*,#11945,.T.);
#12512 = PLANE('',#12513);
#12513 = AXIS2_PLACEMENT_3D('',#12514,#12515,#12516);
#12514 = CARTESIAN_POINT('',(1.056728550508E-15,-1.990964244682E-14,10.)
  );
#12515 = DIRECTION('',(0.,0.,1.));
#12516 = DIRECTION('',(1.,0.,-0.));
#12517 = ( GEOMETRIC_REPRESENTATION_CONTEXT(3) 
GLOBAL_UNCERTAINTY_ASSIGNED_CONTEXT((#12521)) 
GLOBAL_UNIT_ASSIGNED_CONTEXT((#12518,#12519,#12520)) 
REPRESENTATION_CONTEXT('Context #1',
  '3D Context with UNIT and UNCERTAINTY') );
#12518 = ( LENGTH_UNIT() NAMED_UNIT(*) SI_UNIT(.MILLI.,.METRE.) );
#12519 = ( NAMED_UNIT(*) PLANE_ANGLE_UNIT() SI_UNIT($,.RADIAN.) );
#12520 = ( NAMED_UNIT(*) SI_UNIT($,.STERADIAN.) SOLID_ANGLE_UNIT() );
#12521 = UNCERTAINTY_MEASURE_WITH_UNIT(LENGTH_MEASURE(1.E-07),#12518,
  'distance_accuracy_value','confusion accuracy');
#12522 = PRODUCT_RELATED_PRODUCT_CATEGORY('part',$,(#7));
#12523 = MECHANICAL_DESIGN_GEOMETRIC_PRESENTATION_REPRESENTATION('',(
    #12524),#12517);
#12524 = STYLED_ITEM('color',(#12525),#15);
#12525 = PRESENTATION_STYLE_ASSIGNMENT((#12526,#12532));
#12526 = SURFACE_STYLE_USAGE(.BOTH.,#12527);
#12527 = SURFACE_SIDE_STYLE('',(#12528));
#12528 = SURFACE_STYLE_FILL_AREA(#12529);
#12529 = FILL_AREA_STYLE('',(#12530));
#12530 = FILL_AREA_STYLE_COLOUR('',#12531);
#12531 = COLOUR_RGB('',0.447059003357,0.474510015008,0.501960993452);
#12532 = CURVE_STYLE('',#12533,POSITIVE_LENGTH_MEASURE(0.1),#12534);
#12533 = DRAUGHTING_PRE_DEFINED_CURVE_FONT('continuous');
#12534 = COLOUR_RGB('',9.803921802644E-02,9.803921802644E-02,
  9.803921802644E-02);
ENDSEC;
END-ISO-10303-21;
